0 verbose cli /usr/local/bin/node /usr/local/bin/npm
1 info using npm@10.5.0
2 info using node@v20.12.2
3 timing npm:load:whichnode Completed in 1ms
4 timing config:load:defaults Completed in 1ms
5 timing config:load:file:/usr/local/lib/node_modules/npm/npmrc Completed in 1ms
6 timing config:load:builtin Completed in 1ms
7 timing config:load:cli Completed in 1ms
8 timing config:load:env Completed in 1ms
9 timing config:load:project Completed in 3ms
10 timing config:load:file:/root/.npmrc Completed in 2ms
11 timing config:load:user Completed in 3ms
12 timing config:load:file:/usr/local/etc/npmrc Completed in 0ms
13 timing config:load:global Completed in 0ms
14 timing config:load:setEnvs Completed in 0ms
15 timing config:load Completed in 10ms
16 timing npm:load:configload Completed in 10ms
17 timing config:load:flatten Completed in 1ms
18 timing npm:load:mkdirpcache Completed in 2ms
19 timing npm:load:mkdirplogs Completed in 2ms
20 verbose title npm install
21 verbose argv "install"
22 timing npm:load:setTitle Completed in 0ms
23 timing npm:load:display Completed in 1ms
24 verbose logfile logs-max:10 dir:/root/.npm/_logs/2026-03-30T15_55_00_476Z-
25 verbose logfile /root/.npm/_logs/2026-03-30T15_55_00_476Z-debug-0.log
26 timing npm:load:logFile Completed in 12ms
27 timing npm:load:timers Completed in 0ms
28 timing npm:load:configScope Completed in 0ms
29 timing npm:load Completed in 38ms
30 timing arborist:ctor Completed in 0ms
31 silly logfile done cleaning log files
32 timing idealTree:init Completed in 380ms
33 timing idealTree:userRequests Completed in 0ms
34 silly idealTree buildDeps
35 timing idealTree:#root Completed in 1ms
36 timing idealTree:buildDeps Completed in 1ms
37 timing idealTree:fixDepFlags Completed in 0ms
38 timing idealTree Completed in 389ms
39 timing reify:loadTrees Completed in 403ms
40 timing reify:diffTrees Completed in 7ms
41 silly reify moves {}
42 timing reify:retireShallow Completed in 1ms
43 timing reify:createSparse Completed in 1371ms
44 timing reify:loadBundles Completed in 0ms
45 silly audit bulk request {
45 silly audit   '@aashutoshrathi/word-wrap': [ '1.2.6' ],
45 silly audit   '@ampproject/remapping': [ '2.3.0' ],
45 silly audit   '@babel/code-frame': [ '7.24.2' ],
45 silly audit   '@babel/compat-data': [ '7.24.4' ],
45 silly audit   '@babel/core': [ '7.24.4' ],
45 silly audit   semver: [ '6.3.1', '7.6.0' ],
45 silly audit   '@babel/generator': [ '7.24.4' ],
45 silly audit   '@babel/helper-compilation-targets': [ '7.23.6' ],
45 silly audit   '@babel/helper-environment-visitor': [ '7.22.20' ],
45 silly audit   '@babel/helper-function-name': [ '7.23.0' ],
45 silly audit   '@babel/helper-hoist-variables': [ '7.22.5' ],
45 silly audit   '@babel/helper-module-imports': [ '7.24.3' ],
45 silly audit   '@babel/helper-module-transforms': [ '7.23.3' ],
45 silly audit   '@babel/helper-plugin-utils': [ '7.24.0' ],
45 silly audit   '@babel/helper-simple-access': [ '7.22.5' ],
45 silly audit   '@babel/helper-split-export-declaration': [ '7.22.6' ],
45 silly audit   '@babel/helper-string-parser': [ '7.24.1' ],
45 silly audit   '@babel/helper-validator-identifier': [ '7.22.20' ],
45 silly audit   '@babel/helper-validator-option': [ '7.23.5' ],
45 silly audit   '@babel/helpers': [ '7.24.4' ],
45 silly audit   '@babel/highlight': [ '7.24.2' ],
45 silly audit   'ansi-styles': [ '3.2.1', '4.3.0', '5.2.0', '6.1.0' ],
45 silly audit   chalk: [ '2.4.2', '5.0.1', '4.1.2', '5.3.0' ],
45 silly audit   'color-convert': [ '1.9.3', '2.0.1' ],
45 silly audit   'color-name': [ '1.1.3', '1.1.4' ],
45 silly audit   'has-flag': [ '3.0.0', '4.0.0' ],
45 silly audit   'supports-color': [ '5.5.0', '8.1.1', '7.2.0' ],
45 silly audit   '@babel/parser': [ '7.24.4' ],
45 silly audit   '@babel/plugin-syntax-async-generators': [ '7.8.4' ],
45 silly audit   '@babel/plugin-syntax-bigint': [ '7.8.3' ],
45 silly audit   '@babel/plugin-syntax-class-properties': [ '7.12.13' ],
45 silly audit   '@babel/plugin-syntax-import-meta': [ '7.10.4' ],
45 silly audit   '@babel/plugin-syntax-json-strings': [ '7.8.3' ],
45 silly audit   '@babel/plugin-syntax-jsx': [ '7.24.1' ],
45 silly audit   '@babel/plugin-syntax-logical-assignment-operators': [ '7.10.4' ],
45 silly audit   '@babel/plugin-syntax-nullish-coalescing-operator': [ '7.8.3' ],
45 silly audit   '@babel/plugin-syntax-numeric-separator': [ '7.10.4' ],
45 silly audit   '@babel/plugin-syntax-object-rest-spread': [ '7.8.3' ],
45 silly audit   '@babel/plugin-syntax-optional-catch-binding': [ '7.8.3' ],
45 silly audit   '@babel/plugin-syntax-optional-chaining': [ '7.8.3' ],
45 silly audit   '@babel/plugin-syntax-top-level-await': [ '7.14.5' ],
45 silly audit   '@babel/plugin-syntax-typescript': [ '7.24.1' ],
45 silly audit   '@babel/runtime': [ '7.24.4' ],
45 silly audit   '@babel/template': [ '7.24.0' ],
45 silly audit   '@babel/traverse': [ '7.24.1' ],
45 silly audit   globals: [ '11.12.0', '14.0.0', '13.24.0', '15.0.0' ],
45 silly audit   '@babel/types': [ '7.24.0' ],
45 silly audit   '@bcoe/v8-coverage': [ '0.2.3' ],
45 silly audit   '@colors/colors': [ '1.5.0' ],
45 silly audit   '@discoveryjs/json-ext': [ '0.5.7' ],
45 silly audit   '@eslint-community/eslint-utils': [ '4.4.0' ],
45 silly audit   '@eslint-community/regexpp': [ '4.10.0' ],
45 silly audit   '@eslint/eslintrc': [ '3.0.2', '2.1.4' ],
45 silly audit   '@eslint/js': [ '9.1.1', '8.57.0' ],
45 silly audit   '@fastify/accept-negotiator': [ '1.0.0' ],
45 silly audit   '@fastify/ajv-compiler': [ '3.5.0' ],
45 silly audit   ajv: [ '8.12.0', '6.12.6', '8.11.0' ],
45 silly audit   'json-schema-traverse': [ '1.0.0', '0.4.1' ],
45 silly audit   '@fastify/cookie': [ '9.3.1' ],
45 silly audit   'fastify-plugin': [ '4.5.1', '4.2.0', '2.3.4', '3.0.1' ],
45 silly audit   '@fastify/deepmerge': [ '1.3.0' ],
45 silly audit   '@fastify/error': [ '3.4.1' ],
45 silly audit   '@fastify/fast-json-stringify-compiler': [ '4.3.0' ],
45 silly audit   '@fastify/flash': [ '5.1.0' ],
45 silly audit   '@fastify/formbody': [ '7.4.0' ],
45 silly audit   '@fastify/merge-json-schemas': [ '0.1.1' ],
45 silly audit   '@fastify/secure-session': [ '7.5.1' ],
45 silly audit   '@fastify/send': [ '2.1.0' ],
45 silly audit   '@fastify/sensible': [ '5.5.0' ],
45 silly audit   '@fastify/static': [ '7.0.3' ],
45 silly audit   '@fastify/view': [ '9.0.0' ],
45 silly audit   '@gar/promisify': [ '1.1.3' ],
45 silly audit   '@humanwhocodes/config-array': [ '0.11.14' ],
45 silly audit   '@humanwhocodes/module-importer': [ '1.0.1' ],
45 silly audit   '@humanwhocodes/object-schema': [ '2.0.3' ],
45 silly audit   '@isaacs/cliui': [ '8.0.2' ],
45 silly audit   'ansi-regex': [ '6.0.1', '5.0.1' ],
45 silly audit   'emoji-regex': [ '9.2.2', '8.0.0' ],
45 silly audit   'string-width': [ '5.1.2', '4.2.3' ],
45 silly audit   'strip-ansi': [ '7.1.0', '7.0.1', '6.0.1' ],
45 silly audit   '@istanbuljs/load-nyc-config': [ '1.1.0' ],
45 silly audit   argparse: [ '1.0.10', '2.0.1' ],
45 silly audit   'find-up': [ '4.1.0', '5.0.0', '3.0.0' ],
45 silly audit   'js-yaml': [ '3.14.1', '4.1.0' ],
45 silly audit   'locate-path': [ '5.0.0', '6.0.0', '3.0.0' ],
45 silly audit   'p-limit': [ '2.3.0', '3.1.0' ],
45 silly audit   'p-locate': [ '4.1.0', '5.0.0', '3.0.0' ],
45 silly audit   '@istanbuljs/schema': [ '0.1.3' ],
45 silly audit   '@jest/console': [ '29.7.0' ],
45 silly audit   '@jest/core': [ '29.7.0' ],
45 silly audit   '@jest/environment': [ '29.7.0' ],
45 silly audit   '@jest/expect': [ '29.7.0' ],
45 silly audit   '@jest/expect-utils': [ '29.7.0' ],
45 silly audit   '@jest/fake-timers': [ '29.7.0' ],
45 silly audit   '@jest/globals': [ '29.7.0' ],
45 silly audit   '@jest/reporters': [ '29.7.0' ],
45 silly audit   glob: [ '7.2.3', '10.3.12', '8.1.0' ],
45 silly audit   '@jest/schemas': [ '29.6.3' ],
45 silly audit   '@jest/source-map': [ '29.6.3' ],
45 silly audit   '@jest/test-result': [ '29.7.0' ],
45 silly audit   '@jest/test-sequencer': [ '29.7.0' ],
45 silly audit   '@jest/transform': [ '29.7.0' ],
45 silly audit   '@jest/types': [ '29.6.3' ],
45 silly audit   '@jridgewell/gen-mapping': [ '0.3.5' ],
45 silly audit   '@jridgewell/resolve-uri': [ '3.1.2' ],
45 silly audit   '@jridgewell/set-array': [ '1.2.1' ],
45 silly audit   '@jridgewell/source-map': [ '0.3.6' ],
45 silly audit   '@jridgewell/sourcemap-codec': [ '1.4.15' ],
45 silly audit   '@jridgewell/trace-mapping': [ '0.3.25' ],
45 silly audit   '@lukeed/ms': [ '2.0.2' ],
45 silly audit   '@nodelib/fs.scandir': [ '2.1.5' ],
45 silly audit   '@nodelib/fs.stat': [ '2.0.5' ],
45 silly audit   '@nodelib/fs.walk': [ '1.2.8' ],
45 silly audit   '@npmcli/fs': [ '3.1.0', '2.1.2', '1.1.1' ],
45 silly audit   '@npmcli/git': [ '4.1.0' ],
45 silly audit   'lru-cache': [ '7.18.3', '5.1.1', '10.2.0', '6.0.0' ],
45 silly audit   which: [ '3.0.1', '2.0.2' ],
45 silly audit   '@npmcli/installed-package-contents': [ '2.0.2' ],
45 silly audit   '@npmcli/move-file': [ '2.0.1', '1.1.2' ],
45 silly audit   '@npmcli/node-gyp': [ '3.0.0' ],
45 silly audit   '@npmcli/promise-spawn': [ '6.0.2' ],
45 silly audit   '@npmcli/run-script': [ '6.0.2' ],
45 silly audit   '@one-ini/wasm': [ '0.1.1' ],
45 silly audit   '@pkgjs/parseargs': [ '0.11.0' ],
45 silly audit   '@pnpm/network.ca-file': [ '1.0.1' ],
45 silly audit   '@pnpm/npm-conf': [ '1.0.5' ],
45 silly audit   '@popperjs/core': [ '2.11.8' ],
45 silly audit   '@rails/ujs': [ '7.1.3-2' ],
45 silly audit   '@sigstore/bundle': [ '1.1.0' ],
45 silly audit   '@sigstore/protobuf-specs': [ '0.2.1' ],
45 silly audit   '@sigstore/sign': [ '1.0.0' ],
45 silly audit   '@sigstore/tuf': [ '1.0.3' ],
45 silly audit   '@sinclair/typebox': [ '0.27.8' ],
45 silly audit   '@sindresorhus/is': [ '5.3.0' ],
45 silly audit   '@sinonjs/commons': [ '3.0.1' ],
45 silly audit   '@sinonjs/fake-timers': [ '10.3.0' ],
45 silly audit   '@szmarczak/http-timer': [ '5.0.1' ],
45 silly audit   '@tootallnate/once': [ '2.0.0', '1.1.2' ],
45 silly audit   '@tufjs/canonical-json': [ '1.0.0' ],
45 silly audit   '@tufjs/models': [ '1.0.4' ],
45 silly audit   'brace-expansion': [ '2.0.1', '1.1.11' ],
45 silly audit   minimatch: [ '9.0.4', '9.0.1', '5.1.6', '3.1.2' ],
45 silly audit   '@types/babel__core': [ '7.20.5' ],
45 silly audit   '@types/babel__generator': [ '7.6.8' ],
45 silly audit   '@types/babel__template': [ '7.4.4' ],
45 silly audit   '@types/babel__traverse': [ '7.20.5' ],
45 silly audit   '@types/cacheable-request': [ '6.0.2' ],
45 silly audit   '@types/debug': [ '4.1.12' ],
45 silly audit   '@types/eslint': [ '8.4.6' ],
45 silly audit   '@types/eslint-scope': [ '3.7.4' ],
45 silly audit   '@types/estree': [ '1.0.5' ],
45 silly audit   '@types/graceful-fs': [ '4.1.9' ],
45 silly audit   '@types/http-cache-semantics': [ '4.0.1' ],
45 silly audit   '@types/istanbul-lib-coverage': [ '2.0.6' ],
45 silly audit   '@types/istanbul-lib-report': [ '3.0.3' ],
45 silly audit   '@types/istanbul-reports': [ '3.0.4' ],
45 silly audit   '@types/jest': [ '29.5.12' ],
45 silly audit   '@types/json-schema': [ '7.0.11' ],
45 silly audit   '@types/json5': [ '0.0.29' ],
45 silly audit   '@types/keyv': [ '3.1.4' ],
45 silly audit   '@types/ms': [ '0.7.34' ],
45 silly audit   '@types/node': [ '20.12.7' ],
45 silly audit   '@types/responselike': [ '1.0.0' ],
45 silly audit   '@types/semver-utils': [ '1.1.3' ],
45 silly audit   '@types/stack-trace': [ '0.0.29' ],
45 silly audit   '@types/stack-utils': [ '2.0.3' ],
45 silly audit   '@types/validator': [ '13.11.9' ],
45 silly audit   '@types/yargs': [ '17.0.32' ],
45 silly audit   '@types/yargs-parser': [ '21.0.3' ],
45 silly audit   '@ungap/structured-clone': [ '1.2.0' ],
45 silly audit   '@vscode/sqlite3': [ '5.1.2' ],
45 silly audit   '@webassemblyjs/ast': [ '1.12.1' ],
45 silly audit   '@webassemblyjs/floating-point-hex-parser': [ '1.11.6' ],
45 silly audit   '@webassemblyjs/helper-api-error': [ '1.11.6' ],
45 silly audit   '@webassemblyjs/helper-buffer': [ '1.12.1' ],
45 silly audit   '@webassemblyjs/helper-numbers': [ '1.11.6' ],
45 silly audit   '@webassemblyjs/helper-wasm-bytecode': [ '1.11.6' ],
45 silly audit   '@webassemblyjs/helper-wasm-section': [ '1.12.1' ],
45 silly audit   '@webassemblyjs/ieee754': [ '1.11.6' ],
45 silly audit   '@webassemblyjs/leb128': [ '1.11.6' ],
45 silly audit   '@webassemblyjs/utf8': [ '1.11.6' ],
45 silly audit   '@webassemblyjs/wasm-edit': [ '1.12.1' ],
45 silly audit   '@webassemblyjs/wasm-gen': [ '1.12.1' ],
45 silly audit   '@webassemblyjs/wasm-opt': [ '1.12.1' ],
45 silly audit   '@webassemblyjs/wasm-parser': [ '1.12.1' ],
45 silly audit   '@webassemblyjs/wast-printer': [ '1.12.1' ],
45 silly audit   '@webpack-cli/configtest': [ '2.1.1' ],
45 silly audit   '@webpack-cli/info': [ '2.0.2' ],
45 silly audit   '@webpack-cli/serve': [ '2.0.5' ],
45 silly audit   '@xtuc/ieee754': [ '1.2.0' ],
45 silly audit   '@xtuc/long': [ '4.2.2' ],
45 silly audit   abbrev: [ '1.1.1', '2.0.0' ],
45 silly audit   'abort-controller': [ '3.0.0' ],
45 silly audit   'abstract-logging': [ '2.0.1' ],
45 silly audit   acorn: [ '8.11.3', '7.4.1' ],
45 silly audit   'acorn-import-assertions': [ '1.9.0' ],
45 silly audit   'acorn-jsx': [ '5.3.2' ],
45 silly audit   'agent-base': [ '6.0.2' ],
45 silly audit   agentkeepalive: [ '4.2.1' ],
45 silly audit   depd: [ '1.1.2', '2.0.0' ],
45 silly audit   'aggregate-error': [ '3.1.0' ],
45 silly audit   'ajv-formats': [ '2.1.1', '3.0.1' ],
45 silly audit   'ajv-keywords': [ '3.5.2', '5.1.0' ],
45 silly audit   'ansi-align': [ '3.0.1' ],
45 silly audit   'ansi-escapes': [ '4.3.2' ],
45 silly audit   'type-fest': [ '0.21.3', '2.19.0', '1.4.0', '0.20.2' ],
45 silly audit   anymatch: [ '3.1.2' ],
45 silly audit   aproba: [ '2.0.0' ],
45 silly audit   archy: [ '1.0.0' ],
45 silly audit   'are-we-there-yet': [ '3.0.1' ],
45 silly audit   'array-buffer-byte-length': [ '1.0.1' ],
45 silly audit   'array-includes': [ '3.1.8' ],
45 silly audit   'array-union': [ '2.1.0' ],
45 silly audit   'array.prototype.findlastindex': [ '1.2.5' ],
45 silly audit   'array.prototype.flat': [ '1.3.2' ],
45 silly audit   'array.prototype.flatmap': [ '1.3.2' ],
45 silly audit   'arraybuffer.prototype.slice': [ '1.0.3' ],
45 silly audit   asap: [ '2.0.6' ],
45 silly audit   'assert-never': [ '1.2.1' ],
45 silly audit   'at-least-node': [ '1.0.0' ],
45 silly audit   'atomic-sleep': [ '1.0.0' ],
45 silly audit   'available-typed-arrays': [ '1.0.7' ],
45 silly audit   avvio: [ '8.3.0' ],
45 silly audit   'babel-jest': [ '29.7.0' ],
45 silly audit   'babel-plugin-istanbul': [ '6.1.1' ],
45 silly audit   'istanbul-lib-instrument': [ '5.2.1', '6.0.2' ],
45 silly audit   'babel-plugin-jest-hoist': [ '29.6.3' ],
45 silly audit   'babel-preset-current-node-syntax': [ '1.0.1' ],
45 silly audit   'babel-preset-jest': [ '29.6.3' ],
45 silly audit   'babel-walk': [ '3.0.0-canary-5' ],
45 silly audit   'balanced-match': [ '1.0.2' ],
45 silly audit   'base64-js': [ '1.5.1' ],
45 silly audit   'better-sqlite3': [ '8.7.0' ],
45 silly audit   'binary-extensions': [ '2.2.0' ],
45 silly audit   bindings: [ '1.5.0' ],
45 silly audit   bl: [ '4.1.0' ],
45 silly audit   bluebird: [ '3.7.2' ],
45 silly audit   bootstrap: [ '5.3.3' ],
45 silly audit   boxen: [ '7.0.0' ],
45 silly audit   camelcase: [ '7.0.0', '5.3.1', '6.3.0' ],
45 silly audit   braces: [ '3.0.2' ],
45 silly audit   browserslist: [ '4.23.0' ],
45 silly audit   bser: [ '2.1.1' ],
45 silly audit   buffer: [ '5.7.1', '6.0.3' ],
45 silly audit   'buffer-from': [ '1.1.2' ],
45 silly audit   builtins: [ '5.1.0' ],
45 silly audit   cacache: [ '17.1.4', '16.1.3', '15.3.0' ],
45 silly audit   'fs-minipass': [ '3.0.3', '2.1.0' ],
45 silly audit   minipass: [ '7.0.4', '5.0.0', '3.3.4' ],
45 silly audit   'unique-filename': [ '3.0.0', '2.0.1', '1.1.1' ],
45 silly audit   'unique-slug': [ '4.0.0', '3.0.0', '2.0.2' ],
45 silly audit   'cacheable-lookup': [ '6.1.0' ],
45 silly audit   'cacheable-request': [ '7.0.2' ],
45 silly audit   'get-stream': [ '5.2.0', '6.0.1' ],
45 silly audit   'lowercase-keys': [ '2.0.0', '3.0.0' ],
45 silly audit   'call-bind': [ '1.0.7' ],
45 silly audit   callsites: [ '3.1.0' ],
45 silly audit   'caniuse-lite': [ '1.0.30001612' ],
45 silly audit   'char-regex': [ '1.0.2' ],
45 silly audit   'character-parser': [ '2.2.0' ],
45 silly audit   chokidar: [ '3.5.3' ],
45 silly audit   'glob-parent': [ '5.1.2', '6.0.2' ],
45 silly audit   chownr: [ '2.0.0', '1.1.4' ],
45 silly audit   'chrome-trace-event': [ '1.0.3' ],
45 silly audit   'ci-info': [ '3.3.2' ],
45 silly audit   'cjs-module-lexer': [ '1.2.3' ],
45 silly audit   'clean-stack': [ '2.2.0' ],
45 silly audit   'cli-boxes': [ '3.0.0' ],
45 silly audit   'cli-color': [ '2.0.4' ],
45 silly audit   'cli-table3': [ '0.6.4' ],
45 silly audit   cliui: [ '8.0.1', '7.0.4' ],
45 silly audit   'wrap-ansi': [ '7.0.0', '8.1.0' ],
45 silly audit   'clone-deep': [ '4.0.1' ],
45 silly audit   'clone-response': [ '1.0.3' ],
45 silly audit   'close-with-grace': [ '1.1.0' ],
45 silly audit   co: [ '4.6.0' ],
45 silly audit   'collect-v8-coverage': [ '1.0.2' ],
45 silly audit   'color-support': [ '1.1.3' ],
45 silly audit   colorette: [ '2.0.19' ],
45 silly audit   commander: [ '10.0.1', '2.20.3' ],
45 silly audit   commist: [ '3.0.0' ],
45 silly audit   'concat-map': [ '0.0.1' ],
45 silly audit   concurrently: [ '8.2.2' ],
45 silly audit   'config-chain': [ '1.1.13' ],
45 silly audit   ini: [ '1.3.8', '2.0.0', '4.1.2' ],
45 silly audit   configstore: [ '6.0.0' ],
45 silly audit   'write-file-atomic': [ '3.0.3', '4.0.2' ],
45 silly audit   'confusing-browser-globals': [ '1.0.11' ],
45 silly audit   'console-control-strings': [ '1.1.0' ],
45 silly audit   constantinople: [ '4.0.1' ],
45 silly audit   'content-disposition': [ '0.5.4' ],
45 silly audit   'convert-source-map': [ '2.0.0' ],
45 silly audit   cookie: [ '0.6.0', '0.4.2' ],
45 silly audit   'cookie-signature': [ '1.2.1' ],
45 silly audit   'create-jest': [ '29.7.0' ],
45 silly audit   'cross-spawn': [ '7.0.3' ],
45 silly audit   'crypto-random-string': [ '4.0.0' ],
45 silly audit   'css-loader': [ '7.1.1' ],
45 silly audit   cssesc: [ '3.0.0' ],
45 silly audit   d: [ '1.0.2' ],
45 silly audit   'data-view-buffer': [ '1.0.1' ],
45 silly audit   'data-view-byte-length': [ '1.0.1' ],
45 silly audit   'data-view-byte-offset': [ '1.0.0' ],
45 silly audit   'date-fns': [ '2.30.0' ],
45 silly audit   dateformat: [ '4.6.3' ],
45 silly audit   'db-errors': [ '0.2.3' ],
45 silly audit   debug: [ '4.3.4', '3.2.7' ],
45 silly audit   ms: [ '2.1.2', '2.1.3' ],
45 silly audit   'decompress-response': [ '6.0.0' ],
45 silly audit   'mimic-response': [ '3.1.0', '1.0.1' ],
45 silly audit   dedent: [ '1.5.3' ],
45 silly audit   'deep-extend': [ '0.6.0' ],
45 silly audit   'deep-is': [ '0.1.4' ],
45 silly audit   deepmerge: [ '4.3.1' ],
45 silly audit   'defer-to-connect': [ '2.0.1' ],
45 silly audit   'define-data-property': [ '1.1.4' ],
45 silly audit   'define-properties': [ '1.2.1' ],
45 silly audit   delegates: [ '1.0.0' ],
45 silly audit   'detect-libc': [ '2.0.3' ],
45 silly audit   'detect-newline': [ '3.1.0' ],
45 silly audit   'diff-sequences': [ '29.6.3' ],
45 silly audit   'dir-glob': [ '3.0.1' ],
45 silly audit   doctrine: [ '3.0.0', '2.1.0' ],
45 silly audit   doctypes: [ '1.1.0' ],
45 silly audit   'dot-prop': [ '6.0.1' ],
45 silly audit   dotenv: [ '16.4.5' ],
45 silly audit   dottie: [ '2.0.6' ],
45 silly audit   eastasianwidth: [ '0.2.0' ],
45 silly audit   editorconfig: [ '1.0.4' ],
45 silly audit   'electron-to-chromium': [ '1.4.746' ],
45 silly audit   emittery: [ '0.13.1' ],
45 silly audit   encoding: [ '0.1.13' ],
45 silly audit   'end-of-stream': [ '1.4.4' ],
45 silly audit   'enhanced-resolve': [ '5.16.0' ],
45 silly audit   entities: [ '3.0.1' ],
45 silly audit   'env-paths': [ '2.2.1' ],
45 silly audit   envinfo: [ '7.12.0' ],
45 silly audit   'err-code': [ '2.0.3' ],
45 silly audit   'error-ex': [ '1.3.2' ],
45 silly audit   'es-abstract': [ '1.23.3' ],
45 silly audit   'es-define-property': [ '1.0.0' ],
45 silly audit   'es-errors': [ '1.3.0' ],
45 silly audit   'es-module-lexer': [ '1.5.0' ],
45 silly audit   'es-object-atoms': [ '1.0.0' ],
45 silly audit   'es-set-tostringtag': [ '2.0.3' ],
45 silly audit   'es-shim-unscopables': [ '1.0.2' ],
45 silly audit   'es-to-primitive': [ '1.2.1' ],
45 silly audit   'es5-ext': [ '0.10.64' ],
45 silly audit   'es6-iterator': [ '2.0.3' ],
45 silly audit   'es6-symbol': [ '3.1.4' ],
45 silly audit   'es6-weak-map': [ '2.0.3' ],
45 silly audit   escalade: [ '3.1.1' ],
45 silly audit   'escape-goat': [ '4.0.0' ],
45 silly audit   'escape-html': [ '1.0.3' ],
45 silly audit   'escape-string-regexp': [ '1.0.5', '4.0.0', '2.0.0' ],
45 silly audit   eslint: [ '8.57.0' ],
45 silly audit   'eslint-config-airbnb-base': [ '15.0.0' ],
45 silly audit   'eslint-import-resolver-node': [ '0.3.9' ],
45 silly audit   'eslint-module-utils': [ '2.8.1' ],
45 silly audit   'eslint-plugin-import': [ '2.29.1' ],
45 silly audit   'eslint-scope': [ '7.2.2', '5.1.1' ],
45 silly audit   'eslint-visitor-keys': [ '3.4.3', '4.0.0' ],
45 silly audit   espree: [ '9.6.1', '10.0.1' ],
45 silly audit   esm: [ '3.2.25' ],
45 silly audit   esniff: [ '2.0.1' ],
45 silly audit   esprima: [ '4.0.1' ],
45 silly audit   esquery: [ '1.5.0' ],
45 silly audit   esrecurse: [ '4.3.0' ],
45 silly audit   estraverse: [ '5.3.0', '4.3.0' ],
45 silly audit   esutils: [ '2.0.3' ],
45 silly audit   'event-emitter': [ '0.3.5' ],
45 silly audit   'event-target-shim': [ '5.0.1' ],
45 silly audit   events: [ '3.3.0' ],
45 silly audit   execa: [ '5.1.1' ],
45 silly audit   exit: [ '0.1.2' ],
45 silly audit   'expand-template': [ '2.0.3' ],
45 silly audit   expect: [ '29.7.0' ],
45 silly audit   'exponential-backoff': [ '3.1.1' ],
45 silly audit   ext: [ '1.7.0' ],
45 silly audit   'fast-content-type-parse': [ '1.1.0' ],
45 silly audit   'fast-copy': [ '3.0.2' ],
45 silly audit   'fast-decode-uri-component': [ '1.0.1' ],
45 silly audit   'fast-deep-equal': [ '3.1.3' ],
45 silly audit   'fast-glob': [ '3.2.11' ],
45 silly audit   'fast-json-stable-stringify': [ '2.1.0' ],
45 silly audit   'fast-json-stringify': [ '5.14.1' ],
45 silly audit   'fast-levenshtein': [ '2.0.6' ],
45 silly audit   'fast-memoize': [ '2.5.2' ],
45 silly audit   'fast-querystring': [ '1.0.0' ],
45 silly audit   'fast-redact': [ '3.5.0' ],
45 silly audit   'fast-safe-stringify': [ '2.1.1' ],
45 silly audit   'fast-uri': [ '2.3.0' ],
45 silly audit   'fastest-levenshtein': [ '1.0.16' ],
45 silly audit   fastify: [ '4.26.2' ],
45 silly audit   'fastify-cli': [ '6.1.1' ],
45 silly audit   'pino-pretty': [ '10.3.1', '11.0.0' ],
45 silly audit   'help-me': [ '5.0.0', '4.2.0' ],
45 silly audit   'readable-stream': [ '4.5.2', '3.6.2' ],
45 silly audit   'fastify-error-page': [ '4.0.0' ],
45 silly audit   'fastify-method-override': [ '1.5.10' ],
45 silly audit   'fastify-objectionjs': [ '2.0.1' ],
45 silly audit   knex: [ '2.5.1', '3.1.0' ],
45 silly audit   'pg-connection-string': [ '2.6.1', '2.6.2', '2.6.4' ],
45 silly audit   'fastify-reverse-routes': [ '3.0.0' ],
45 silly audit   fastq: [ '1.17.1' ],
45 silly audit   'fb-watchman': [ '2.0.2' ],
45 silly audit   'file-entry-cache': [ '6.0.1' ],
45 silly audit   'file-uri-to-path': [ '1.0.0' ],
45 silly audit   'fill-range': [ '7.0.1' ],
45 silly audit   'find-my-way': [ '8.1.0' ],
45 silly audit   'flat-cache': [ '3.2.0' ],
45 silly audit   flatted: [ '3.3.1' ],
45 silly audit   'for-each': [ '0.3.3' ],
45 silly audit   'foreground-child': [ '3.1.1' ],
45 silly audit   'signal-exit': [ '4.1.0', '3.0.7' ],
45 silly audit   'form-data-encoder': [ '2.1.0' ],
45 silly audit   forwarded: [ '0.2.0' ],
45 silly audit   'fp-and-or': [ '0.1.4' ],
45 silly audit   'fs-constants': [ '1.0.0' ],
45 silly audit   'fs-extra': [ '9.1.0' ],
45 silly audit   'fs.realpath': [ '1.0.0' ],
45 silly audit   fsevents: [ '2.3.2' ],
45 silly audit   'function-bind': [ '1.1.2' ],
45 silly audit   'function.prototype.name': [ '1.1.6' ],
45 silly audit   'functions-have-names': [ '1.2.3' ],
45 silly audit   gauge: [ '4.0.4' ],
45 silly audit   generify: [ '4.2.0' ],
45 silly audit   gensync: [ '1.0.0-beta.2' ],
45 silly audit   'get-caller-file': [ '2.0.5' ],
45 silly audit   'get-intrinsic': [ '1.2.4' ],
45 silly audit   'get-package-type': [ '0.1.0' ],
45 silly audit   'get-stdin': [ '8.0.0' ],
45 silly audit   'get-symbol-description': [ '1.0.2' ],
45 silly audit   getopts: [ '2.3.0' ],
45 silly audit   'github-from-package': [ '0.0.0' ],
45 silly audit   'glob-to-regexp': [ '0.4.1' ],
45 silly audit   'global-dirs': [ '3.0.0' ],
45 silly audit   globalthis: [ '1.0.3' ],
45 silly audit   globby: [ '11.1.0' ],
45 silly audit   gopd: [ '1.0.1' ],
45 silly audit   got: [ '12.3.1' ],
45 silly audit   'graceful-fs': [ '4.2.10', '4.2.11' ],
45 silly audit   graphemer: [ '1.4.0' ],
45 silly audit   'has-bigints': [ '1.0.2' ],
45 silly audit   'has-property-descriptors': [ '1.0.2' ],
45 silly audit   'has-proto': [ '1.0.3' ],
45 silly audit   'has-symbols': [ '1.0.3' ],
45 silly audit   'has-tostringtag': [ '1.0.2' ],
45 silly audit   'has-unicode': [ '2.0.1' ],
45 silly audit   'has-yarn': [ '3.0.0' ],
45 silly audit   hashlru: [ '2.3.0' ],
45 silly audit   hasown: [ '2.0.2' ],
45 silly audit   'hosted-git-info': [ '5.2.1', '6.1.1' ],
45 silly audit   'html-escaper': [ '2.0.2' ],
45 silly audit   'http-cache-semantics': [ '4.1.1' ],
45 silly audit   'http-errors': [ '2.0.0' ],
45 silly audit   'http-proxy-agent': [ '5.0.0', '4.0.1' ],
45 silly audit   'http2-wrapper': [ '2.1.11' ],
45 silly audit   'https-proxy-agent': [ '5.0.1' ],
45 silly audit   'human-signals': [ '2.1.0' ],
45 silly audit   'humanize-ms': [ '1.2.1' ],
45 silly audit   i18next: [ '23.11.2' ],
45 silly audit   'iconv-lite': [ '0.6.3' ],
45 silly audit   'icss-utils': [ '5.1.0' ],
45 silly audit   ieee754: [ '1.2.1' ],
45 silly audit   ignore: [ '5.2.0' ],
45 silly audit   'ignore-walk': [ '6.0.4' ],
45 silly audit   'import-fresh': [ '3.3.0' ],
45 silly audit   'resolve-from': [ '4.0.0', '5.0.0' ],
45 silly audit   'import-lazy': [ '4.0.0' ],
45 silly audit   'import-local': [ '3.1.0' ],
45 silly audit   imurmurhash: [ '0.1.4' ],
45 silly audit   'indent-string': [ '4.0.0' ],
45 silly audit   'infer-owner': [ '1.0.4' ],
45 silly audit   inflection: [ '1.13.4' ],
45 silly audit   inflight: [ '1.0.6' ],
45 silly audit   inherits: [ '2.0.4' ],
45 silly audit   'internal-slot': [ '1.0.7' ],
45 silly audit   interpret: [ '2.2.0', '3.1.1' ],
45 silly audit   ip: [ '2.0.0' ],
45 silly audit   'ipaddr.js': [ '1.9.1' ],
45 silly audit   'is-array-buffer': [ '3.0.4' ],
45 silly audit   'is-arrayish': [ '0.2.1' ],
45 silly audit   'is-bigint': [ '1.0.4' ],
45 silly audit   'is-binary-path': [ '2.1.0' ],
45 silly audit   'is-boolean-object': [ '1.1.2' ],
45 silly audit   'is-callable': [ '1.2.7' ],
45 silly audit   'is-ci': [ '3.0.1' ],
45 silly audit   'is-core-module': [ '2.13.1' ],
45 silly audit   'is-data-view': [ '1.0.1' ],
45 silly audit   'is-date-object': [ '1.0.5' ],
45 silly audit   'is-docker': [ '2.2.1' ],
45 silly audit   'is-expression': [ '4.0.0' ],
45 silly audit   'is-extglob': [ '2.1.1' ],
45 silly audit   'is-fullwidth-code-point': [ '3.0.0' ],
45 silly audit   'is-generator-fn': [ '2.1.0' ],
45 silly audit   'is-glob': [ '4.0.3' ],
45 silly audit   'is-installed-globally': [ '0.4.0' ],
45 silly audit   'is-lambda': [ '1.0.1' ],
45 silly audit   'is-negative-zero': [ '2.0.3' ],
45 silly audit   'is-npm': [ '6.0.0' ],
45 silly audit   'is-number': [ '7.0.0' ],
45 silly audit   'is-number-object': [ '1.0.7' ],
45 silly audit   'is-obj': [ '2.0.0' ],
45 silly audit   'is-path-inside': [ '3.0.3' ],
45 silly audit   'is-plain-object': [ '2.0.4' ],
45 silly audit   'is-promise': [ '2.2.2' ],
45 silly audit   'is-regex': [ '1.1.4' ],
45 silly audit   'is-shared-array-buffer': [ '1.0.3' ],
45 silly audit   'is-stream': [ '2.0.1' ],
45 silly audit   'is-string': [ '1.0.7' ],
45 silly audit   'is-symbol': [ '1.0.4' ],
45 silly audit   'is-typed-array': [ '1.1.13' ],
45 silly audit   'is-typedarray': [ '1.0.0' ],
45 silly audit   'is-weakref': [ '1.0.2' ],
45 silly audit   'is-yarn-global': [ '0.4.0' ],
45 silly audit   isarray: [ '2.0.5' ],
45 silly audit   isbinaryfile: [ '4.0.10' ],
45 silly audit   isexe: [ '2.0.0' ],
45 silly audit   isobject: [ '3.0.1' ],
45 silly audit   'istanbul-lib-coverage': [ '3.2.2' ],
45 silly audit   'istanbul-lib-report': [ '3.0.1' ],
45 silly audit   'istanbul-lib-source-maps': [ '4.0.1' ],
45 silly audit   'istanbul-reports': [ '3.1.7' ],
45 silly audit   jackspeak: [ '2.3.6' ],
45 silly audit   jest: [ '29.7.0' ],
45 silly audit   'jest-changed-files': [ '29.7.0' ],
45 silly audit   'jest-circus': [ '29.7.0' ],
45 silly audit   'jest-cli': [ '29.7.0' ],
45 silly audit   'jest-config': [ '29.7.0' ],
45 silly audit   'jest-diff': [ '29.7.0' ],
45 silly audit   'jest-docblock': [ '29.7.0' ],
45 silly audit   'jest-each': [ '29.7.0' ],
45 silly audit   'jest-environment-node': [ '29.7.0' ],
45 silly audit   'jest-get-type': [ '29.6.3' ],
45 silly audit   'jest-haste-map': [ '29.7.0' ],
45 silly audit   'jest-leak-detector': [ '29.7.0' ],
45 silly audit   'jest-matcher-utils': [ '29.7.0' ],
45 silly audit   'jest-message-util': [ '29.7.0' ],
45 silly audit   'jest-mock': [ '29.7.0' ],
45 silly audit   'jest-pnp-resolver': [ '1.2.3' ],
45 silly audit   'jest-regex-util': [ '29.6.3' ],
45 silly audit   'jest-resolve': [ '29.7.0' ],
45 silly audit   'jest-resolve-dependencies': [ '29.7.0' ],
45 silly audit   'jest-runner': [ '29.7.0' ],
45 silly audit   'jest-runtime': [ '29.7.0' ],
45 silly audit   'jest-snapshot': [ '29.7.0' ],
45 silly audit   'jest-util': [ '29.7.0' ],
45 silly audit   'jest-validate': [ '29.7.0' ],
45 silly audit   'jest-watcher': [ '29.7.0' ],
45 silly audit   'jest-worker': [ '29.7.0', '27.5.1' ],
45 silly audit   jju: [ '1.4.0' ],
45 silly audit   joycon: [ '3.1.1' ],
45 silly audit   jquery: [ '3.7.1' ],
45 silly audit   'js-beautify': [ '1.15.1' ],
45 silly audit   nopt: [ '7.2.0', '6.0.0', '5.0.0' ],
45 silly audit   'js-cookie': [ '3.0.5' ],
45 silly audit   'js-stringify': [ '1.0.2' ],
45 silly audit   'js-tokens': [ '4.0.0' ],
45 silly audit   jsesc: [ '2.5.2' ],
45 silly audit   'json-buffer': [ '3.0.1' ],
45 silly audit   'json-parse-even-better-errors': [ '2.3.1', '3.0.1' ],
45 silly audit   'json-parse-helpfulerror': [ '1.0.3' ],
45 silly audit   'json-schema-ref-resolver': [ '1.0.1' ],
45 silly audit   'json-stable-stringify-without-jsonify': [ '1.0.1' ],
45 silly audit   json5: [ '2.2.3', '1.0.2' ],
45 silly audit   jsonfile: [ '6.1.0' ],
45 silly audit   jsonlines: [ '0.1.1' ],
45 silly audit   jsonparse: [ '1.3.1' ],
45 silly audit   jstransformer: [ '1.0.0' ],
45 silly audit   'jstransformer-markdown-it': [ '3.0.0' ],
45 silly audit   keyv: [ '4.5.4' ],
45 silly audit   'kind-of': [ '6.0.3' ],
45 silly audit   kleur: [ '3.0.3', '4.1.5' ],
45 silly audit   'latest-version': [ '7.0.0' ],
45 silly audit   leven: [ '3.1.0' ],
45 silly audit   levn: [ '0.4.1' ],
45 silly audit   'light-my-request': [ '5.13.0' ],
45 silly audit   'lines-and-columns': [ '1.2.4' ],
45 silly audit   'linkify-it': [ '4.0.1' ],
45 silly audit   'loader-runner': [ '4.3.0' ],
45 silly audit   lodash: [ '4.17.21' ],
45 silly audit   'lodash.castarray': [ '4.4.0' ],
45 silly audit   'lodash.compact': [ '3.0.1' ],
45 silly audit   'lodash.isempty': [ '4.4.0' ],
45 silly audit   'lodash.merge': [ '4.6.2' ],
45 silly audit   yallist: [ '3.1.1', '4.0.0' ],
45 silly audit   'lru-queue': [ '0.1.0' ],
45 silly audit   'make-dir': [ '4.0.0' ],
45 silly audit   'make-fetch-happen': [ '11.1.1', '10.2.1', '9.1.0' ],
45 silly audit   'make-promises-safe': [ '5.1.0' ],
45 silly audit   makeerror: [ '1.0.12' ],
45 silly audit   'markdown-it': [ '13.0.2' ],
45 silly audit   mdurl: [ '1.0.1' ],
45 silly audit   'media-typer': [ '0.3.0' ],
45 silly audit   memoizee: [ '0.4.15' ],
45 silly audit   'merge-stream': [ '2.0.0' ],
45 silly audit   merge2: [ '1.4.1' ],
45 silly audit   micromatch: [ '4.0.5' ],
45 silly audit   mime: [ '3.0.0' ],
45 silly audit   'mime-db': [ '1.52.0' ],
45 silly audit   'mime-types': [ '2.1.35' ],
45 silly audit   'mimic-fn': [ '2.1.0' ],
45 silly audit   'mini-css-extract-plugin': [ '2.9.0' ],
45 silly audit   minimist: [ '1.2.6' ],
45 silly audit   'minipass-collect': [ '1.0.2' ],
45 silly audit   'minipass-fetch': [ '3.0.4', '2.1.2', '1.4.1' ],
45 silly audit   'minipass-flush': [ '1.0.5' ],
45 silly audit   'minipass-json-stream': [ '1.0.1' ],
45 silly audit   'minipass-pipeline': [ '1.2.4' ],
45 silly audit   'minipass-sized': [ '1.0.3' ],
45 silly audit   minizlib: [ '2.1.2' ],
45 silly audit   mkdirp: [ '1.0.4' ],
45 silly audit   'mkdirp-classic': [ '0.5.3' ],
45 silly audit   moment: [ '2.30.1' ],
45 silly audit   'moment-timezone': [ '0.5.45' ],
45 silly audit   mustache: [ '4.2.0' ],
45 silly audit   nanoid: [ '3.3.7' ],
45 silly audit   'napi-build-utils': [ '1.0.2' ],
45 silly audit   'natural-compare': [ '1.4.0' ],
45 silly audit   negotiator: [ '0.6.3' ],
45 silly audit   'neo-async': [ '2.6.2' ],
45 silly audit   'next-tick': [ '1.1.0' ],
45 silly audit   'node-abi': [ '3.60.0' ],
45 silly audit   'node-addon-api': [ '4.3.0', '7.1.0' ],
45 silly audit   'node-gyp': [ '9.4.1', '8.4.1' ],
45 silly audit   'node-gyp-build': [ '4.8.0' ],
45 silly audit   ssri: [ '9.0.1', '8.0.1', '10.0.5' ],
45 silly audit   'node-int64': [ '0.4.0' ],
45 silly audit   'node-releases': [ '2.0.14' ],
45 silly audit   'normalize-package-data': [ '5.0.0' ],
45 silly audit   'normalize-path': [ '3.0.0' ],
45 silly audit   'normalize-url': [ '6.1.0' ],
45 silly audit   'npm-bundled': [ '3.0.0' ],
45 silly audit   'npm-check-updates': [ '16.14.18' ],
45 silly audit   rimraf: [ '5.0.5', '3.0.2' ],
45 silly audit   'source-map-support': [ '0.5.21', '0.5.13' ],
45 silly audit   'strip-json-comments': [ '5.0.1', '2.0.1', '3.1.1' ],
45 silly audit   'npm-install-checks': [ '6.3.0' ],
45 silly audit   'npm-normalize-package-bin': [ '3.0.1' ],
45 silly audit   'npm-package-arg': [ '10.1.0' ],
45 silly audit   'npm-packlist': [ '7.0.4' ],
45 silly audit   'npm-pick-manifest': [ '8.0.2' ],
45 silly audit   'npm-registry-fetch': [ '14.0.5' ],
45 silly audit   'npm-run-path': [ '4.0.1' ],
45 silly audit   npmlog: [ '6.0.2' ],
45 silly audit   'object-assign': [ '4.1.1' ],
45 silly audit   'object-inspect': [ '1.13.1' ],
45 silly audit   'object-keys': [ '1.1.1' ],
45 silly audit   'object.assign': [ '4.1.5' ],
45 silly audit   'object.entries': [ '1.1.8' ],
45 silly audit   'object.fromentries': [ '2.0.8' ],
45 silly audit   'object.groupby': [ '1.0.3' ],
45 silly audit   'object.values': [ '1.2.0' ],
45 silly audit   objection: [ '3.1.4' ],
45 silly audit   'objection-unique': [ '1.2.2' ],
45 silly audit   'on-exit-leak-free': [ '2.1.2' ],
45 silly audit   once: [ '1.4.0' ],
45 silly audit   onetime: [ '5.1.2' ],
45 silly audit   optionator: [ '0.9.3' ],
45 silly audit   'p-cancelable': [ '3.0.0' ],
45 silly audit   'p-map': [ '4.0.0' ],
45 silly audit   'p-try': [ '2.2.0' ],
45 silly audit   'package-json': [ '8.1.0' ],
45 silly audit   pacote: [ '15.2.0' ],
45 silly audit   'parent-module': [ '1.0.1' ],
45 silly audit   'parse-github-url': [ '1.0.2' ],
45 silly audit   'parse-json': [ '5.2.0' ],
45 silly audit   'path-exists': [ '4.0.0', '3.0.0' ],
45 silly audit   'path-is-absolute': [ '1.0.1' ],
45 silly audit   'path-key': [ '3.1.1' ],
45 silly audit   'path-parse': [ '1.0.7' ],
45 silly audit   'path-scurry': [ '1.10.2' ],
45 silly audit   'path-to-regexp': [ '6.2.1' ],
45 silly audit   'path-type': [ '4.0.0' ],
45 silly audit   pg: [ '8.11.5' ],
45 silly audit   'pg-cloudflare': [ '1.1.1' ],
45 silly audit   'pg-int8': [ '1.0.1' ],
45 silly audit   'pg-pool': [ '3.6.2' ],
45 silly audit   'pg-protocol': [ '1.6.1' ],
45 silly audit   'pg-types': [ '2.2.0' ],
45 silly audit   pgpass: [ '1.0.5' ],
45 silly audit   split2: [ '4.2.0', '3.2.2' ],
45 silly audit   picocolors: [ '1.0.0' ],
45 silly audit   picomatch: [ '2.3.1' ],
45 silly audit   pino: [ '8.20.0' ],
45 silly audit   'pino-abstract-transport': [ '1.2.0' ],
45 silly audit   'pino-std-serializers': [ '6.2.2' ],
45 silly audit   pirates: [ '4.0.6' ],
45 silly audit   'pkg-dir': [ '4.2.0' ],
45 silly audit   'pkg-up': [ '3.1.0' ],
45 silly audit   'possible-typed-array-names': [ '1.0.0' ],
45 silly audit   postcss: [ '8.4.38' ],
45 silly audit   'postcss-modules-extract-imports': [ '3.1.0' ],
45 silly audit   'postcss-modules-local-by-default': [ '4.0.5' ],
45 silly audit   'postcss-modules-scope': [ '3.2.0' ],
45 silly audit   'postcss-modules-values': [ '4.0.0' ],
45 silly audit   'postcss-selector-parser': [ '6.0.16' ],
45 silly audit   'postcss-value-parser': [ '4.2.0' ],
45 silly audit   'postgres-array': [ '2.0.0' ],
45 silly audit   'postgres-bytea': [ '1.0.0' ],
45 silly audit   'postgres-date': [ '1.0.7' ],
45 silly audit   'postgres-interval': [ '1.2.0' ],
45 silly audit   'prebuild-install': [ '7.1.2' ],
45 silly audit   'prelude-ls': [ '1.2.1' ],
45 silly audit   'pretty-format': [ '29.7.0' ],
45 silly audit   'proc-log': [ '3.0.0' ],
45 silly audit   process: [ '0.11.10' ],
45 silly audit   'process-warning': [ '3.0.0' ],
45 silly audit   progress: [ '2.0.3' ],
45 silly audit   promise: [ '7.3.1' ],
45 silly audit   'promise-inflight': [ '1.0.1' ],
45 silly audit   'promise-retry': [ '2.0.1' ],
45 silly audit   prompts: [ '2.4.2' ],
45 silly audit   'prompts-ncu': [ '3.0.0' ],
45 silly audit   'proto-list': [ '1.2.4' ],
45 silly audit   'proxy-addr': [ '2.0.7' ],
45 silly audit   pug: [ '3.0.2' ],
45 silly audit   'pug-attrs': [ '3.0.0' ],
45 silly audit   'pug-code-gen': [ '3.0.2' ],
45 silly audit   'pug-error': [ '2.0.0' ],
45 silly audit   'pug-filters': [ '4.0.0' ],
45 silly audit   'pug-lexer': [ '5.0.1' ],
45 silly audit   'pug-linker': [ '4.0.0' ],
45 silly audit   'pug-load': [ '3.0.0' ],
45 silly audit   'pug-parser': [ '6.0.0' ],
45 silly audit   'pug-runtime': [ '3.0.1' ],
45 silly audit   'pug-strip-comments': [ '2.0.0' ],
45 silly audit   'pug-walk': [ '2.0.0' ],
45 silly audit   pump: [ '3.0.0' ],
45 silly audit   punycode: [ '2.1.1' ],
45 silly audit   pupa: [ '3.1.0' ],
45 silly audit   'pure-rand': [ '6.1.0' ],
45 silly audit   qs: [ '6.12.1' ],
45 silly audit   'queue-microtask': [ '1.2.3' ],
45 silly audit   'quick-format-unescaped': [ '4.0.4' ],
45 silly audit   'quick-lru': [ '5.1.1' ],
45 silly audit   randombytes: [ '2.1.0' ],
45 silly audit   rc: [ '1.2.8' ],
45 silly audit   'rc-config-loader': [ '4.1.3' ],
45 silly audit   'react-is': [ '18.2.0' ],
45 silly audit   'read-package-json': [ '6.0.4' ],
45 silly audit   'read-package-json-fast': [ '3.0.2' ],
45 silly audit   readdirp: [ '3.6.0' ],
45 silly audit   'real-require': [ '0.2.0' ],
45 silly audit   rechoir: [ '0.8.0' ],
45 silly audit   'regenerator-runtime': [ '0.14.1' ],
45 silly audit   'regexp.prototype.flags': [ '1.5.2' ],
45 silly audit   'registry-auth-token': [ '5.0.1' ],
45 silly audit   'registry-url': [ '6.0.1' ],
45 silly audit   'remote-git-tags': [ '3.0.0' ],
45 silly audit   'require-directory': [ '2.1.1' ],
45 silly audit   'require-from-string': [ '2.0.2' ],
45 silly audit   resolve: [ '1.22.8' ],
45 silly audit   'resolve-alpn': [ '1.2.1' ],
45 silly audit   'resolve-cwd': [ '3.0.0' ],
45 silly audit   'resolve.exports': [ '2.0.2' ],
45 silly audit   responselike: [ '2.0.1' ],
45 silly audit   ret: [ '0.2.2' ],
45 silly audit   retry: [ '0.12.0' ],
45 silly audit   'retry-as-promised': [ '7.0.4' ],
45 silly audit   reusify: [ '1.0.4' ],
45 silly audit   rfdc: [ '1.3.1' ],
45 silly audit   'run-parallel': [ '1.2.0' ],
45 silly audit   rxjs: [ '7.8.1' ],
45 silly audit   'safe-array-concat': [ '1.1.2' ],
45 silly audit   'safe-buffer': [ '5.2.1' ],
45 silly audit   'safe-regex-test': [ '1.0.3' ],
45 silly audit   'safe-regex2': [ '2.0.0' ],
45 silly audit   'safe-stable-stringify': [ '2.4.3' ],
45 silly audit   'safer-buffer': [ '2.1.2' ],
45 silly audit   'schema-utils': [ '4.0.0', '3.3.0' ],
45 silly audit   'secure-json-parse': [ '2.7.0' ],
45 silly audit   'semver-diff': [ '4.0.0' ],
45 silly audit   'semver-utils': [ '1.1.4' ],
45 silly audit   sequelize: [ '6.37.3' ],
45 silly audit   'sequelize-cli': [ '6.6.2' ],
45 silly audit   yargs: [ '16.2.0', '17.7.2' ],
45 silly audit   'yargs-parser': [ '20.2.9', '21.1.1' ],
45 silly audit   'sequelize-pool': [ '7.1.0' ],
45 silly audit   'serialize-javascript': [ '6.0.2' ],
45 silly audit   'set-blocking': [ '2.0.0' ],
45 silly audit   'set-cookie-parser': [ '2.6.0' ],
45 silly audit   'set-function-length': [ '1.2.2' ],
45 silly audit   'set-function-name': [ '2.0.2' ],
45 silly audit   setprototypeof: [ '1.2.0' ],
45 silly audit   'shallow-clone': [ '3.0.1' ],
45 silly audit   'shebang-command': [ '2.0.0' ],
45 silly audit   'shebang-regex': [ '3.0.0' ],
45 silly audit   'shell-quote': [ '1.8.1' ],
45 silly audit   'side-channel': [ '1.0.6' ],
45 silly audit   sigstore: [ '1.9.0' ],
45 silly audit   'simple-concat': [ '1.0.1' ],
45 silly audit   'simple-get': [ '4.0.1' ],
45 silly audit   sisteransi: [ '1.0.5' ],
45 silly audit   slash: [ '3.0.0' ],
45 silly audit   'smart-buffer': [ '4.2.0' ],
45 silly audit   socks: [ '2.7.0' ],
45 silly audit   'socks-proxy-agent': [ '7.0.0', '6.2.1' ],
45 silly audit   'sodium-native': [ '4.1.1' ],
45 silly audit   'sonic-boom': [ '3.8.1' ],
45 silly audit   'source-map': [ '0.6.1' ],
45 silly audit   'source-map-js': [ '1.2.0' ],
45 silly audit   'spawn-command': [ '0.0.2' ],
45 silly audit   'spawn-please': [ '2.0.2' ],
45 silly audit   'spdx-correct': [ '3.2.0' ],
45 silly audit   'spdx-exceptions': [ '2.5.0' ],
45 silly audit   'spdx-expression-parse': [ '3.0.1' ],
45 silly audit   'spdx-license-ids': [ '3.0.17' ],
45 silly audit   'sprintf-js': [ '1.0.3' ],
45 silly audit   sqlite3: [ '5.1.7' ],
45 silly audit   'stack-trace': [ '0.0.10' ],
45 silly audit   'stack-utils': [ '2.0.6' ],
45 silly audit   statuses: [ '2.0.1' ],
45 silly audit   string_decoder: [ '1.3.0' ],
45 silly audit   'string-length': [ '4.0.2' ],
45 silly audit   'string.prototype.trim': [ '1.2.9' ],
45 silly audit   'string.prototype.trimend': [ '1.0.8' ],
45 silly audit   'string.prototype.trimstart': [ '1.0.8' ],
45 silly audit   'strip-bom': [ '4.0.0', '3.0.0' ],
45 silly audit   'strip-final-newline': [ '2.0.0' ],
45 silly audit   'style-loader': [ '4.0.0' ],
45 silly audit   'supports-preserve-symlinks-flag': [ '1.0.0' ],
45 silly audit   tapable: [ '2.2.1' ],
45 silly audit   tar: [ '6.1.11' ],
45 silly audit   'tar-fs': [ '2.1.1' ],
45 silly audit   'tar-stream': [ '2.2.0' ],
45 silly audit   tarn: [ '3.0.2' ],
45 silly audit   terser: [ '5.30.4' ],
45 silly audit   'terser-webpack-plugin': [ '5.3.10' ],
45 silly audit   'test-exclude': [ '6.0.0' ],
45 silly audit   'text-table': [ '0.2.0' ],
45 silly audit   'thread-stream': [ '2.6.0' ],
45 silly audit   tildify: [ '2.0.0' ],
45 silly audit   'timers-ext': [ '0.1.7' ],
45 silly audit   tmpl: [ '1.0.5' ],
45 silly audit   'to-fast-properties': [ '2.0.0' ],
45 silly audit   'to-regex-range': [ '5.0.1' ],
45 silly audit   'toad-cache': [ '3.7.0' ],
45 silly audit   toidentifier: [ '1.0.1' ],
45 silly audit   'token-stream': [ '1.0.0' ],
45 silly audit   'toposort-class': [ '1.0.1' ],
45 silly audit   'tree-kill': [ '1.2.2' ],
45 silly audit   'tsconfig-paths': [ '3.15.0' ],
45 silly audit   tslib: [ '2.6.2' ],
45 silly audit   'tuf-js': [ '1.1.7' ],
45 silly audit   'tunnel-agent': [ '0.6.0' ],
45 silly audit   type: [ '2.7.2' ],
45 silly audit   'type-check': [ '0.4.0' ],
45 silly audit   'type-detect': [ '4.0.8' ],
45 silly audit   'type-is': [ '1.6.18' ],
45 silly audit   'typed-array-buffer': [ '1.0.2' ],
45 silly audit   'typed-array-byte-length': [ '1.0.1' ],
45 silly audit   'typed-array-byte-offset': [ '1.0.2' ],
45 silly audit   'typed-array-length': [ '1.0.6' ],
45 silly audit   'typedarray-to-buffer': [ '3.1.5' ],
45 silly audit   'uc.micro': [ '1.0.6' ],
45 silly audit   umzug: [ '2.3.0' ],
45 silly audit   'unbox-primitive': [ '1.0.2' ],
45 silly audit   'undici-types': [ '5.26.5' ],
45 silly audit   'unique-string': [ '3.0.0' ],
45 silly audit   universalify: [ '2.0.1' ],
45 silly audit   untildify: [ '4.0.0' ],
45 silly audit   'update-browserslist-db': [ '1.0.13' ],
45 silly audit   'update-notifier': [ '6.0.2' ],
45 silly audit   'uri-js': [ '4.4.1' ],
45 silly audit   'util-deprecate': [ '1.0.2' ],
45 silly audit   uuid: [ '8.3.2' ],
45 silly audit   'v8-to-istanbul': [ '9.2.0' ],
45 silly audit   'validate-npm-package-license': [ '3.0.4' ],
45 silly audit   'validate-npm-package-name': [ '5.0.0' ],
45 silly audit   validator: [ '13.11.0' ],
45 silly audit   vary: [ '1.1.2' ],
45 silly audit   'void-elements': [ '3.1.0' ],
45 silly audit   walker: [ '1.0.8' ],
45 silly audit   watchpack: [ '2.4.1' ],
45 silly audit   webpack: [ '5.91.0' ],
45 silly audit   'webpack-cli': [ '5.1.4' ],
45 silly audit   'webpack-merge': [ '5.8.0' ],
45 silly audit   'webpack-sources': [ '3.2.3' ],
45 silly audit   'which-boxed-primitive': [ '1.0.2' ],
45 silly audit   'which-typed-array': [ '1.1.15' ],
45 silly audit   'wide-align': [ '1.1.5' ],
45 silly audit   'widest-line': [ '4.0.1' ],
45 silly audit   wildcard: [ '2.0.0' ],
45 silly audit   with: [ '7.0.2' ],
45 silly audit   wkx: [ '0.5.0' ],
45 silly audit   wrappy: [ '1.0.2' ],
45 silly audit   'xdg-basedir': [ '5.1.0' ],
45 silly audit   xtend: [ '4.0.2' ],
45 silly audit   y18n: [ '5.0.8' ],
45 silly audit   'yocto-queue': [ '0.1.0' ],
45 silly audit   youch: [ '2.2.2' ]
45 silly audit }
46 verbose reify failed optional dependency /root/node_modules/fsevents
47 silly reify mark deleted [ '/root/node_modules/fsevents' ]
48 timing reifyNode:node_modules/fsevents Completed in 139ms
49 http fetch POST 200 https://registry.npmjs.org/-/npm/v1/security/advisories/bulk 1697ms
50 timing auditReport:getReport Completed in 1706ms
51 silly audit report {
51 silly audit report   '@babel/helpers': [
51 silly audit report     {
51 silly audit report       id: 1104001,
51 silly audit report       url: 'https://github.com/advisories/GHSA-968p-4wvh-cqc8',
51 silly audit report       title: 'Babel has inefficient RegExp complexity in generated code with .replace when transpiling named capturing groups',
51 silly audit report       severity: 'moderate',
51 silly audit report       vulnerable_versions: '<7.26.10',
51 silly audit report       cwe: [Array],
51 silly audit report       cvss: [Object]
51 silly audit report     }
51 silly audit report   ],
51 silly audit report   '@babel/runtime': [
51 silly audit report     {
51 silly audit report       id: 1104000,
51 silly audit report       url: 'https://github.com/advisories/GHSA-968p-4wvh-cqc8',
51 silly audit report       title: 'Babel has inefficient RegExp complexity in generated code with .replace when transpiling named capturing groups',
51 silly audit report       severity: 'moderate',
51 silly audit report       vulnerable_versions: '<7.26.10',
51 silly audit report       cwe: [Array],
51 silly audit report       cvss: [Object]
51 silly audit report     }
51 silly audit report   ],
51 silly audit report   ajv: [
51 silly audit report     {
51 silly audit report       id: 1113714,
51 silly audit report       url: 'https://github.com/advisories/GHSA-2g4f-4pwh-qvx6',
51 silly audit report       title: 'ajv has ReDoS when using `$data` option',
51 silly audit report       severity: 'moderate',
51 silly audit report       vulnerable_versions: '<6.14.0',
51 silly audit report       cwe: [Array],
51 silly audit report       cvss: [Object]
51 silly audit report     },
51 silly audit report     {
51 silly audit report       id: 1113715,
51 silly audit report       url: 'https://github.com/advisories/GHSA-2g4f-4pwh-qvx6',
51 silly audit report       title: 'ajv has ReDoS when using `$data` option',
51 silly audit report       severity: 'moderate',
51 silly audit report       vulnerable_versions: '>=7.0.0-alpha.0 <8.18.0',
51 silly audit report       cwe: [Array],
51 silly audit report       cvss: [Object]
51 silly audit report     }
51 silly audit report   ],
51 silly audit report   'js-yaml': [
51 silly audit report     {
51 silly audit report       id: 1112714,
51 silly audit report       url: 'https://github.com/advisories/GHSA-mh29-5h37-fv8m',
51 silly audit report       title: 'js-yaml has prototype pollution in merge (<<)',
51 silly audit report       severity: 'moderate',
51 silly audit report       vulnerable_versions: '<3.14.2',
51 silly audit report       cwe: [Array],
51 silly audit report       cvss: [Object]
51 silly audit report     },
51 silly audit report     {
51 silly audit report       id: 1112715,
51 silly audit report       url: 'https://github.com/advisories/GHSA-mh29-5h37-fv8m',
51 silly audit report       title: 'js-yaml has prototype pollution in merge (<<)',
51 silly audit report       severity: 'moderate',
51 silly audit report       vulnerable_versions: '>=4.0.0 <4.1.1',
51 silly audit report       cwe: [Array],
51 silly audit report       cvss: [Object]
51 silly audit report     }
51 silly audit report   ],
51 silly audit report   glob: [
51 silly audit report     {
51 silly audit report       id: 1109842,
51 silly audit report       url: 'https://github.com/advisories/GHSA-5j98-mcp5-4vw2',
51 silly audit report       title: 'glob CLI: Command injection via -c/--cmd executes matches with shell:true',
51 silly audit report       severity: 'high',
51 silly audit report       vulnerable_versions: '>=10.2.0 <10.5.0',
51 silly audit report       cwe: [Array],
51 silly audit report       cvss: [Object]
51 silly audit report     }
51 silly audit report   ],
51 silly audit report   '@tootallnate/once': [
51 silly audit report     {
51 silly audit report       id: 1113977,
51 silly audit report       url: 'https://github.com/advisories/GHSA-vpq2-c234-7xj6',
51 silly audit report       title: '@tootallnate/once vulnerable to Incorrect Control Flow Scoping',
51 silly audit report       severity: 'low',
51 silly audit report       vulnerable_versions: '<3.0.1',
51 silly audit report       cwe: [Array],
51 silly audit report       cvss: [Object]
51 silly audit report     }
51 silly audit report   ],
51 silly audit report   'brace-expansion': [
51 silly audit report     {
51 silly audit report       id: 1105443,
51 silly audit report       url: 'https://github.com/advisories/GHSA-v6h2-p8h4-qcjw',
51 silly audit report       title: 'brace-expansion Regular Expression Denial of Service vulnerability',
51 silly audit report       severity: 'low',
51 silly audit report       vulnerable_versions: '>=1.0.0 <=1.1.11',
51 silly audit report       cwe: [Array],
51 silly audit report       cvss: [Object]
51 silly audit report     },
51 silly audit report     {
51 silly audit report       id: 1105444,
51 silly audit report       url: 'https://github.com/advisories/GHSA-v6h2-p8h4-qcjw',
51 silly audit report       title: 'brace-expansion Regular Expression Denial of Service vulnerability',
51 silly audit report       severity: 'low',
51 silly audit report       vulnerable_versions: '>=2.0.0 <=2.0.1',
51 silly audit report       cwe: [Array],
51 silly audit report       cvss: [Object]
51 silly audit report     },
51 silly audit report     {
51 silly audit report       id: 1115540,
51 silly audit report       url: 'https://github.com/advisories/GHSA-f886-m6hf-6m8v',
51 silly audit report       title: 'brace-expansion: Zero-step sequence causes process hang and memory exhaustion',
51 silly audit report       severity: 'moderate',
51 silly audit report       vulnerable_versions: '<1.1.13',
51 silly audit report       cwe: [Array],
51 silly audit report       cvss: [Object]
51 silly audit report     },
51 silly audit report     {
51 silly audit report       id: 1115541,
51 silly audit report       url: 'https://github.com/advisories/GHSA-f886-m6hf-6m8v',
51 silly audit report       title: 'brace-expansion: Zero-step sequence causes process hang and memory exhaustion',
51 silly audit report       severity: 'moderate',
51 silly audit report       vulnerable_versions: '>=2.0.0 <2.0.3',
51 silly audit report       cwe: [Array],
51 silly audit report       cvss: [Object]
51 silly audit report     }
51 silly audit report   ],
51 silly audit report   minimatch: [
51 silly audit report     {
51 silly audit report       id: 1113459,
51 silly audit report       url: 'https://github.com/advisories/GHSA-3ppc-4f35-3m26',
51 silly audit report       title: 'minimatch has a ReDoS via repeated wildcards with non-matching literal in pattern',
51 silly audit report       severity: 'high',
51 silly audit report       vulnerable_versions: '<3.1.3',
51 silly audit report       cwe: [Array],
51 silly audit report       cvss: [Object]
51 silly audit report     },
51 silly audit report     {
51 silly audit report       id: 1113461,
51 silly audit report       url: 'https://github.com/advisories/GHSA-3ppc-4f35-3m26',
51 silly audit report       title: 'minimatch has a ReDoS via repeated wildcards with non-matching literal in pattern',
51 silly audit report       severity: 'high',
51 silly audit report       vulnerable_versions: '>=5.0.0 <5.1.7',
51 silly audit report       cwe: [Array],
51 silly audit report       cvss: [Object]
51 silly audit report     },
51 silly audit report     {
51 silly audit report       id: 1113465,
51 silly audit report       url: 'https://github.com/advisories/GHSA-3ppc-4f35-3m26',
51 silly audit report       title: 'minimatch has a ReDoS via repeated wildcards with non-matching literal in pattern',
51 silly audit report       severity: 'high',
51 silly audit report       vulnerable_versions: '>=9.0.0 <9.0.6',
51 silly audit report       cwe: [Array],
51 silly audit report       cvss: [Object]
51 silly audit report     },
51 silly audit report     {
51 silly audit report       id: 1113538,
51 silly audit report       url: 'https://github.com/advisories/GHSA-7r86-cg39-jmmj',
51 silly audit report       title: 'minimatch has ReDoS: matchOne() combinatorial backtracking via multiple non-adjacent GLOBSTAR segments',
51 silly audit report       severity: 'high',
51 silly audit report       vulnerable_versions: '<3.1.3',
51 silly audit report       cwe: [Array],
51 silly audit report       cvss: [Object]
51 silly audit report     },
51 silly audit report     {
51 silly audit report       id: 1113540,
51 silly audit report       url: 'https://github.com/advisories/GHSA-7r86-cg39-jmmj',
51 silly audit report       title: 'minimatch has ReDoS: matchOne() combinatorial backtracking via multiple non-adjacent GLOBSTAR segments',
51 silly audit report       severity: 'high',
51 silly audit report       vulnerable_versions: '>=5.0.0 <5.1.8',
51 silly audit report       cwe: [Array],
51 silly audit report       cvss: [Object]
51 silly audit report     },
51 silly audit report     {
51 silly audit report       id: 1113544,
51 silly audit report       url: 'https://github.com/advisories/GHSA-7r86-cg39-jmmj',
51 silly audit report       title: 'minimatch has ReDoS: matchOne() combinatorial backtracking via multiple non-adjacent GLOBSTAR segments',
51 silly audit report       severity: 'high',
51 silly audit report       vulnerable_versions: '>=9.0.0 <9.0.7',
51 silly audit report       cwe: [Array],
51 silly audit report       cvss: [Object]
51 silly audit report     },
51 silly audit report     {
51 silly audit report       id: 1113546,
51 silly audit report       url: 'https://github.com/advisories/GHSA-23c5-xmqv-rm74',
51 silly audit report       title: 'minimatch ReDoS: nested *() extglobs generate catastrophically backtracking regular expressions',
51 silly audit report       severity: 'high',
51 silly audit report       vulnerable_versions: '<3.1.4',
51 silly audit report       cwe: [Array],
51 silly audit report       cvss: [Object]
51 silly audit report     },
51 silly audit report     {
51 silly audit report       id: 1113548,
51 silly audit report       url: 'https://github.com/advisories/GHSA-23c5-xmqv-rm74',
51 silly audit report       title: 'minimatch ReDoS: nested *() extglobs generate catastrophically backtracking regular expressions',
51 silly audit report       severity: 'high',
51 silly audit report       vulnerable_versions: '>=5.0.0 <5.1.8',
51 silly audit report       cwe: [Array],
51 silly audit report       cvss: [Object]
51 silly audit report     },
51 silly audit report     {
51 silly audit report       id: 1113552,
51 silly audit report       url: 'https://github.com/advisories/GHSA-23c5-xmqv-rm74',
51 silly audit report       title: 'minimatch ReDoS: nested *() extglobs generate catastrophically backtracking regular expressions',
51 silly audit report       severity: 'high',
51 silly audit report       vulnerable_versions: '>=9.0.0 <9.0.7',
51 silly audit report       cwe: [Array],
51 silly audit report       cvss: [Object]
51 silly audit report     }
51 silly audit report   ],
51 silly audit report   braces: [
51 silly audit report     {
51 silly audit report       id: 1098094,
51 silly audit report       url: 'https://github.com/advisories/GHSA-grv7-fg5c-xmjg',
51 silly audit report       title: 'Uncontrolled resource consumption in braces',
51 silly audit report       severity: 'high',
51 silly audit report       vulnerable_versions: '<3.0.3',
51 silly audit report       cwe: [Array],
51 silly audit report       cvss: [Object]
51 silly audit report     }
51 silly audit report   ],
51 silly audit report   cookie: [
51 silly audit report     {
51 silly audit report       id: 1103907,
51 silly audit report       url: 'https://github.com/advisories/GHSA-pxg6-pf52-xh8x',
51 silly audit report       title: 'cookie accepts cookie name, path, and domain with out of bounds characters',
51 silly audit report       severity: 'low',
51 silly audit report       vulnerable_versions: '<0.7.0',
51 silly audit report       cwe: [Array],
51 silly audit report       cvss: [Object]
51 silly audit report     }
51 silly audit report   ],
51 silly audit report   'cross-spawn': [
51 silly audit report     {
51 silly audit report       id: 1104664,
51 silly audit report       url: 'https://github.com/advisories/GHSA-3xgq-45jj-v275',
51 silly audit report       title: 'Regular Expression Denial of Service (ReDoS) in cross-spawn',
51 silly audit report       severity: 'high',
51 silly audit report       vulnerable_versions: '>=7.0.0 <7.0.5',
51 silly audit report       cwe: [Array],
51 silly audit report       cvss: [Object]
51 silly audit report     }
51 silly audit report   ],
51 silly audit report   dottie: [
51 silly audit report     {
51 silly audit report       id: 1113536,
51 silly audit report       url: 'https://github.com/advisories/GHSA-r5mx-6wc6-7h9w',
51 silly audit report       title: 'dottie is vulnerable to Prototype Pollution bypass via non-first path segments in set() and transform()',
51 silly audit report       severity: 'moderate',
51 silly audit report       vulnerable_versions: '>=2.0.4 <=2.0.6',
51 silly audit report       cwe: [Array],
51 silly audit report       cvss: [Object]
51 silly audit report     }
51 silly audit report   ],
51 silly audit report   fastify: [
51 silly audit report     {
51 silly audit report       id: 1112876,
51 silly audit report       url: 'https://github.com/advisories/GHSA-mrq3-vjjr-p77c',
51 silly audit report       title: 'Fastify Vulnerable to DoS via Unbounded Memory Allocation in sendWebStream',
51 silly audit report       severity: 'low',
51 silly audit report       vulnerable_versions: '<=5.7.2',
51 silly audit report       cwe: [Array],
51 silly audit report       cvss: [Object]
51 silly audit report     },
51 silly audit report     {
51 silly audit report       id: 1112877,
51 silly audit report       url: 'https://github.com/advisories/GHSA-jx2c-rxcm-jvmq',
51 silly audit report       title: "Fastify's Content-Type header tab character allows body validation bypass",
51 silly audit report       severity: 'high',
51 silly audit report       vulnerable_versions: '<5.7.2',
51 silly audit report       cwe: [Array],
51 silly audit report       cvss: [Object]
51 silly audit report     },
51 silly audit report     {
51 silly audit report       id: 1115367,
51 silly audit report       url: 'https://github.com/advisories/GHSA-444r-cwp2-x5xf',
51 silly audit report       title: 'fastify: request.protocol and request.host Spoofable via X-Forwarded-Proto/Host from Untrusted Connections',
51 silly audit report       severity: 'moderate',
51 silly audit report       vulnerable_versions: '<=5.8.2',
51 silly audit report       cwe: [Array],
51 silly audit report       cvss: [Object]
51 silly audit report     }
51 silly audit report   ],
51 silly audit report   'find-my-way': [
51 silly audit report     {
51 silly audit report       id: 1099853,
51 silly audit report       url: 'https://github.com/advisories/GHSA-rrr8-f88r-h8q6',
51 silly audit report       title: 'find-my-way has a ReDoS vulnerability in multiparametric routes',
51 silly audit report       severity: 'high',
51 silly audit report       vulnerable_versions: '>=5.5.0 <8.2.2',
51 silly audit report       cwe: [Array],
51 silly audit report       cvss: [Object]
51 silly audit report     }
51 silly audit report   ],
51 silly audit report   flatted: [
51 silly audit report     {
51 silly audit report       id: 1114526,
51 silly audit report       url: 'https://github.com/advisories/GHSA-25h7-pfq9-p65f',
51 silly audit report       title: 'flatted vulnerable to unbounded recursion DoS in parse() revive phase',
51 silly audit report       severity: 'high',
51 silly audit report       vulnerable_versions: '<3.4.0',
51 silly audit report       cwe: [Array],
51 silly audit report       cvss: [Object]
51 silly audit report     },
51 silly audit report     {
51 silly audit report       id: 1115357,
51 silly audit report       url: 'https://github.com/advisories/GHSA-rf6f-7fwh-wjgh',
51 silly audit report       title: 'Prototype Pollution via parse() in NodeJS flatted',
51 silly audit report       severity: 'high',
51 silly audit report       vulnerable_versions: '<=3.4.1',
51 silly audit report       cwe: [Array],
51 silly audit report       cvss: [Object]
51 silly audit report     }
51 silly audit report   ],
51 silly audit report   ip: [
51 silly audit report     {
51 silly audit report       id: 1101851,
51 silly audit report       url: 'https://github.com/advisories/GHSA-2p57-rm9w-gvfp',
51 silly audit report       title: 'ip SSRF improper categorization in isPublic',
51 silly audit report       severity: 'high',
51 silly audit report       vulnerable_versions: '<=2.0.1',
51 silly audit report       cwe: [Array],
51 silly audit report       cvss: [Object]
51 silly audit report     },
51 silly audit report     {
51 silly audit report       id: 1114832,
51 silly audit report       url: 'https://github.com/advisories/GHSA-78xj-cgh5-2h22',
51 silly audit report       title: 'NPM IP package incorrectly identifies some private IP addresses as public',
51 silly audit report       severity: 'low',
51 silly audit report       vulnerable_versions: '=2.0.0',
51 silly audit report       cwe: [Array],
51 silly audit report       cvss: [Object]
51 silly audit report     }
51 silly audit report   ],
51 silly audit report   lodash: [
51 silly audit report     {
51 silly audit report       id: 1112455,
51 silly audit report       url: 'https://github.com/advisories/GHSA-xxjr-mmjv-4gpg',
51 silly audit report       title: 'Lodash has Prototype Pollution Vulnerability in `_.unset` and `_.omit` functions',
51 silly audit report       severity: 'moderate',
51 silly audit report       vulnerable_versions: '>=4.0.0 <=4.17.22',
51 silly audit report       cwe: [Array],
51 silly audit report       cvss: [Object]
51 silly audit report     }
51 silly audit report   ],
51 silly audit report   'markdown-it': [
51 silly audit report     {
51 silly audit report       id: 1113190,
51 silly audit report       url: 'https://github.com/advisories/GHSA-38c4-r59v-3vqw',
51 silly audit report       title: 'markdown-it is has a Regular Expression Denial of Service (ReDoS)',
51 silly audit report       severity: 'moderate',
51 silly audit report       vulnerable_versions: '>=13.0.0 <14.1.1',
51 silly audit report       cwe: [Array],
51 silly audit report       cvss: [Object]
51 silly audit report     }
51 silly audit report   ],
51 silly audit report   micromatch: [
51 silly audit report     {
51 silly audit report       id: 1098681,
51 silly audit report       url: 'https://github.com/advisories/GHSA-952p-6rrq-rcjv',
51 silly audit report       title: 'Regular Expression Denial of Service (ReDoS) in micromatch',
51 silly audit report       severity: 'moderate',
51 silly audit report       vulnerable_versions: '<4.0.8',
51 silly audit report       cwe: [Array],
51 silly audit report       cvss: [Object]
51 silly audit report     }
51 silly audit report   ],
51 silly audit report   nanoid: [
51 silly audit report     {
51 silly audit report       id: 1109563,
51 silly audit report       url: 'https://github.com/advisories/GHSA-mwcw-c2x4-8c55',
51 silly audit report       title: 'Predictable results in nanoid generation when given non-integer values',
51 silly audit report       severity: 'moderate',
51 silly audit report       vulnerable_versions: '<3.3.8',
51 silly audit report       cwe: [Array],
51 silly audit report       cvss: [Object]
51 silly audit report     }
51 silly audit report   ],
51 silly audit report   'path-to-regexp': [
51 silly audit report     {
51 silly audit report       id: 1101846,
51 silly audit report       url: 'https://github.com/advisories/GHSA-9wv6-86v2-598j',
51 silly audit report       title: 'path-to-regexp outputs backtracking regular expressions',
51 silly audit report       severity: 'high',
51 silly audit report       vulnerable_versions: '>=4.0.0 <6.3.0',
51 silly audit report       cwe: [Array],
51 silly audit report       cvss: [Object]
51 silly audit report     }
51 silly audit report   ],
51 silly audit report   picomatch: [
51 silly audit report     {
51 silly audit report       id: 1115549,
51 silly audit report       url: 'https://github.com/advisories/GHSA-3v7f-55p6-f55p',
51 silly audit report       title: 'Picomatch: Method Injection in POSIX Character Classes causes incorrect Glob Matching',
51 silly audit report       severity: 'moderate',
51 silly audit report       vulnerable_versions: '<2.3.2',
51 silly audit report       cwe: [Array],
51 silly audit report       cvss: [Object]
51 silly audit report     },
51 silly audit report     {
51 silly audit report       id: 1115552,
51 silly audit report       url: 'https://github.com/advisories/GHSA-c2c7-rcm5-vvqj',
51 silly audit report       title: 'Picomatch has a ReDoS vulnerability via extglob quantifiers',
51 silly audit report       severity: 'high',
51 silly audit report       vulnerable_versions: '<2.3.2',
51 silly audit report       cwe: [Array],
51 silly audit report       cvss: [Object]
51 silly audit report     }
51 silly audit report   ],
51 silly audit report   pug: [
51 silly audit report     {
51 silly audit report       id: 1104111,
51 silly audit report       url: 'https://github.com/advisories/GHSA-3965-hpx2-q597',
51 silly audit report       title: 'Pug allows JavaScript code execution if an application accepts untrusted input',
51 silly audit report       severity: 'moderate',
51 silly audit report       vulnerable_versions: '<=3.0.2',
51 silly audit report       cwe: [Array],
51 silly audit report       cvss: [Object]
51 silly audit report     }
51 silly audit report   ],
51 silly audit report   'pug-code-gen': [
51 silly audit report     {
51 silly audit report       id: 1104107,
51 silly audit report       url: 'https://github.com/advisories/GHSA-3965-hpx2-q597',
51 silly audit report       title: 'Pug allows JavaScript code execution if an application accepts untrusted input',
51 silly audit report       severity: 'moderate',
51 silly audit report       vulnerable_versions: '<=3.0.2',
51 silly audit report       cwe: [Array],
51 silly audit report       cvss: [Object]
51 silly audit report     }
51 silly audit report   ],
51 silly audit report   qs: [
51 silly audit report     {
51 silly audit report       id: 1113161,
51 silly audit report       url: 'https://github.com/advisories/GHSA-w7fw-mjwx-w883',
51 silly audit report       title: "qs's arrayLimit bypass in comma parsing allows denial of service",
51 silly audit report       severity: 'low',
51 silly audit report       vulnerable_versions: '>=6.7.0 <=6.14.1',
51 silly audit report       cwe: [Array],
51 silly audit report       cvss: [Object]
51 silly audit report     },
51 silly audit report     {
51 silly audit report       id: 1113719,
51 silly audit report       url: 'https://github.com/advisories/GHSA-6rw7-vpxm-498p',
51 silly audit report       title: "qs's arrayLimit bypass in its bracket notation allows DoS via memory exhaustion",
51 silly audit report       severity: 'moderate',
51 silly audit report       vulnerable_versions: '<6.14.1',
51 silly audit report       cwe: [Array],
51 silly audit report       cvss: [Object]
51 silly audit report     }
51 silly audit report   ],
51 silly audit report   sequelize: [
51 silly audit report     {
51 silly audit report       id: 1114318,
51 silly audit report       url: 'https://github.com/advisories/GHSA-6457-6jrx-69cr',
51 silly audit report       title: 'Sequelize v6 Vulnerable to SQL Injection via JSON Column Cast Type',
51 silly audit report       severity: 'high',
51 silly audit report       vulnerable_versions: '>=6.0.0-beta.1 <=6.37.7',
51 silly audit report       cwe: [Array],
51 silly audit report       cvss: [Object]
51 silly audit report     }
51 silly audit report   ],
51 silly audit report   'serialize-javascript': [
51 silly audit report     {
51 silly audit report       id: 1113686,
51 silly audit report       url: 'https://github.com/advisories/GHSA-5c6j-r48x-rmvq',
51 silly audit report       title: 'Serialize JavaScript is Vulnerable to RCE via RegExp.flags and Date.prototype.toISOString()',
51 silly audit report       severity: 'high',
51 silly audit report       vulnerable_versions: '<=7.0.2',
51 silly audit report       cwe: [Array],
51 silly audit report       cvss: [Object]
51 silly audit report     },
51 silly audit report     {
51 silly audit report       id: 1115519,
51 silly audit report       url: 'https://github.com/advisories/GHSA-qj8w-gfj5-8c6v',
51 silly audit report       title: 'Serialize JavaScript has CPU Exhaustion Denial of Service via crafted array-like objects',
51 silly audit report       severity: 'moderate',
51 silly audit report       vulnerable_versions: '<7.0.5',
51 silly audit report       cwe: [Array],
51 silly audit report       cvss: [Object]
51 silly audit report     }
51 silly audit report   ],
51 silly audit report   tar: [
51 silly audit report     {
51 silly audit report       id: 1112659,
51 silly audit report       url: 'https://github.com/advisories/GHSA-34x7-hfp2-rc4v',
51 silly audit report       title: 'node-tar Vulnerable to Arbitrary File Creation/Overwrite via Hardlink Path Traversal',
51 silly audit report       severity: 'high',
51 silly audit report       vulnerable_versions: '<7.5.7',
51 silly audit report       cwe: [Array],
51 silly audit report       cvss: [Object]
51 silly audit report     },
51 silly audit report     {
51 silly audit report       id: 1113300,
51 silly audit report       url: 'https://github.com/advisories/GHSA-8qq5-rm4j-mr97',
51 silly audit report       title: 'node-tar is Vulnerable to Arbitrary File Overwrite and Symlink Poisoning via Insufficient Path Sanitization',
51 silly audit report       severity: 'high',
51 silly audit report       vulnerable_versions: '<=7.5.2',
51 silly audit report       cwe: [Array],
51 silly audit report       cvss: [Object]
51 silly audit report     },
51 silly audit report     {
51 silly audit report       id: 1113375,
51 silly audit report       url: 'https://github.com/advisories/GHSA-83g3-92jg-28cx',
51 silly audit report       title: 'Arbitrary File Read/Write via Hardlink Target Escape Through Symlink Chain in node-tar Extraction',
51 silly audit report       severity: 'high',
51 silly audit report       vulnerable_versions: '<7.5.8',
51 silly audit report       cwe: [Array],
51 silly audit report       cvss: [Object]
51 silly audit report     },
51 silly audit report     {
51 silly audit report       id: 1114200,
51 silly audit report       url: 'https://github.com/advisories/GHSA-qffp-2rhf-9h96',
51 silly audit report       title: 'tar has Hardlink Path Traversal via Drive-Relative Linkpath',
51 silly audit report       severity: 'high',
51 silly audit report       vulnerable_versions: '<=7.5.9',
51 silly audit report       cwe: [Array],
51 silly audit report       cvss: [Object]
51 silly audit report     },
51 silly audit report     {
51 silly audit report       id: 1114302,
51 silly audit report       url: 'https://github.com/advisories/GHSA-9ppj-qmqm-q256',
51 silly audit report       title: 'node-tar Symlink Path Traversal via Drive-Relative Linkpath',
51 silly audit report       severity: 'high',
51 silly audit report       vulnerable_versions: '<=7.5.10',
51 silly audit report       cwe: [Array],
51 silly audit report       cvss: [Object]
51 silly audit report     },
51 silly audit report     {
51 silly audit report       id: 1114680,
51 silly audit report       url: 'https://github.com/advisories/GHSA-r6q2-hw4h-h46w',
51 silly audit report       title: 'Race Condition in node-tar Path Reservations via Unicode Ligature Collisions on macOS APFS',
51 silly audit report       severity: 'high',
51 silly audit report       vulnerable_versions: '<=7.5.3',
51 silly audit report       cwe: [Array],
51 silly audit report       cvss: [Object]
51 silly audit report     },
51 silly audit report     {
51 silly audit report       id: 1097493,
51 silly audit report       url: 'https://github.com/advisories/GHSA-f5x3-32g6-xq36',
51 silly audit report       title: 'Denial of service while parsing a tar file due to lack of folders count validation',
51 silly audit report       severity: 'moderate',
51 silly audit report       vulnerable_versions: '<6.2.1',
51 silly audit report       cwe: [Array],
51 silly audit report       cvss: [Object]
51 silly audit report     }
51 silly audit report   ],
51 silly audit report   'tar-fs': [
51 silly audit report     {
51 silly audit report       id: 1109532,
51 silly audit report       url: 'https://github.com/advisories/GHSA-vj76-c3g6-qr5v',
51 silly audit report       title: 'tar-fs has a symlink validation bypass if destination directory is predictable with a specific tarball',
51 silly audit report       severity: 'high',
51 silly audit report       vulnerable_versions: '>=2.0.0 <2.1.4',
51 silly audit report       cwe: [Array],
51 silly audit report       cvss: [Object]
51 silly audit report     },
51 silly audit report     {
51 silly audit report       id: 1109543,
51 silly audit report       url: 'https://github.com/advisories/GHSA-8cj5-5rvv-wf4v',
51 silly audit report       title: 'tar-fs can extract outside the specified dir with a specific tarball',
51 silly audit report       severity: 'high',
51 silly audit report       vulnerable_versions: '>=2.0.0 <2.1.3',
51 silly audit report       cwe: [Array],
51 silly audit report       cvss: [Object]
51 silly audit report     },
51 silly audit report     {
51 silly audit report       id: 1109552,
51 silly audit report       url: 'https://github.com/advisories/GHSA-pq67-2wwv-3xjx',
51 silly audit report       title: 'tar-fs Vulnerable to Link Following and Path Traversal via Extracting a Crafted tar File',
51 silly audit report       severity: 'high',
51 silly audit report       vulnerable_versions: '>=2.0.0 <2.1.2',
51 silly audit report       cwe: [Array],
51 silly audit report       cvss: [Object]
51 silly audit report     }
51 silly audit report   ],
51 silly audit report   validator: [
51 silly audit report     {
51 silly audit report       id: 1109241,
51 silly audit report       url: 'https://github.com/advisories/GHSA-9965-vmph-33xx',
51 silly audit report       title: 'validator.js has a URL validation bypass vulnerability in its isURL function',
51 silly audit report       severity: 'moderate',
51 silly audit report       vulnerable_versions: '<13.15.20',
51 silly audit report       cwe: [Array],
51 silly audit report       cvss: [Object]
51 silly audit report     },
51 silly audit report     {
51 silly audit report       id: 1112713,
51 silly audit report       url: 'https://github.com/advisories/GHSA-vghf-hv5q-vc2g',
51 silly audit report       title: 'Validator is Vulnerable to Incomplete Filtering of One or More Instances of Special Elements',
51 silly audit report       severity: 'high',
51 silly audit report       vulnerable_versions: '<13.15.22',
51 silly audit report       cwe: [Array],
51 silly audit report       cvss: [Object]
51 silly audit report     }
51 silly audit report   ],
51 silly audit report   webpack: [
51 silly audit report     {
51 silly audit report       id: 1113041,
51 silly audit report       url: 'https://github.com/advisories/GHSA-8fgc-7cc6-rx7x',
51 silly audit report       title: 'webpack buildHttp: allowedUris allow-list bypass via URL userinfo (@) leading to build-time SSRF behavior',
51 silly audit report       severity: 'low',
51 silly audit report       vulnerable_versions: '>=5.49.0 <=5.104.0',
51 silly audit report       cwe: [Array],
51 silly audit report       cvss: [Object]
51 silly audit report     },
51 silly audit report     {
51 silly audit report       id: 1113042,
51 silly audit report       url: 'https://github.com/advisories/GHSA-38r7-794h-5758',
51 silly audit report       title: 'webpack buildHttp HttpUriPlugin allowedUris bypass via HTTP redirects → SSRF + cache persistence',
51 silly audit report       severity: 'low',
51 silly audit report       vulnerable_versions: '>=5.49.0 <5.104.0',
51 silly audit report       cwe: [Array],
51 silly audit report       cvss: [Object]
51 silly audit report     },
51 silly audit report     {
51 silly audit report       id: 1099351,
51 silly audit report       url: 'https://github.com/advisories/GHSA-4vvj-4cpr-p986',
51 silly audit report       title: "Webpack's AutoPublicPathRuntimeModule has a DOM Clobbering Gadget that leads to XSS",
51 silly audit report       severity: 'moderate',
51 silly audit report       vulnerable_versions: '>=5.0.0-alpha.0 <5.94.0',
51 silly audit report       cwe: [Array],
51 silly audit report       cvss: [Object]
51 silly audit report     }
51 silly audit report   ]
51 silly audit report }
52 silly tarball no local data for youch@https://registry.npmjs.org/youch/-/youch-2.2.2.tgz. Extracting by manifest.
53 silly tarball no local data for yocto-queue@https://registry.npmjs.org/yocto-queue/-/yocto-queue-0.1.0.tgz. Extracting by manifest.
54 silly tarball no local data for yargs-parser@https://registry.npmjs.org/yargs-parser/-/yargs-parser-21.1.1.tgz. Extracting by manifest.
55 silly tarball no local data for yargs@https://registry.npmjs.org/yargs/-/yargs-17.7.2.tgz. Extracting by manifest.
56 silly tarball no local data for yallist@https://registry.npmjs.org/yallist/-/yallist-4.0.0.tgz. Extracting by manifest.
57 silly tarball no local data for y18n@https://registry.npmjs.org/y18n/-/y18n-5.0.8.tgz. Extracting by manifest.
58 silly tarball no local data for xtend@https://registry.npmjs.org/xtend/-/xtend-4.0.2.tgz. Extracting by manifest.
59 silly tarball no local data for xdg-basedir@https://registry.npmjs.org/xdg-basedir/-/xdg-basedir-5.1.0.tgz. Extracting by manifest.
60 silly tarball no local data for write-file-atomic@https://registry.npmjs.org/write-file-atomic/-/write-file-atomic-4.0.2.tgz. Extracting by manifest.
61 silly tarball no local data for wrappy@https://registry.npmjs.org/wrappy/-/wrappy-1.0.2.tgz. Extracting by manifest.
62 silly tarball no local data for wrap-ansi-cjs@https://registry.npmjs.org/wrap-ansi/-/wrap-ansi-7.0.0.tgz. Extracting by manifest.
63 silly tarball no local data for wkx@https://registry.npmjs.org/wkx/-/wkx-0.5.0.tgz. Extracting by manifest.
64 silly tarball no local data for with@https://registry.npmjs.org/with/-/with-7.0.2.tgz. Extracting by manifest.
65 silly tarball no local data for wildcard@https://registry.npmjs.org/wildcard/-/wildcard-2.0.0.tgz. Extracting by manifest.
66 silly tarball no local data for widest-line@https://registry.npmjs.org/widest-line/-/widest-line-4.0.1.tgz. Extracting by manifest.
67 silly tarball no local data for wrap-ansi@https://registry.npmjs.org/wrap-ansi/-/wrap-ansi-8.1.0.tgz. Extracting by manifest.
68 silly tarball no local data for wide-align@https://registry.npmjs.org/wide-align/-/wide-align-1.1.5.tgz. Extracting by manifest.
69 silly tarball no local data for which@https://registry.npmjs.org/which/-/which-2.0.2.tgz. Extracting by manifest.
70 silly tarball no local data for which-boxed-primitive@https://registry.npmjs.org/which-boxed-primitive/-/which-boxed-primitive-1.0.2.tgz. Extracting by manifest.
71 silly tarball no local data for webpack-sources@https://registry.npmjs.org/webpack-sources/-/webpack-sources-3.2.3.tgz. Extracting by manifest.
72 silly tarball no local data for webpack-cli@https://registry.npmjs.org/webpack-cli/-/webpack-cli-5.1.4.tgz. Extracting by manifest.
73 silly tarball no local data for webpack-merge@https://registry.npmjs.org/webpack-merge/-/webpack-merge-5.8.0.tgz. Extracting by manifest.
74 silly tarball no local data for watchpack@https://registry.npmjs.org/watchpack/-/watchpack-2.4.1.tgz. Extracting by manifest.
75 silly tarball no local data for walker@https://registry.npmjs.org/walker/-/walker-1.0.8.tgz. Extracting by manifest.
76 silly tarball no local data for void-elements@https://registry.npmjs.org/void-elements/-/void-elements-3.1.0.tgz. Extracting by manifest.
77 silly tarball no local data for vary@https://registry.npmjs.org/vary/-/vary-1.1.2.tgz. Extracting by manifest.
78 silly tarball no local data for which-typed-array@https://registry.npmjs.org/which-typed-array/-/which-typed-array-1.1.15.tgz. Extracting by manifest.
79 silly tarball no local data for webpack@https://registry.npmjs.org/webpack/-/webpack-5.91.0.tgz. Extracting by manifest.
80 silly tarball no local data for validate-npm-package-license@https://registry.npmjs.org/validate-npm-package-license/-/validate-npm-package-license-3.0.4.tgz. Extracting by manifest.
81 silly tarball no local data for validate-npm-package-name@https://registry.npmjs.org/validate-npm-package-name/-/validate-npm-package-name-5.0.0.tgz. Extracting by manifest.
82 silly tarball no local data for v8-to-istanbul@https://registry.npmjs.org/v8-to-istanbul/-/v8-to-istanbul-9.2.0.tgz. Extracting by manifest.
83 silly tarball no local data for uuid@https://registry.npmjs.org/uuid/-/uuid-8.3.2.tgz. Extracting by manifest.
84 silly tarball no local data for util-deprecate@https://registry.npmjs.org/util-deprecate/-/util-deprecate-1.0.2.tgz. Extracting by manifest.
85 silly tarball no local data for update-notifier@https://registry.npmjs.org/update-notifier/-/update-notifier-6.0.2.tgz. Extracting by manifest.
86 silly tarball no local data for uri-js@https://registry.npmjs.org/uri-js/-/uri-js-4.4.1.tgz. Extracting by manifest.
87 silly tarball no local data for update-browserslist-db@https://registry.npmjs.org/update-browserslist-db/-/update-browserslist-db-1.0.13.tgz. Extracting by manifest.
88 silly tarball no local data for validator@https://registry.npmjs.org/validator/-/validator-13.11.0.tgz. Extracting by manifest.
89 silly tarball no local data for universalify@https://registry.npmjs.org/universalify/-/universalify-2.0.1.tgz. Extracting by manifest.
90 silly tarball no local data for untildify@https://registry.npmjs.org/untildify/-/untildify-4.0.0.tgz. Extracting by manifest.
91 silly tarball no local data for unique-slug@https://registry.npmjs.org/unique-slug/-/unique-slug-2.0.2.tgz. Extracting by manifest.
92 silly tarball no local data for unique-filename@https://registry.npmjs.org/unique-filename/-/unique-filename-1.1.1.tgz. Extracting by manifest.
93 silly tarball no local data for undici-types@https://registry.npmjs.org/undici-types/-/undici-types-5.26.5.tgz. Extracting by manifest.
94 silly tarball no local data for unbox-primitive@https://registry.npmjs.org/unbox-primitive/-/unbox-primitive-1.0.2.tgz. Extracting by manifest.
95 silly tarball no local data for umzug@https://registry.npmjs.org/umzug/-/umzug-2.3.0.tgz. Extracting by manifest.
96 silly tarball no local data for typedarray-to-buffer@https://registry.npmjs.org/typedarray-to-buffer/-/typedarray-to-buffer-3.1.5.tgz. Extracting by manifest.
97 silly tarball no local data for uc.micro@https://registry.npmjs.org/uc.micro/-/uc.micro-1.0.6.tgz. Extracting by manifest.
98 silly tarball no local data for typed-array-byte-offset@https://registry.npmjs.org/typed-array-byte-offset/-/typed-array-byte-offset-1.0.2.tgz. Extracting by manifest.
99 silly tarball no local data for typed-array-length@https://registry.npmjs.org/typed-array-length/-/typed-array-length-1.0.6.tgz. Extracting by manifest.
100 silly tarball no local data for typed-array-buffer@https://registry.npmjs.org/typed-array-buffer/-/typed-array-buffer-1.0.2.tgz. Extracting by manifest.
101 silly tarball no local data for typed-array-byte-length@https://registry.npmjs.org/typed-array-byte-length/-/typed-array-byte-length-1.0.1.tgz. Extracting by manifest.
102 silly tarball no local data for type-is@https://registry.npmjs.org/type-is/-/type-is-1.6.18.tgz. Extracting by manifest.
103 silly tarball no local data for type-fest@https://registry.npmjs.org/type-fest/-/type-fest-0.20.2.tgz. Extracting by manifest.
104 silly tarball no local data for type-detect@https://registry.npmjs.org/type-detect/-/type-detect-4.0.8.tgz. Extracting by manifest.
105 silly tarball no local data for type-check@https://registry.npmjs.org/type-check/-/type-check-0.4.0.tgz. Extracting by manifest.
106 silly tarball no local data for type@https://registry.npmjs.org/type/-/type-2.7.2.tgz. Extracting by manifest.
107 silly tarball no local data for unique-string@https://registry.npmjs.org/unique-string/-/unique-string-3.0.0.tgz. Extracting by manifest.
108 silly tarball no local data for tunnel-agent@https://registry.npmjs.org/tunnel-agent/-/tunnel-agent-0.6.0.tgz. Extracting by manifest.
109 silly tarball no local data for tuf-js@https://registry.npmjs.org/tuf-js/-/tuf-js-1.1.7.tgz. Extracting by manifest.
110 silly tarball no local data for tsconfig-paths@https://registry.npmjs.org/tsconfig-paths/-/tsconfig-paths-3.15.0.tgz. Extracting by manifest.
111 silly tarball no local data for token-stream@https://registry.npmjs.org/token-stream/-/token-stream-1.0.0.tgz. Extracting by manifest.
112 silly tarball no local data for tree-kill@https://registry.npmjs.org/tree-kill/-/tree-kill-1.2.2.tgz. Extracting by manifest.
113 silly tarball no local data for toposort-class@https://registry.npmjs.org/toposort-class/-/toposort-class-1.0.1.tgz. Extracting by manifest.
114 silly tarball no local data for to-regex-range@https://registry.npmjs.org/to-regex-range/-/to-regex-range-5.0.1.tgz. Extracting by manifest.
115 silly tarball no local data for toidentifier@https://registry.npmjs.org/toidentifier/-/toidentifier-1.0.1.tgz. Extracting by manifest.
116 silly tarball no local data for toad-cache@https://registry.npmjs.org/toad-cache/-/toad-cache-3.7.0.tgz. Extracting by manifest.
117 silly tarball no local data for tildify@https://registry.npmjs.org/tildify/-/tildify-2.0.0.tgz. Extracting by manifest.
118 silly tarball no local data for to-fast-properties@https://registry.npmjs.org/to-fast-properties/-/to-fast-properties-2.0.0.tgz. Extracting by manifest.
119 silly tarball no local data for tmpl@https://registry.npmjs.org/tmpl/-/tmpl-1.0.5.tgz. Extracting by manifest.
120 silly tarball no local data for timers-ext@https://registry.npmjs.org/timers-ext/-/timers-ext-0.1.7.tgz. Extracting by manifest.
121 silly tarball no local data for thread-stream@https://registry.npmjs.org/thread-stream/-/thread-stream-2.6.0.tgz. Extracting by manifest.
122 silly tarball no local data for terser-webpack-plugin@https://registry.npmjs.org/terser-webpack-plugin/-/terser-webpack-plugin-5.3.10.tgz. Extracting by manifest.
123 silly tarball no local data for test-exclude@https://registry.npmjs.org/test-exclude/-/test-exclude-6.0.0.tgz. Extracting by manifest.
124 silly tarball no local data for tslib@https://registry.npmjs.org/tslib/-/tslib-2.6.2.tgz. Extracting by manifest.
125 silly tarball no local data for terser@https://registry.npmjs.org/terser/-/terser-5.30.4.tgz. Extracting by manifest.
126 silly tarball no local data for tar-fs@https://registry.npmjs.org/tar-fs/-/tar-fs-2.1.1.tgz. Extracting by manifest.
127 silly tarball no local data for tarn@https://registry.npmjs.org/tarn/-/tarn-3.0.2.tgz. Extracting by manifest.
128 silly tarball no local data for tar-stream@https://registry.npmjs.org/tar-stream/-/tar-stream-2.2.0.tgz. Extracting by manifest.
129 silly tarball no local data for tar@https://registry.npmjs.org/tar/-/tar-6.1.11.tgz. Extracting by manifest.
130 silly tarball no local data for supports-color@https://registry.npmjs.org/supports-color/-/supports-color-7.2.0.tgz. Extracting by manifest.
131 silly tarball no local data for tapable@https://registry.npmjs.org/tapable/-/tapable-2.2.1.tgz. Extracting by manifest.
132 silly tarball no local data for style-loader@https://registry.npmjs.org/style-loader/-/style-loader-4.0.0.tgz. Extracting by manifest.
133 silly tarball no local data for supports-preserve-symlinks-flag@https://registry.npmjs.org/supports-preserve-symlinks-flag/-/supports-preserve-symlinks-flag-1.0.0.tgz. Extracting by manifest.
134 silly tarball no local data for strip-json-comments@https://registry.npmjs.org/strip-json-comments/-/strip-json-comments-3.1.1.tgz. Extracting by manifest.
135 silly tarball no local data for strip-final-newline@https://registry.npmjs.org/strip-final-newline/-/strip-final-newline-2.0.0.tgz. Extracting by manifest.
136 silly tarball no local data for strip-bom@https://registry.npmjs.org/strip-bom/-/strip-bom-4.0.0.tgz. Extracting by manifest.
137 silly tarball no local data for strip-ansi-cjs@https://registry.npmjs.org/strip-ansi/-/strip-ansi-6.0.1.tgz. Extracting by manifest.
138 silly tarball no local data for text-table@https://registry.npmjs.org/text-table/-/text-table-0.2.0.tgz. Extracting by manifest.
139 silly tarball no local data for strip-ansi@https://registry.npmjs.org/strip-ansi/-/strip-ansi-6.0.1.tgz. Extracting by manifest.
140 silly tarball no local data for string.prototype.trim@https://registry.npmjs.org/string.prototype.trim/-/string.prototype.trim-1.2.9.tgz. Extracting by manifest.
141 silly tarball no local data for string.prototype.trimend@https://registry.npmjs.org/string.prototype.trimend/-/string.prototype.trimend-1.0.8.tgz. Extracting by manifest.
142 silly tarball no local data for string-width-cjs@https://registry.npmjs.org/string-width/-/string-width-4.2.3.tgz. Extracting by manifest.
143 silly tarball no local data for string-length@https://registry.npmjs.org/string-length/-/string-length-4.0.2.tgz. Extracting by manifest.
144 silly tarball no local data for string-width@https://registry.npmjs.org/string-width/-/string-width-4.2.3.tgz. Extracting by manifest.
145 silly tarball no local data for string_decoder@https://registry.npmjs.org/string_decoder/-/string_decoder-1.3.0.tgz. Extracting by manifest.
146 silly tarball no local data for stack-trace@https://registry.npmjs.org/stack-trace/-/stack-trace-0.0.10.tgz. Extracting by manifest.
147 silly tarball no local data for statuses@https://registry.npmjs.org/statuses/-/statuses-2.0.1.tgz. Extracting by manifest.
148 silly tarball no local data for ssri@https://registry.npmjs.org/ssri/-/ssri-10.0.5.tgz. Extracting by manifest.
149 silly tarball no local data for stack-utils@https://registry.npmjs.org/stack-utils/-/stack-utils-2.0.6.tgz. Extracting by manifest.
150 silly tarball no local data for sqlite3@https://registry.npmjs.org/sqlite3/-/sqlite3-5.1.7.tgz. Extracting by manifest.
151 silly tarball no local data for sprintf-js@https://registry.npmjs.org/sprintf-js/-/sprintf-js-1.0.3.tgz. Extracting by manifest.
152 silly tarball no local data for split2@https://registry.npmjs.org/split2/-/split2-3.2.2.tgz. Extracting by manifest.
153 silly tarball no local data for string.prototype.trimstart@https://registry.npmjs.org/string.prototype.trimstart/-/string.prototype.trimstart-1.0.8.tgz. Extracting by manifest.
154 silly tarball no local data for spdx-expression-parse@https://registry.npmjs.org/spdx-expression-parse/-/spdx-expression-parse-3.0.1.tgz. Extracting by manifest.
155 silly tarball no local data for spawn-command@https://registry.npmjs.org/spawn-command/-/spawn-command-0.0.2.tgz. Extracting by manifest.
156 silly tarball no local data for spdx-exceptions@https://registry.npmjs.org/spdx-exceptions/-/spdx-exceptions-2.5.0.tgz. Extracting by manifest.
157 silly tarball no local data for spawn-please@https://registry.npmjs.org/spawn-please/-/spawn-please-2.0.2.tgz. Extracting by manifest.
158 silly tarball no local data for spdx-correct@https://registry.npmjs.org/spdx-correct/-/spdx-correct-3.2.0.tgz. Extracting by manifest.
159 silly tarball no local data for source-map-js@https://registry.npmjs.org/source-map-js/-/source-map-js-1.2.0.tgz. Extracting by manifest.
160 silly tarball no local data for source-map-support@https://registry.npmjs.org/source-map-support/-/source-map-support-0.5.13.tgz. Extracting by manifest.
161 silly tarball no local data for source-map@https://registry.npmjs.org/source-map/-/source-map-0.6.1.tgz. Extracting by manifest.
162 silly tarball no local data for sonic-boom@https://registry.npmjs.org/sonic-boom/-/sonic-boom-3.8.1.tgz. Extracting by manifest.
163 silly tarball no local data for sodium-native@https://registry.npmjs.org/sodium-native/-/sodium-native-4.1.1.tgz. Extracting by manifest.
164 silly tarball no local data for socks-proxy-agent@https://registry.npmjs.org/socks-proxy-agent/-/socks-proxy-agent-7.0.0.tgz. Extracting by manifest.
165 silly tarball no local data for socks@https://registry.npmjs.org/socks/-/socks-2.7.0.tgz. Extracting by manifest.
166 silly tarball no local data for smart-buffer@https://registry.npmjs.org/smart-buffer/-/smart-buffer-4.2.0.tgz. Extracting by manifest.
167 silly tarball no local data for slash@https://registry.npmjs.org/slash/-/slash-3.0.0.tgz. Extracting by manifest.
168 silly tarball no local data for sisteransi@https://registry.npmjs.org/sisteransi/-/sisteransi-1.0.5.tgz. Extracting by manifest.
169 silly tarball no local data for simple-get@https://registry.npmjs.org/simple-get/-/simple-get-4.0.1.tgz. Extracting by manifest.
170 silly tarball no local data for signal-exit@https://registry.npmjs.org/signal-exit/-/signal-exit-3.0.7.tgz. Extracting by manifest.
171 silly tarball no local data for simple-concat@https://registry.npmjs.org/simple-concat/-/simple-concat-1.0.1.tgz. Extracting by manifest.
172 silly tarball no local data for spdx-license-ids@https://registry.npmjs.org/spdx-license-ids/-/spdx-license-ids-3.0.17.tgz. Extracting by manifest.
173 silly tarball no local data for sigstore@https://registry.npmjs.org/sigstore/-/sigstore-1.9.0.tgz. Extracting by manifest.
174 silly tarball no local data for shebang-command@https://registry.npmjs.org/shebang-command/-/shebang-command-2.0.0.tgz. Extracting by manifest.
175 silly tarball no local data for shebang-regex@https://registry.npmjs.org/shebang-regex/-/shebang-regex-3.0.0.tgz. Extracting by manifest.
176 silly tarball no local data for side-channel@https://registry.npmjs.org/side-channel/-/side-channel-1.0.6.tgz. Extracting by manifest.
177 silly tarball no local data for shallow-clone@https://registry.npmjs.org/shallow-clone/-/shallow-clone-3.0.1.tgz. Extracting by manifest.
178 silly tarball no local data for setprototypeof@https://registry.npmjs.org/setprototypeof/-/setprototypeof-1.2.0.tgz. Extracting by manifest.
179 silly tarball no local data for set-function-name@https://registry.npmjs.org/set-function-name/-/set-function-name-2.0.2.tgz. Extracting by manifest.
180 silly tarball no local data for set-function-length@https://registry.npmjs.org/set-function-length/-/set-function-length-1.2.2.tgz. Extracting by manifest.
181 silly tarball no local data for set-cookie-parser@https://registry.npmjs.org/set-cookie-parser/-/set-cookie-parser-2.6.0.tgz. Extracting by manifest.
182 silly tarball no local data for set-blocking@https://registry.npmjs.org/set-blocking/-/set-blocking-2.0.0.tgz. Extracting by manifest.
183 silly tarball no local data for serialize-javascript@https://registry.npmjs.org/serialize-javascript/-/serialize-javascript-6.0.2.tgz. Extracting by manifest.
184 silly tarball no local data for sequelize-cli@https://registry.npmjs.org/sequelize-cli/-/sequelize-cli-6.6.2.tgz. Extracting by manifest.
185 silly tarball no local data for sequelize@https://registry.npmjs.org/sequelize/-/sequelize-6.37.3.tgz. Extracting by manifest.
186 silly tarball no local data for sequelize-pool@https://registry.npmjs.org/sequelize-pool/-/sequelize-pool-7.1.0.tgz. Extracting by manifest.
187 silly tarball no local data for semver-utils@https://registry.npmjs.org/semver-utils/-/semver-utils-1.1.4.tgz. Extracting by manifest.
188 silly tarball no local data for semver@https://registry.npmjs.org/semver/-/semver-7.6.0.tgz. Extracting by manifest.
189 silly tarball no local data for semver-diff@https://registry.npmjs.org/semver-diff/-/semver-diff-4.0.0.tgz. Extracting by manifest.
190 silly tarball no local data for secure-json-parse@https://registry.npmjs.org/secure-json-parse/-/secure-json-parse-2.7.0.tgz. Extracting by manifest.
191 silly tarball no local data for schema-utils@https://registry.npmjs.org/schema-utils/-/schema-utils-4.0.0.tgz. Extracting by manifest.
192 silly tarball no local data for safe-stable-stringify@https://registry.npmjs.org/safe-stable-stringify/-/safe-stable-stringify-2.4.3.tgz. Extracting by manifest.
193 silly tarball no local data for shell-quote@https://registry.npmjs.org/shell-quote/-/shell-quote-1.8.1.tgz. Extracting by manifest.
194 silly tarball no local data for safer-buffer@https://registry.npmjs.org/safer-buffer/-/safer-buffer-2.1.2.tgz. Extracting by manifest.
195 silly tarball no local data for safe-array-concat@https://registry.npmjs.org/safe-array-concat/-/safe-array-concat-1.1.2.tgz. Extracting by manifest.
196 silly tarball no local data for safe-regex-test@https://registry.npmjs.org/safe-regex-test/-/safe-regex-test-1.0.3.tgz. Extracting by manifest.
197 silly tarball no local data for safe-regex2@https://registry.npmjs.org/safe-regex2/-/safe-regex2-2.0.0.tgz. Extracting by manifest.
198 silly tarball no local data for safe-buffer@https://registry.npmjs.org/safe-buffer/-/safe-buffer-5.2.1.tgz. Extracting by manifest.
199 silly tarball no local data for rxjs@https://registry.npmjs.org/rxjs/-/rxjs-7.8.1.tgz. Extracting by manifest.
200 silly tarball no local data for rfdc@https://registry.npmjs.org/rfdc/-/rfdc-1.3.1.tgz. Extracting by manifest.
201 silly tarball no local data for run-parallel@https://registry.npmjs.org/run-parallel/-/run-parallel-1.2.0.tgz. Extracting by manifest.
202 silly tarball no local data for retry-as-promised@https://registry.npmjs.org/retry-as-promised/-/retry-as-promised-7.0.4.tgz. Extracting by manifest.
203 silly tarball no local data for reusify@https://registry.npmjs.org/reusify/-/reusify-1.0.4.tgz. Extracting by manifest.
204 silly tarball no local data for retry@https://registry.npmjs.org/retry/-/retry-0.12.0.tgz. Extracting by manifest.
205 silly tarball no local data for ret@https://registry.npmjs.org/ret/-/ret-0.2.2.tgz. Extracting by manifest.
206 silly tarball no local data for resolve.exports@https://registry.npmjs.org/resolve.exports/-/resolve.exports-2.0.2.tgz. Extracting by manifest.
207 silly tarball no local data for resolve-from@https://registry.npmjs.org/resolve-from/-/resolve-from-5.0.0.tgz. Extracting by manifest.
208 silly tarball no local data for responselike@https://registry.npmjs.org/responselike/-/responselike-2.0.1.tgz. Extracting by manifest.
209 silly tarball no local data for require-from-string@https://registry.npmjs.org/require-from-string/-/require-from-string-2.0.2.tgz. Extracting by manifest.
210 silly tarball no local data for resolve@https://registry.npmjs.org/resolve/-/resolve-1.22.8.tgz. Extracting by manifest.
211 silly tarball no local data for rimraf@https://registry.npmjs.org/rimraf/-/rimraf-3.0.2.tgz. Extracting by manifest.
212 silly tarball no local data for resolve-alpn@https://registry.npmjs.org/resolve-alpn/-/resolve-alpn-1.2.1.tgz. Extracting by manifest.
213 silly tarball no local data for remote-git-tags@https://registry.npmjs.org/remote-git-tags/-/remote-git-tags-3.0.0.tgz. Extracting by manifest.
214 timing metavuln:cache:get:security-advisory:@babel/helpers:+NsF1flAI8VENgJn0XVIWaC4lCe3b89AZgBOx219qXn/BdXH1EWl/yD49aHbhQimIG4kna8zgkunsmpiAVwNPQ== Completed in 378ms
215 timing metavuln:cache:get:security-advisory:@babel/runtime:xDaNmlS3J8LRk7IfDb7e9Gp3gcy/xDr1QZXCKC997SMkqKVemm2guY9vQpRI6omD11L5cfCI+STpoAdxUgnVsA== Completed in 376ms
216 timing metavuln:cache:get:security-advisory:ajv:u4HOZ0QFYFTDLqnZ5TPSC8VEvP+HMuGcZACJuTqG8bm/gunrgkQwsiiH2pbF9tNIl45RK0sW2ccPzEojb1k0xQ== Completed in 376ms
217 timing metavuln:cache:get:security-advisory:ajv:URErmxoyazZWR5lFcXpgTkGsbkrUBDlzD8W6txjBw2wZoOC7oHjHFfCrRr/VnGeJvbyUY9E2jxrL8p2XbwfP8g== Completed in 377ms
218 timing metavuln:cache:get:security-advisory:js-yaml:MQ5RokLIvrWmT8/NQU0dD+jQ+6pFslHlaXx1Z5q7mESITohR8AwLT525ddIc2KvKZYbB1p5yclW3kV4xeRYXEg== Completed in 377ms
219 timing metavuln:cache:get:security-advisory:js-yaml:621IdjBdZEeVoUcjWGl1jXN0jFDGaf7dIQMeaPVKf5MxqYprJztiOC0OHOUPVoayh7Cq/fTC8L5CqEb98qlE7w== Completed in 376ms
220 timing metavuln:cache:get:security-advisory:glob:NTB2XjbDOgk4lkd8PZ3tUAm1F3E/ohGF6rl9/3LEO7Z0FDzSR5nWwzd3nUENA3NCNdyeR+35DOC12wPml2IV+g== Completed in 376ms
221 silly tarball no local data for resolve-cwd@https://registry.npmjs.org/resolve-cwd/-/resolve-cwd-3.0.0.tgz. Extracting by manifest.
222 timing metavuln:cache:get:security-advisory:brace-expansion:kIHgu1L8zIy7pY0wp6wYzUm7tst3xTM2tiSYrstcGK/XsO7o4p6zyuUSjq93oH1dvU2tbEvlSW+gaNbGIbeudw== Completed in 375ms
223 timing metavuln:cache:get:security-advisory:@tootallnate/once:Bij+qufwr7God+MYI0JIFJYEDFT3IlGllIhDaMb6DB6UZOYpGBBfXc1Jq59Wdg/M2NdGRUO2+zYnIEZHW42YDw== Completed in 378ms
224 timing metavuln:cache:get:security-advisory:brace-expansion:mClmYqWawCNXseeTBHWiIwZH/2CmFUqPCmosJIeOhAgD9z1v3SayhHAwaWVo8wmeKU/JN9VP4zDBeXaqy3Ay2A== Completed in 376ms
225 timing metavuln:cache:get:security-advisory:brace-expansion:7IQMvcVTr+svbh5KCx4Kl6FQKJ1GciM03BnJAve/5WYJjUeRzKAIrStVpfachbl3T6a7o8nYlQEVG6Ih0TNXRg== Completed in 377ms
226 timing metavuln:cache:get:security-advisory:minimatch:V/3cIcyAQcG1bwuH0e0PI9Qt5WRtbvb/WOz2mBxAfNzXf+Dvs9G1X05eHjnPq2b0TJY4zXXpqhCAkRAipgk3iQ== Completed in 376ms
227 timing metavuln:cache:get:security-advisory:brace-expansion:ZHzAtnciS42HIMtUGajCifTIrkCUkWb93u/V1lJEt9HzdJ+ypMofn/dKgSOaziPQj+WGAcGS7t7WdPUHJBz0LA== Completed in 377ms
228 timing metavuln:cache:get:security-advisory:minimatch:B00WbbnnDNaFGA7l9BgrTioYpRMzU4+U8SUF8cn65LwArJAK0O380QwyP/UyxPr7i9XUjX9/AADC41/edu9OrA== Completed in 376ms
229 timing metavuln:cache:get:security-advisory:minimatch:kx7kRjUmjSYmgQBpfsU82Na4xORZqvqpRRSlOyPLadasPBl0YfFJCjIETC00BG7Gd2omQLizgz8/GnnE/hk+Jw== Completed in 376ms
230 timing metavuln:cache:get:security-advisory:minimatch:txOieOIAfgHfBPiN09+pYAjPLRzgUOz3D3illtf9vTzeqs41QJZjfj5jVXCi/3ICpBX0YlJi/ghdWSjCJwNtwA== Completed in 376ms
231 timing metavuln:cache:get:security-advisory:minimatch:tJ9Z2VGWqiQfLaVKxc9K/6Rz1g70Mpl3An4UK+K1lyHdz27vYPzhMIkC4jRGAN2wpssY+8l13Ql259B6zkaX/Q== Completed in 377ms
232 timing metavuln:cache:get:security-advisory:minimatch:tdaAHfWGUw/nl/W8ALWVH+LvG2E3gvo3P2FI/fVPxm3aZteLxWMOEuk/9iDk5O0/cZN/GRXnabt/mW/bfUoL/g== Completed in 377ms
233 timing metavuln:cache:get:security-advisory:minimatch:d1vHbFmApmPZ8D7tU5wibuYDk+ODEPdqBqmhQYykwFs/yMixetMkwY01zYVdWNOsg0NvkvSTlNgJ2ddzclruSA== Completed in 377ms
234 timing metavuln:cache:get:security-advisory:minimatch:IBqefxF0lKwSFXzwGHp5L8khqSaPYY99x0GHtXNH4YxtdIexeL4FFPzrnnBvkhgmGDEWHo3XAgpPYGyM1jidQQ== Completed in 376ms
235 timing metavuln:cache:get:security-advisory:braces:JiXBFkEDkUnBQLw3PO6emUmmm2JXqgEbh+FhB3SNDS8k6Z0wM20irrfaOjjxYuMxZaKaDudvR037mtEoeqZzXw== Completed in 376ms
236 timing metavuln:cache:get:security-advisory:minimatch:/utMkAt3a6jSPsaWIJ1J7tAb7G+ccGxNsymbhFTVWOMIyhRZOJ9QR0zn1SNtejrdUO5fsO4RDJKDMI6C5/bkuw== Completed in 378ms
237 timing metavuln:cache:get:security-advisory:cookie:EFt7h/FZLeopARa06+F2CBY5ItUm007mP/cHgZjTJZX1MeIwg3JD7toSioRoDeE8wm5VdkimqlS+CnuPhZqbIg== Completed in 377ms
238 timing metavuln:cache:get:security-advisory:fastify:5OdrwYv5Xzq+rI3bchsuaHIz85Yyo5gTdhOrQGf2Em7pRhXXR2ur0R7W7qQ6UpWsSxuRBW8Fdp57dyqUhR5/yw== Completed in 376ms
239 timing metavuln:cache:get:security-advisory:dottie:0ACVlgh2XixrZ76V6Aw4AGmXe/vScI8AGIUQKFGZaYZxp4MyNabKSDBfLcT9XlERSFeHYQ9hiMRtZaHo1b3mTw== Completed in 377ms
240 timing metavuln:cache:get:security-advisory:fastify:Mu3bbsgGIQMzQU+JUqKbxbOdmJ9sahc+8jmwkzzm3/7BqYYzReNvhjLjZ9XT5ElUjr+2gUCz/6X6tV16iM+obQ== Completed in 377ms
241 timing metavuln:cache:get:security-advisory:fastify:vrddC5kD1iC6bjQC2yMAnNLy1/+VmRDX3Vr+8eGmbbd/ikD6VgNiIpwTn2TMS3TAzr8ZR+5OeLpu/4I5U8QBKA== Completed in 377ms
242 timing metavuln:cache:get:security-advisory:find-my-way:ncPGiupWBmuLy3osYbi6NeA3zAkV0H2ETbz204QySGfjGMvhOUrckXpvAqjVyzsYU9NNJZrPHuMSulTPi+/bfw== Completed in 377ms
243 timing metavuln:cache:get:security-advisory:flatted:oa7V2KnuHnLCPcrXFvcQLRAa1NASGJm9yZ+B92xpfwxan7PZyVrZjYAHt6LB51PFfA2mM8KGE+VHR+U5X/2uZw== Completed in 377ms
244 timing metavuln:cache:get:security-advisory:flatted:uMG/3R828PE31LVzr7SnM2pFAXessH3XoRtonZYiGJtZfR5a//VWhmdMxy/RepstCydCDFxkci7fqEuzEvhnAA== Completed in 376ms
245 timing metavuln:cache:get:security-advisory:cross-spawn:PBcc/5P1UEO/1Ba/jUNR65wOzs1wU0Y+m+OOSfB57dG5EajzjbqRMRm0l7MWqcJgHDYM5GoZ36Hm7qAYFlIH3A== Completed in 379ms
246 timing metavuln:cache:get:security-advisory:ip:FcMhhitnipE8n5zCPiVRq2NLRNmu7UZkoO9lrM5CRC/emGwY5wSoa1+q1Q1Z8SPpfXO9tzox/MNRv7luhyJvqg== Completed in 377ms
247 timing metavuln:cache:get:security-advisory:markdown-it:745Vt4mrHCdT8gFHVh7oHROmP4aH4fErXXhbpeVBhtIHmsxTVI7P3rJSdfXZ1iZTBS6GEnTERL4OWUfc4Co9jQ== Completed in 377ms
248 timing metavuln:cache:get:security-advisory:lodash:OGNA5lR8rR8aeucWHqvJLBV5oaroI/lF2JfG9J2l63dx9uiGUyHuI4ymC6nv+dqWwxtqCIMcqBukiWYEiF5/RQ== Completed in 377ms
249 timing metavuln:cache:get:security-advisory:micromatch:TlYHmS8BZBwkbsPHbTfH2/e91KJnOnqfC63ZoKdiRy+yt6biPd8BwjBdyfPUht1+ZO675I3Gg00RQPYaWiOm8Q== Completed in 377ms
250 timing metavuln:cache:get:security-advisory:path-to-regexp:TmkHz1g6xKc2pnDD1h6+ZDKMikxz0M1BBY/wyR9ER8446AKOUk6gXjoSR2douZ5enAllzNSKaynTW1H+LBi1CA== Completed in 377ms
251 timing metavuln:cache:get:security-advisory:nanoid:SvMVdtEUVO5ESues2DL9aEFMy6oMG+saOn/tNitKJcx7q7CvMfC5ZcstpC8dbnZl5KL/q/3pYBvQrAPBFsC+nQ== Completed in 377ms
252 timing metavuln:cache:get:security-advisory:picomatch:GSQ5ghUF1JWDKMssoydWDVRebjlPePRwktLhrdWzXCq5xeBXdo4Cm9HGHnH2b6P1Nq93YjwPmimVjAx6kge32A== Completed in 376ms
253 timing metavuln:cache:get:security-advisory:picomatch:H8EHkZXRRUdil3DyUl8tc8lCQUliQzjc5H5D4llqFojH152sBqO1suz3XiNiRQT++wJdWkgXe/zFc/Bbrrz6ng== Completed in 377ms
254 timing metavuln:cache:get:security-advisory:pug:q1QCNIb5doZm6I3eRGcu7TI0K8fyc7dAf2McLW9B8u9n+aVFF2mdYrDZecswkGEqvp/OYAJdtseKaRANUQq8pQ== Completed in 377ms
255 timing metavuln:cache:get:security-advisory:pug-code-gen:jYtA+ua4XfswkuObBtnwWn2fYvQUK4ca+Iv1+bqgs4mXRLiX4zUdwwNSawL0T4CvKtEq8q6TFgvFydQ8OKg+/Q== Completed in 377ms
256 timing metavuln:cache:get:security-advisory:qs:vVSN+MRVpdux32gCUfPGidHUGmS/0G5Ziwtmb1YXw3NARw1r47LtySeR7yFf/LZ4sKzi41443WWDDZzPHuCh9g== Completed in 376ms
257 timing metavuln:cache:get:security-advisory:qs:iChjlXxtVMTpyXsUse674XoeCayLW4gF6rE7sQcXvHRFegwpM44fUr9Eqlmsmu+S9udu9w9eZmpzcAcyiUJMIQ== Completed in 377ms
258 timing metavuln:cache:get:security-advisory:ip:kueZWtHx2OlOfcgg7jCuzsMg1G+hSWSz46I4qS9A9YkI1yyLIkm6qmb9EAp6afwx9qKW96Z5AKmkLgtElUvJrg== Completed in 380ms
259 timing metavuln:cache:get:security-advisory:sequelize:wjhMoLZiiqIacD4+V2lI9921Z2ZeJryL/EpzUzvbYcIegwFDJzNWjjO/YQBa50uUmoyjfCuJxHX0z9qwD769Dg== Completed in 377ms
260 timing metavuln:cache:get:security-advisory:tar:qPQeYPFDBIedTWfYK3sbnScF6Ha7ouTs+wgndnz4PT5P+/K+GBD4epoPcYpXlu6AC7gSJlCJTJeuKbYAFoK9PA== Completed in 376ms
261 timing metavuln:cache:get:security-advisory:serialize-javascript:YrpAzJikcaEK6U7y11zmmRITGnSTqoXdMRbxLiMf/nPn9B5sJrSY0SS0JQJpCtWZWBD1YeLrOPjFv5fBwOa8Rw== Completed in 377ms
262 timing metavuln:cache:get:security-advisory:tar:cbwMpzkxWE086TmEbj2aUk80Z6hlvP0jzlWS+XiX15JwqEtFzUgHyHj3QX4I6EZYk8tgcYPuNr3hYFVCQY6e3Q== Completed in 376ms
263 timing metavuln:cache:get:security-advisory:tar:Bbf0Br7FJ1lJBIJDoLLFwjsDrbaYgLVqfrwr0ATzSQWEKW7Xp073S+5zxU9imRf4OqRJHo2MsCDeyKR0KRVsdA== Completed in 376ms
264 timing metavuln:cache:get:security-advisory:tar:eeMx7uxRjV2T2ub1XcSZGVUMDQllh5SgBOjApRXoDwccZb2xPyoJEKCNDkl/ZQGHcurw9K/Nf+wQF6u7SWH6CQ== Completed in 376ms
265 timing metavuln:cache:get:security-advisory:tar:UWW3Y4BpqE/fE3Qp2/QBaix5a7TZZoP7gM6asxPYL9ED9MweoK3ryao+Bp0Y6Y8Xds/rmjAafpG21YRYkP3N4g== Completed in 376ms
266 timing metavuln:cache:get:security-advisory:serialize-javascript:VNhzhjSQJJPSfVWQUXMpEy6hsW23faurQllLlGbSJ7QrUHjncb9PKDTQYw8APRVBzMug+7YJc5EWXV6SYvPIiw== Completed in 378ms
267 timing metavuln:cache:get:security-advisory:tar-fs:Ix/Js08sk80rCM814qr/o6ab9zjh7+H8VVJui+xRbBltVjhzX21eodMzpIt77aC2gIFcrK8EEBkOSiDgsanD1w== Completed in 376ms
268 timing metavuln:cache:get:security-advisory:tar:vbDW3SJe6e2hhLv65iuyXehzCzEAirdu2MloZluu8ApJ5S0mpjZNCz+7tMRaz8WDOzMKfYQKi/M/IfcFNOa3Cw== Completed in 377ms
269 timing metavuln:cache:get:security-advisory:tar-fs:cvuUIK3mvYU/u7TShVqDjuuoWy7Jgl2iyysqZzndeGLLwvbCDiePQ/rot9wwSNqpYc8yRaszF/7dU1Uelp1dUw== Completed in 377ms
270 timing metavuln:cache:get:security-advisory:tar-fs:1dRVXY1/KAgNRzluJejkcnnY74RNVCtUBdSLW4DLR6KPpPmll6CDT96fyxIYOX7Nsq4AChUF8ivPlQmppqQqYw== Completed in 376ms
271 timing metavuln:cache:get:security-advisory:validator:IkyJOqfhkev0E9tRX4zbgkqtsxJX67cd4upO2f1EheDpncnx522qyf9oLyXwjDcWGeZOQHSqJUAh/kUyYH60qQ== Completed in 377ms
272 timing metavuln:cache:get:security-advisory:validator:K8tnmsGw+QkTexUmTWxKwuHjWuT7Hea3z5nNI9JdW3F0rI0+n7L2rpU8PIPJJVMbPs2Qmf97TEHw10QorOnMzQ== Completed in 377ms
273 timing metavuln:cache:get:security-advisory:webpack:IzHFkMfHDC+SV3IL23ZHngntgLDUgyESA9Ge8Mh5rKNVcDpaWLuTZIcoUJg4/bAH+BQlnDzJ4nLfJCy6fOIM0A== Completed in 377ms
274 timing metavuln:cache:get:security-advisory:webpack:s8eUYzfoKCRSDroeyV91F0huXvDaY4W8tlhzcL2BszFV9dolZHIAn/UZ/7LVU12F35esXqY1PqnhYKHfHcDozQ== Completed in 376ms
275 timing metavuln:cache:get:security-advisory:webpack:7Pl1j4sHKhCQAEccTmt3XZIEEazRzvyC0TOx07N0G7o5OIhhZ0j0Ji3KSCbTwfmCR/2OHJ3Mx5ZmedDQEQeBbg== Completed in 376ms
276 timing metavuln:cache:get:security-advisory:tar:xsfciMtNhQn+Vb692L8h5HEYBYUJ5Lhjy3bF//LOsKSn8tp0f1hbuDX26k9UtKJNPZjM5uuq2Cxlz3KwL19oJg== Completed in 383ms
277 silly tarball no local data for registry-url@https://registry.npmjs.org/registry-url/-/registry-url-6.0.1.tgz. Extracting by manifest.
278 silly tarball no local data for require-directory@https://registry.npmjs.org/require-directory/-/require-directory-2.1.1.tgz. Extracting by manifest.
279 silly tarball no local data for regexp.prototype.flags@https://registry.npmjs.org/regexp.prototype.flags/-/regexp.prototype.flags-1.5.2.tgz. Extracting by manifest.
280 silly tarball no local data for regenerator-runtime@https://registry.npmjs.org/regenerator-runtime/-/regenerator-runtime-0.14.1.tgz. Extracting by manifest.
281 silly tarball no local data for registry-auth-token@https://registry.npmjs.org/registry-auth-token/-/registry-auth-token-5.0.1.tgz. Extracting by manifest.
282 silly tarball no local data for readdirp@https://registry.npmjs.org/readdirp/-/readdirp-3.6.0.tgz. Extracting by manifest.
283 silly tarball no local data for real-require@https://registry.npmjs.org/real-require/-/real-require-0.2.0.tgz. Extracting by manifest.
284 silly tarball no local data for readable-stream@https://registry.npmjs.org/readable-stream/-/readable-stream-3.6.2.tgz. Extracting by manifest.
285 silly tarball no local data for rechoir@https://registry.npmjs.org/rechoir/-/rechoir-0.8.0.tgz. Extracting by manifest.
286 silly tarball no local data for read-package-json-fast@https://registry.npmjs.org/read-package-json-fast/-/read-package-json-fast-3.0.2.tgz. Extracting by manifest.
287 silly tarball no local data for rc-config-loader@https://registry.npmjs.org/rc-config-loader/-/rc-config-loader-4.1.3.tgz. Extracting by manifest.
288 silly tarball no local data for read-package-json@https://registry.npmjs.org/read-package-json/-/read-package-json-6.0.4.tgz. Extracting by manifest.
289 silly tarball no local data for react-is@https://registry.npmjs.org/react-is/-/react-is-18.2.0.tgz. Extracting by manifest.
290 silly tarball no local data for randombytes@https://registry.npmjs.org/randombytes/-/randombytes-2.1.0.tgz. Extracting by manifest.
291 silly tarball no local data for quick-lru@https://registry.npmjs.org/quick-lru/-/quick-lru-5.1.1.tgz. Extracting by manifest.
292 silly tarball no local data for queue-microtask@https://registry.npmjs.org/queue-microtask/-/queue-microtask-1.2.3.tgz. Extracting by manifest.
293 silly tarball no local data for quick-format-unescaped@https://registry.npmjs.org/quick-format-unescaped/-/quick-format-unescaped-4.0.4.tgz. Extracting by manifest.
294 silly tarball no local data for qs@https://registry.npmjs.org/qs/-/qs-6.12.1.tgz. Extracting by manifest.
295 silly tarball no local data for pure-rand@https://registry.npmjs.org/pure-rand/-/pure-rand-6.1.0.tgz. Extracting by manifest.
296 silly tarball no local data for punycode@https://registry.npmjs.org/punycode/-/punycode-2.1.1.tgz. Extracting by manifest.
297 silly tarball no local data for pupa@https://registry.npmjs.org/pupa/-/pupa-3.1.0.tgz. Extracting by manifest.
298 silly tarball no local data for pug-walk@https://registry.npmjs.org/pug-walk/-/pug-walk-2.0.0.tgz. Extracting by manifest.
299 silly tarball no local data for pump@https://registry.npmjs.org/pump/-/pump-3.0.0.tgz. Extracting by manifest.
300 silly tarball no local data for pug-parser@https://registry.npmjs.org/pug-parser/-/pug-parser-6.0.0.tgz. Extracting by manifest.
301 silly tarball no local data for pug-load@https://registry.npmjs.org/pug-load/-/pug-load-3.0.0.tgz. Extracting by manifest.
302 silly tarball no local data for pug-strip-comments@https://registry.npmjs.org/pug-strip-comments/-/pug-strip-comments-2.0.0.tgz. Extracting by manifest.
303 silly tarball no local data for pug-runtime@https://registry.npmjs.org/pug-runtime/-/pug-runtime-3.0.1.tgz. Extracting by manifest.
304 silly tarball no local data for pug-linker@https://registry.npmjs.org/pug-linker/-/pug-linker-4.0.0.tgz. Extracting by manifest.
305 silly tarball no local data for rc@https://registry.npmjs.org/rc/-/rc-1.2.8.tgz. Extracting by manifest.
306 silly tarball no local data for pug-lexer@https://registry.npmjs.org/pug-lexer/-/pug-lexer-5.0.1.tgz. Extracting by manifest.
307 silly tarball no local data for pug-filters@https://registry.npmjs.org/pug-filters/-/pug-filters-4.0.0.tgz. Extracting by manifest.
308 silly tarball no local data for pug-code-gen@https://registry.npmjs.org/pug-code-gen/-/pug-code-gen-3.0.2.tgz. Extracting by manifest.
309 silly tarball no local data for pug@https://registry.npmjs.org/pug/-/pug-3.0.2.tgz. Extracting by manifest.
310 silly tarball no local data for pug-attrs@https://registry.npmjs.org/pug-attrs/-/pug-attrs-3.0.0.tgz. Extracting by manifest.
311 silly tarball no local data for proxy-addr@https://registry.npmjs.org/proxy-addr/-/proxy-addr-2.0.7.tgz. Extracting by manifest.
312 silly tarball no local data for prompts-ncu@https://registry.npmjs.org/prompts-ncu/-/prompts-ncu-3.0.0.tgz. Extracting by manifest.
313 silly tarball no local data for proto-list@https://registry.npmjs.org/proto-list/-/proto-list-1.2.4.tgz. Extracting by manifest.
314 silly tarball no local data for prompts@https://registry.npmjs.org/prompts/-/prompts-2.4.2.tgz. Extracting by manifest.
315 silly tarball no local data for promise-retry@https://registry.npmjs.org/promise-retry/-/promise-retry-2.0.1.tgz. Extracting by manifest.
316 silly tarball no local data for promise@https://registry.npmjs.org/promise/-/promise-7.3.1.tgz. Extracting by manifest.
317 silly tarball no local data for promise-inflight@https://registry.npmjs.org/promise-inflight/-/promise-inflight-1.0.1.tgz. Extracting by manifest.
318 silly tarball no local data for progress@https://registry.npmjs.org/progress/-/progress-2.0.3.tgz. Extracting by manifest.
319 silly tarball no local data for process@https://registry.npmjs.org/process/-/process-0.11.10.tgz. Extracting by manifest.
320 silly tarball no local data for pretty-format@https://registry.npmjs.org/pretty-format/-/pretty-format-29.7.0.tgz. Extracting by manifest.
321 silly tarball no local data for process-warning@https://registry.npmjs.org/process-warning/-/process-warning-3.0.0.tgz. Extracting by manifest.
322 silly tarball no local data for proc-log@https://registry.npmjs.org/proc-log/-/proc-log-3.0.0.tgz. Extracting by manifest.
323 silly tarball no local data for prelude-ls@https://registry.npmjs.org/prelude-ls/-/prelude-ls-1.2.1.tgz. Extracting by manifest.
324 silly tarball no local data for prebuild-install@https://registry.npmjs.org/prebuild-install/-/prebuild-install-7.1.2.tgz. Extracting by manifest.
325 silly tarball no local data for postgres-interval@https://registry.npmjs.org/postgres-interval/-/postgres-interval-1.2.0.tgz. Extracting by manifest.
326 silly tarball no local data for postgres-bytea@https://registry.npmjs.org/postgres-bytea/-/postgres-bytea-1.0.0.tgz. Extracting by manifest.
327 silly tarball no local data for postgres-date@https://registry.npmjs.org/postgres-date/-/postgres-date-1.0.7.tgz. Extracting by manifest.
328 silly tarball no local data for pug-error@https://registry.npmjs.org/pug-error/-/pug-error-2.0.0.tgz. Extracting by manifest.
329 silly tarball no local data for postcss-value-parser@https://registry.npmjs.org/postcss-value-parser/-/postcss-value-parser-4.2.0.tgz. Extracting by manifest.
330 silly tarball no local data for postcss-modules-values@https://registry.npmjs.org/postcss-modules-values/-/postcss-modules-values-4.0.0.tgz. Extracting by manifest.
331 silly tarball no local data for postcss-selector-parser@https://registry.npmjs.org/postcss-selector-parser/-/postcss-selector-parser-6.0.16.tgz. Extracting by manifest.
332 silly tarball no local data for postcss-modules-scope@https://registry.npmjs.org/postcss-modules-scope/-/postcss-modules-scope-3.2.0.tgz. Extracting by manifest.
333 silly tarball no local data for pkg-up@https://registry.npmjs.org/pkg-up/-/pkg-up-3.1.0.tgz. Extracting by manifest.
334 silly tarball no local data for postcss-modules-local-by-default@https://registry.npmjs.org/postcss-modules-local-by-default/-/postcss-modules-local-by-default-4.0.5.tgz. Extracting by manifest.
335 silly tarball no local data for postcss-modules-extract-imports@https://registry.npmjs.org/postcss-modules-extract-imports/-/postcss-modules-extract-imports-3.1.0.tgz. Extracting by manifest.
336 silly tarball no local data for possible-typed-array-names@https://registry.npmjs.org/possible-typed-array-names/-/possible-typed-array-names-1.0.0.tgz. Extracting by manifest.
337 silly tarball no local data for postcss@https://registry.npmjs.org/postcss/-/postcss-8.4.38.tgz. Extracting by manifest.
338 silly tarball no local data for pirates@https://registry.npmjs.org/pirates/-/pirates-4.0.6.tgz. Extracting by manifest.
339 silly tarball no local data for pkg-dir@https://registry.npmjs.org/pkg-dir/-/pkg-dir-4.2.0.tgz. Extracting by manifest.
340 silly tarball no local data for pino-std-serializers@https://registry.npmjs.org/pino-std-serializers/-/pino-std-serializers-6.2.2.tgz. Extracting by manifest.
341 silly tarball no local data for pino-pretty@https://registry.npmjs.org/pino-pretty/-/pino-pretty-11.0.0.tgz. Extracting by manifest.
342 silly tarball no local data for pino-abstract-transport@https://registry.npmjs.org/pino-abstract-transport/-/pino-abstract-transport-1.2.0.tgz. Extracting by manifest.
343 silly tarball no local data for pino@https://registry.npmjs.org/pino/-/pino-8.20.0.tgz. Extracting by manifest.
344 silly tarball no local data for picomatch@https://registry.npmjs.org/picomatch/-/picomatch-2.3.1.tgz. Extracting by manifest.
345 silly tarball no local data for pgpass@https://registry.npmjs.org/pgpass/-/pgpass-1.0.5.tgz. Extracting by manifest.
346 silly tarball no local data for postgres-array@https://registry.npmjs.org/postgres-array/-/postgres-array-2.0.0.tgz. Extracting by manifest.
347 silly tarball no local data for picocolors@https://registry.npmjs.org/picocolors/-/picocolors-1.0.0.tgz. Extracting by manifest.
348 silly tarball no local data for pg-protocol@https://registry.npmjs.org/pg-protocol/-/pg-protocol-1.6.1.tgz. Extracting by manifest.
349 silly tarball no local data for pg-connection-string@https://registry.npmjs.org/pg-connection-string/-/pg-connection-string-2.6.2.tgz. Extracting by manifest.
350 silly tarball no local data for pg-int8@https://registry.npmjs.org/pg-int8/-/pg-int8-1.0.1.tgz. Extracting by manifest.
351 silly tarball no local data for pg@https://registry.npmjs.org/pg/-/pg-8.11.5.tgz. Extracting by manifest.
352 silly tarball no local data for pg-pool@https://registry.npmjs.org/pg-pool/-/pg-pool-3.6.2.tgz. Extracting by manifest.
353 silly tarball no local data for pg-cloudflare@https://registry.npmjs.org/pg-cloudflare/-/pg-cloudflare-1.1.1.tgz. Extracting by manifest.
354 silly tarball no local data for path-to-regexp@https://registry.npmjs.org/path-to-regexp/-/path-to-regexp-6.2.1.tgz. Extracting by manifest.
355 silly tarball no local data for path-type@https://registry.npmjs.org/path-type/-/path-type-4.0.0.tgz. Extracting by manifest.
356 silly tarball no local data for path-parse@https://registry.npmjs.org/path-parse/-/path-parse-1.0.7.tgz. Extracting by manifest.
357 silly tarball no local data for path-key@https://registry.npmjs.org/path-key/-/path-key-3.1.1.tgz. Extracting by manifest.
358 silly tarball no local data for path-scurry@https://registry.npmjs.org/path-scurry/-/path-scurry-1.10.2.tgz. Extracting by manifest.
359 silly tarball no local data for path-is-absolute@https://registry.npmjs.org/path-is-absolute/-/path-is-absolute-1.0.1.tgz. Extracting by manifest.
360 silly tarball no local data for parse-json@https://registry.npmjs.org/parse-json/-/parse-json-5.2.0.tgz. Extracting by manifest.
361 silly tarball no local data for path-exists@https://registry.npmjs.org/path-exists/-/path-exists-4.0.0.tgz. Extracting by manifest.
362 silly tarball no local data for parse-github-url@https://registry.npmjs.org/parse-github-url/-/parse-github-url-1.0.2.tgz. Extracting by manifest.
363 silly tarball no local data for parent-module@https://registry.npmjs.org/parent-module/-/parent-module-1.0.1.tgz. Extracting by manifest.
364 silly tarball no local data for pacote@https://registry.npmjs.org/pacote/-/pacote-15.2.0.tgz. Extracting by manifest.
365 silly tarball no local data for pg-types@https://registry.npmjs.org/pg-types/-/pg-types-2.2.0.tgz. Extracting by manifest.
366 silly tarball no local data for package-json@https://registry.npmjs.org/package-json/-/package-json-8.1.0.tgz. Extracting by manifest.
367 silly tarball no local data for p-limit@https://registry.npmjs.org/p-limit/-/p-limit-3.1.0.tgz. Extracting by manifest.
368 silly tarball no local data for p-map@https://registry.npmjs.org/p-map/-/p-map-4.0.0.tgz. Extracting by manifest.
369 silly tarball no local data for p-locate@https://registry.npmjs.org/p-locate/-/p-locate-5.0.0.tgz. Extracting by manifest.
370 silly tarball no local data for p-cancelable@https://registry.npmjs.org/p-cancelable/-/p-cancelable-3.0.0.tgz. Extracting by manifest.
371 silly tarball no local data for optionator@https://registry.npmjs.org/optionator/-/optionator-0.9.3.tgz. Extracting by manifest.
372 silly tarball no local data for onetime@https://registry.npmjs.org/onetime/-/onetime-5.1.2.tgz. Extracting by manifest.
373 silly tarball no local data for once@https://registry.npmjs.org/once/-/once-1.4.0.tgz. Extracting by manifest.
374 silly tarball no local data for objection-unique@https://registry.npmjs.org/objection-unique/-/objection-unique-1.2.2.tgz. Extracting by manifest.
375 silly tarball no local data for on-exit-leak-free@https://registry.npmjs.org/on-exit-leak-free/-/on-exit-leak-free-2.1.2.tgz. Extracting by manifest.
376 silly tarball no local data for objection@https://registry.npmjs.org/objection/-/objection-3.1.4.tgz. Extracting by manifest.
377 silly tarball no local data for object.values@https://registry.npmjs.org/object.values/-/object.values-1.2.0.tgz. Extracting by manifest.
378 silly tarball no local data for object.groupby@https://registry.npmjs.org/object.groupby/-/object.groupby-1.0.3.tgz. Extracting by manifest.
379 silly tarball no local data for object.fromentries@https://registry.npmjs.org/object.fromentries/-/object.fromentries-2.0.8.tgz. Extracting by manifest.
380 silly tarball no local data for object.entries@https://registry.npmjs.org/object.entries/-/object.entries-1.1.8.tgz. Extracting by manifest.
381 silly tarball no local data for object.assign@https://registry.npmjs.org/object.assign/-/object.assign-4.1.5.tgz. Extracting by manifest.
382 silly tarball no local data for p-try@https://registry.npmjs.org/p-try/-/p-try-2.2.0.tgz. Extracting by manifest.
383 silly tarball no local data for object-assign@https://registry.npmjs.org/object-assign/-/object-assign-4.1.1.tgz. Extracting by manifest.
384 silly tarball no local data for object-inspect@https://registry.npmjs.org/object-inspect/-/object-inspect-1.13.1.tgz. Extracting by manifest.
385 silly tarball no local data for npm-run-path@https://registry.npmjs.org/npm-run-path/-/npm-run-path-4.0.1.tgz. Extracting by manifest.
386 silly tarball no local data for npm-registry-fetch@https://registry.npmjs.org/npm-registry-fetch/-/npm-registry-fetch-14.0.5.tgz. Extracting by manifest.
387 silly tarball no local data for npmlog@https://registry.npmjs.org/npmlog/-/npmlog-6.0.2.tgz. Extracting by manifest.
388 silly tarball no local data for npm-package-arg@https://registry.npmjs.org/npm-package-arg/-/npm-package-arg-10.1.0.tgz. Extracting by manifest.
389 silly tarball no local data for npm-pick-manifest@https://registry.npmjs.org/npm-pick-manifest/-/npm-pick-manifest-8.0.2.tgz. Extracting by manifest.
390 silly tarball no local data for npm-packlist@https://registry.npmjs.org/npm-packlist/-/npm-packlist-7.0.4.tgz. Extracting by manifest.
391 silly tarball no local data for npm-normalize-package-bin@https://registry.npmjs.org/npm-normalize-package-bin/-/npm-normalize-package-bin-3.0.1.tgz. Extracting by manifest.
392 silly tarball no local data for npm-install-checks@https://registry.npmjs.org/npm-install-checks/-/npm-install-checks-6.3.0.tgz. Extracting by manifest.
393 silly tarball no local data for npm-check-updates@https://registry.npmjs.org/npm-check-updates/-/npm-check-updates-16.14.18.tgz. Extracting by manifest.
394 silly tarball no local data for npm-bundled@https://registry.npmjs.org/npm-bundled/-/npm-bundled-3.0.0.tgz. Extracting by manifest.
395 silly tarball no local data for normalize-url@https://registry.npmjs.org/normalize-url/-/normalize-url-6.1.0.tgz. Extracting by manifest.
396 silly tarball no local data for normalize-path@https://registry.npmjs.org/normalize-path/-/normalize-path-3.0.0.tgz. Extracting by manifest.
397 silly tarball no local data for normalize-package-data@https://registry.npmjs.org/normalize-package-data/-/normalize-package-data-5.0.0.tgz. Extracting by manifest.
398 silly tarball no local data for node-releases@https://registry.npmjs.org/node-releases/-/node-releases-2.0.14.tgz. Extracting by manifest.
399 silly tarball no local data for nopt@https://registry.npmjs.org/nopt/-/nopt-5.0.0.tgz. Extracting by manifest.
400 silly tarball no local data for node-int64@https://registry.npmjs.org/node-int64/-/node-int64-0.4.0.tgz. Extracting by manifest.
401 silly tarball no local data for node-gyp-build@https://registry.npmjs.org/node-gyp-build/-/node-gyp-build-4.8.0.tgz. Extracting by manifest.
402 silly tarball no local data for node-gyp@https://registry.npmjs.org/node-gyp/-/node-gyp-9.4.1.tgz. Extracting by manifest.
403 silly tarball no local data for node-addon-api@https://registry.npmjs.org/node-addon-api/-/node-addon-api-4.3.0.tgz. Extracting by manifest.
404 silly tarball no local data for node-abi@https://registry.npmjs.org/node-abi/-/node-abi-3.60.0.tgz. Extracting by manifest.
405 silly tarball no local data for object-keys@https://registry.npmjs.org/object-keys/-/object-keys-1.1.1.tgz. Extracting by manifest.
406 silly tarball no local data for neo-async@https://registry.npmjs.org/neo-async/-/neo-async-2.6.2.tgz. Extracting by manifest.
407 silly tarball no local data for negotiator@https://registry.npmjs.org/negotiator/-/negotiator-0.6.3.tgz. Extracting by manifest.
408 silly tarball no local data for natural-compare@https://registry.npmjs.org/natural-compare/-/natural-compare-1.4.0.tgz. Extracting by manifest.
409 silly tarball no local data for napi-build-utils@https://registry.npmjs.org/napi-build-utils/-/napi-build-utils-1.0.2.tgz. Extracting by manifest.
410 silly tarball no local data for mustache@https://registry.npmjs.org/mustache/-/mustache-4.2.0.tgz. Extracting by manifest.
411 silly tarball no local data for ms@https://registry.npmjs.org/ms/-/ms-2.1.3.tgz. Extracting by manifest.
412 silly tarball no local data for moment-timezone@https://registry.npmjs.org/moment-timezone/-/moment-timezone-0.5.45.tgz. Extracting by manifest.
413 silly tarball no local data for mkdirp-classic@https://registry.npmjs.org/mkdirp-classic/-/mkdirp-classic-0.5.3.tgz. Extracting by manifest.
414 silly tarball no local data for nanoid@https://registry.npmjs.org/nanoid/-/nanoid-3.3.7.tgz. Extracting by manifest.
415 silly tarball no local data for moment@https://registry.npmjs.org/moment/-/moment-2.30.1.tgz. Extracting by manifest.
416 silly tarball no local data for mkdirp@https://registry.npmjs.org/mkdirp/-/mkdirp-1.0.4.tgz. Extracting by manifest.
417 silly tarball no local data for minipass-pipeline@https://registry.npmjs.org/minipass-pipeline/-/minipass-pipeline-1.2.4.tgz. Extracting by manifest.
418 silly tarball no local data for minizlib@https://registry.npmjs.org/minizlib/-/minizlib-2.1.2.tgz. Extracting by manifest.
419 silly tarball no local data for minipass-sized@https://registry.npmjs.org/minipass-sized/-/minipass-sized-1.0.3.tgz. Extracting by manifest.
420 silly tarball no local data for minipass-json-stream@https://registry.npmjs.org/minipass-json-stream/-/minipass-json-stream-1.0.1.tgz. Extracting by manifest.
421 silly tarball no local data for minipass-fetch@https://registry.npmjs.org/minipass-fetch/-/minipass-fetch-3.0.4.tgz. Extracting by manifest.
422 silly tarball no local data for minipass-flush@https://registry.npmjs.org/minipass-flush/-/minipass-flush-1.0.5.tgz. Extracting by manifest.
423 silly tarball no local data for minipass@https://registry.npmjs.org/minipass/-/minipass-3.3.4.tgz. Extracting by manifest.
424 silly tarball no local data for minipass-collect@https://registry.npmjs.org/minipass-collect/-/minipass-collect-1.0.2.tgz. Extracting by manifest.
425 silly tarball no local data for next-tick@https://registry.npmjs.org/next-tick/-/next-tick-1.1.0.tgz. Extracting by manifest.
426 silly tarball no local data for mini-css-extract-plugin@https://registry.npmjs.org/mini-css-extract-plugin/-/mini-css-extract-plugin-2.9.0.tgz. Extracting by manifest.
427 silly tarball no local data for mimic-fn@https://registry.npmjs.org/mimic-fn/-/mimic-fn-2.1.0.tgz. Extracting by manifest.
428 silly tarball no local data for minimist@https://registry.npmjs.org/minimist/-/minimist-1.2.6.tgz. Extracting by manifest.
429 silly tarball no local data for mimic-response@https://registry.npmjs.org/mimic-response/-/mimic-response-1.0.1.tgz. Extracting by manifest.
430 silly tarball no local data for mime-db@https://registry.npmjs.org/mime-db/-/mime-db-1.52.0.tgz. Extracting by manifest.
431 silly tarball no local data for mime@https://registry.npmjs.org/mime/-/mime-3.0.0.tgz. Extracting by manifest.
432 silly tarball no local data for mime-types@https://registry.npmjs.org/mime-types/-/mime-types-2.1.35.tgz. Extracting by manifest.
433 silly tarball no local data for micromatch@https://registry.npmjs.org/micromatch/-/micromatch-4.0.5.tgz. Extracting by manifest.
434 silly tarball no local data for merge2@https://registry.npmjs.org/merge2/-/merge2-1.4.1.tgz. Extracting by manifest.
435 silly tarball no local data for merge-stream@https://registry.npmjs.org/merge-stream/-/merge-stream-2.0.0.tgz. Extracting by manifest.
436 silly tarball no local data for media-typer@https://registry.npmjs.org/media-typer/-/media-typer-0.3.0.tgz. Extracting by manifest.
437 silly tarball no local data for memoizee@https://registry.npmjs.org/memoizee/-/memoizee-0.4.15.tgz. Extracting by manifest.
438 silly tarball no local data for mdurl@https://registry.npmjs.org/mdurl/-/mdurl-1.0.1.tgz. Extracting by manifest.
439 silly tarball no local data for markdown-it@https://registry.npmjs.org/markdown-it/-/markdown-it-13.0.2.tgz. Extracting by manifest.
440 silly tarball no local data for make-promises-safe@https://registry.npmjs.org/make-promises-safe/-/make-promises-safe-5.1.0.tgz. Extracting by manifest.
441 silly tarball no local data for makeerror@https://registry.npmjs.org/makeerror/-/makeerror-1.0.12.tgz. Extracting by manifest.
442 silly tarball no local data for make-dir@https://registry.npmjs.org/make-dir/-/make-dir-4.0.0.tgz. Extracting by manifest.
443 silly tarball no local data for lru-queue@https://registry.npmjs.org/lru-queue/-/lru-queue-0.1.0.tgz. Extracting by manifest.
444 silly tarball no local data for minimatch@https://registry.npmjs.org/minimatch/-/minimatch-3.1.2.tgz. Extracting by manifest.
445 silly tarball no local data for make-fetch-happen@https://registry.npmjs.org/make-fetch-happen/-/make-fetch-happen-11.1.1.tgz. Extracting by manifest.
446 silly tarball no local data for lodash.isempty@https://registry.npmjs.org/lodash.isempty/-/lodash.isempty-4.4.0.tgz. Extracting by manifest.
447 silly tarball no local data for lodash.merge@https://registry.npmjs.org/lodash.merge/-/lodash.merge-4.6.2.tgz. Extracting by manifest.
448 silly tarball no local data for lowercase-keys@https://registry.npmjs.org/lowercase-keys/-/lowercase-keys-3.0.0.tgz. Extracting by manifest.
449 silly tarball no local data for lodash@https://registry.npmjs.org/lodash/-/lodash-4.17.21.tgz. Extracting by manifest.
450 silly tarball no local data for lodash.compact@https://registry.npmjs.org/lodash.compact/-/lodash.compact-3.0.1.tgz. Extracting by manifest.
451 silly tarball no local data for lodash.castarray@https://registry.npmjs.org/lodash.castarray/-/lodash.castarray-4.4.0.tgz. Extracting by manifest.
452 silly tarball no local data for locate-path@https://registry.npmjs.org/locate-path/-/locate-path-6.0.0.tgz. Extracting by manifest.
453 silly tarball no local data for loader-runner@https://registry.npmjs.org/loader-runner/-/loader-runner-4.3.0.tgz. Extracting by manifest.
454 silly tarball no local data for linkify-it@https://registry.npmjs.org/linkify-it/-/linkify-it-4.0.1.tgz. Extracting by manifest.
455 silly tarball no local data for light-my-request@https://registry.npmjs.org/light-my-request/-/light-my-request-5.13.0.tgz. Extracting by manifest.
456 silly tarball no local data for lines-and-columns@https://registry.npmjs.org/lines-and-columns/-/lines-and-columns-1.2.4.tgz. Extracting by manifest.
457 silly tarball no local data for leven@https://registry.npmjs.org/leven/-/leven-3.1.0.tgz. Extracting by manifest.
458 silly tarball no local data for levn@https://registry.npmjs.org/levn/-/levn-0.4.1.tgz. Extracting by manifest.
459 silly tarball no local data for latest-version@https://registry.npmjs.org/latest-version/-/latest-version-7.0.0.tgz. Extracting by manifest.
460 silly tarball no local data for knex@https://registry.npmjs.org/knex/-/knex-3.1.0.tgz. Extracting by manifest.
461 silly tarball no local data for kleur@https://registry.npmjs.org/kleur/-/kleur-3.0.3.tgz. Extracting by manifest.
462 silly tarball no local data for kind-of@https://registry.npmjs.org/kind-of/-/kind-of-6.0.3.tgz. Extracting by manifest.
463 silly tarball no local data for keyv@https://registry.npmjs.org/keyv/-/keyv-4.5.4.tgz. Extracting by manifest.
464 silly tarball no local data for jstransformer@https://registry.npmjs.org/jstransformer/-/jstransformer-1.0.0.tgz. Extracting by manifest.
465 silly tarball no local data for jstransformer-markdown-it@https://registry.npmjs.org/jstransformer-markdown-it/-/jstransformer-markdown-it-3.0.0.tgz. Extracting by manifest.
466 silly tarball no local data for lru-cache@https://registry.npmjs.org/lru-cache/-/lru-cache-5.1.1.tgz. Extracting by manifest.
467 silly tarball no local data for jsonlines@https://registry.npmjs.org/jsonlines/-/jsonlines-0.1.1.tgz. Extracting by manifest.
468 silly tarball no local data for json5@https://registry.npmjs.org/json5/-/json5-2.2.3.tgz. Extracting by manifest.
469 silly tarball no local data for jsonparse@https://registry.npmjs.org/jsonparse/-/jsonparse-1.3.1.tgz. Extracting by manifest.
470 silly tarball no local data for json-schema-traverse@https://registry.npmjs.org/json-schema-traverse/-/json-schema-traverse-0.4.1.tgz. Extracting by manifest.
471 silly tarball no local data for json-parse-helpfulerror@https://registry.npmjs.org/json-parse-helpfulerror/-/json-parse-helpfulerror-1.0.3.tgz. Extracting by manifest.
472 silly tarball no local data for json-stable-stringify-without-jsonify@https://registry.npmjs.org/json-stable-stringify-without-jsonify/-/json-stable-stringify-without-jsonify-1.0.1.tgz. Extracting by manifest.
473 silly tarball no local data for json-parse-even-better-errors@https://registry.npmjs.org/json-parse-even-better-errors/-/json-parse-even-better-errors-2.3.1.tgz. Extracting by manifest.
474 silly tarball no local data for json-schema-ref-resolver@https://registry.npmjs.org/json-schema-ref-resolver/-/json-schema-ref-resolver-1.0.1.tgz. Extracting by manifest.
475 silly tarball no local data for js-tokens@https://registry.npmjs.org/js-tokens/-/js-tokens-4.0.0.tgz. Extracting by manifest.
476 silly tarball no local data for json-buffer@https://registry.npmjs.org/json-buffer/-/json-buffer-3.0.1.tgz. Extracting by manifest.
477 silly tarball no local data for js-yaml@https://registry.npmjs.org/js-yaml/-/js-yaml-4.1.0.tgz. Extracting by manifest.
478 silly tarball no local data for jsesc@https://registry.npmjs.org/jsesc/-/jsesc-2.5.2.tgz. Extracting by manifest.
479 silly tarball no local data for js-stringify@https://registry.npmjs.org/js-stringify/-/js-stringify-1.0.2.tgz. Extracting by manifest.
480 silly tarball no local data for js-cookie@https://registry.npmjs.org/js-cookie/-/js-cookie-3.0.5.tgz. Extracting by manifest.
481 silly tarball no local data for jsonfile@https://registry.npmjs.org/jsonfile/-/jsonfile-6.1.0.tgz. Extracting by manifest.
482 silly tarball no local data for js-beautify@https://registry.npmjs.org/js-beautify/-/js-beautify-1.15.1.tgz. Extracting by manifest.
483 silly tarball no local data for jju@https://registry.npmjs.org/jju/-/jju-1.4.0.tgz. Extracting by manifest.
484 silly tarball no local data for jquery@https://registry.npmjs.org/jquery/-/jquery-3.7.1.tgz. Extracting by manifest.
485 silly tarball no local data for jest-worker@https://registry.npmjs.org/jest-worker/-/jest-worker-29.7.0.tgz. Extracting by manifest.
486 silly tarball no local data for jest-util@https://registry.npmjs.org/jest-util/-/jest-util-29.7.0.tgz. Extracting by manifest.
487 silly tarball no local data for jest-validate@https://registry.npmjs.org/jest-validate/-/jest-validate-29.7.0.tgz. Extracting by manifest.
488 silly tarball no local data for jest-runtime@https://registry.npmjs.org/jest-runtime/-/jest-runtime-29.7.0.tgz. Extracting by manifest.
489 silly tarball no local data for joycon@https://registry.npmjs.org/joycon/-/joycon-3.1.1.tgz. Extracting by manifest.
490 silly tarball no local data for jest-watcher@https://registry.npmjs.org/jest-watcher/-/jest-watcher-29.7.0.tgz. Extracting by manifest.
491 silly tarball no local data for jest-resolve@https://registry.npmjs.org/jest-resolve/-/jest-resolve-29.7.0.tgz. Extracting by manifest.
492 silly tarball no local data for jest-runner@https://registry.npmjs.org/jest-runner/-/jest-runner-29.7.0.tgz. Extracting by manifest.
493 silly tarball no local data for jest-resolve-dependencies@https://registry.npmjs.org/jest-resolve-dependencies/-/jest-resolve-dependencies-29.7.0.tgz. Extracting by manifest.
494 silly tarball no local data for jest-regex-util@https://registry.npmjs.org/jest-regex-util/-/jest-regex-util-29.6.3.tgz. Extracting by manifest.
495 silly tarball no local data for jest-pnp-resolver@https://registry.npmjs.org/jest-pnp-resolver/-/jest-pnp-resolver-1.2.3.tgz. Extracting by manifest.
496 silly tarball no local data for jest-mock@https://registry.npmjs.org/jest-mock/-/jest-mock-29.7.0.tgz. Extracting by manifest.
497 silly tarball no local data for jest-message-util@https://registry.npmjs.org/jest-message-util/-/jest-message-util-29.7.0.tgz. Extracting by manifest.
498 silly tarball no local data for jest-matcher-utils@https://registry.npmjs.org/jest-matcher-utils/-/jest-matcher-utils-29.7.0.tgz. Extracting by manifest.
499 silly tarball no local data for jest-haste-map@https://registry.npmjs.org/jest-haste-map/-/jest-haste-map-29.7.0.tgz. Extracting by manifest.
500 silly tarball no local data for jest-leak-detector@https://registry.npmjs.org/jest-leak-detector/-/jest-leak-detector-29.7.0.tgz. Extracting by manifest.
501 silly tarball no local data for jest-environment-node@https://registry.npmjs.org/jest-environment-node/-/jest-environment-node-29.7.0.tgz. Extracting by manifest.
502 silly tarball no local data for jest-get-type@https://registry.npmjs.org/jest-get-type/-/jest-get-type-29.6.3.tgz. Extracting by manifest.
503 silly tarball no local data for jest-each@https://registry.npmjs.org/jest-each/-/jest-each-29.7.0.tgz. Extracting by manifest.
504 silly tarball no local data for jest-diff@https://registry.npmjs.org/jest-diff/-/jest-diff-29.7.0.tgz. Extracting by manifest.
505 silly tarball no local data for jest-snapshot@https://registry.npmjs.org/jest-snapshot/-/jest-snapshot-29.7.0.tgz. Extracting by manifest.
506 silly tarball no local data for jest-docblock@https://registry.npmjs.org/jest-docblock/-/jest-docblock-29.7.0.tgz. Extracting by manifest.
507 silly tarball no local data for jest-config@https://registry.npmjs.org/jest-config/-/jest-config-29.7.0.tgz. Extracting by manifest.
508 silly tarball no local data for jest-circus@https://registry.npmjs.org/jest-circus/-/jest-circus-29.7.0.tgz. Extracting by manifest.
509 silly tarball no local data for jest-changed-files@https://registry.npmjs.org/jest-changed-files/-/jest-changed-files-29.7.0.tgz. Extracting by manifest.
510 silly tarball no local data for jest@https://registry.npmjs.org/jest/-/jest-29.7.0.tgz. Extracting by manifest.
511 silly tarball no local data for jackspeak@https://registry.npmjs.org/jackspeak/-/jackspeak-2.3.6.tgz. Extracting by manifest.
512 silly tarball no local data for istanbul-lib-source-maps@https://registry.npmjs.org/istanbul-lib-source-maps/-/istanbul-lib-source-maps-4.0.1.tgz. Extracting by manifest.
513 silly tarball no local data for istanbul-lib-instrument@https://registry.npmjs.org/istanbul-lib-instrument/-/istanbul-lib-instrument-6.0.2.tgz. Extracting by manifest.
514 silly tarball no local data for istanbul-reports@https://registry.npmjs.org/istanbul-reports/-/istanbul-reports-3.1.7.tgz. Extracting by manifest.
515 silly tarball no local data for jest-cli@https://registry.npmjs.org/jest-cli/-/jest-cli-29.7.0.tgz. Extracting by manifest.
516 silly tarball no local data for istanbul-lib-coverage@https://registry.npmjs.org/istanbul-lib-coverage/-/istanbul-lib-coverage-3.2.2.tgz. Extracting by manifest.
517 silly tarball no local data for isexe@https://registry.npmjs.org/isexe/-/isexe-2.0.0.tgz. Extracting by manifest.
518 silly tarball no local data for istanbul-lib-report@https://registry.npmjs.org/istanbul-lib-report/-/istanbul-lib-report-3.0.1.tgz. Extracting by manifest.
519 silly tarball no local data for isbinaryfile@https://registry.npmjs.org/isbinaryfile/-/isbinaryfile-4.0.10.tgz. Extracting by manifest.
520 silly tarball no local data for is-yarn-global@https://registry.npmjs.org/is-yarn-global/-/is-yarn-global-0.4.0.tgz. Extracting by manifest.
521 silly tarball no local data for isarray@https://registry.npmjs.org/isarray/-/isarray-2.0.5.tgz. Extracting by manifest.
522 silly tarball no local data for is-weakref@https://registry.npmjs.org/is-weakref/-/is-weakref-1.0.2.tgz. Extracting by manifest.
523 silly tarball no local data for is-string@https://registry.npmjs.org/is-string/-/is-string-1.0.7.tgz. Extracting by manifest.
524 silly tarball no local data for is-typedarray@https://registry.npmjs.org/is-typedarray/-/is-typedarray-1.0.0.tgz. Extracting by manifest.
525 silly tarball no local data for is-stream@https://registry.npmjs.org/is-stream/-/is-stream-2.0.1.tgz. Extracting by manifest.
526 silly tarball no local data for is-typed-array@https://registry.npmjs.org/is-typed-array/-/is-typed-array-1.1.13.tgz. Extracting by manifest.
527 silly tarball no local data for is-symbol@https://registry.npmjs.org/is-symbol/-/is-symbol-1.0.4.tgz. Extracting by manifest.
528 silly tarball no local data for is-regex@https://registry.npmjs.org/is-regex/-/is-regex-1.1.4.tgz. Extracting by manifest.
529 silly tarball no local data for is-shared-array-buffer@https://registry.npmjs.org/is-shared-array-buffer/-/is-shared-array-buffer-1.0.3.tgz. Extracting by manifest.
530 silly tarball no local data for is-number-object@https://registry.npmjs.org/is-number-object/-/is-number-object-1.0.7.tgz. Extracting by manifest.
531 silly tarball no local data for isobject@https://registry.npmjs.org/isobject/-/isobject-3.0.1.tgz. Extracting by manifest.
532 silly tarball no local data for is-promise@https://registry.npmjs.org/is-promise/-/is-promise-2.2.2.tgz. Extracting by manifest.
533 silly tarball no local data for is-obj@https://registry.npmjs.org/is-obj/-/is-obj-2.0.0.tgz. Extracting by manifest.
534 silly tarball no local data for is-path-inside@https://registry.npmjs.org/is-path-inside/-/is-path-inside-3.0.3.tgz. Extracting by manifest.
535 silly tarball no local data for is-number@https://registry.npmjs.org/is-number/-/is-number-7.0.0.tgz. Extracting by manifest.
536 silly tarball no local data for is-npm@https://registry.npmjs.org/is-npm/-/is-npm-6.0.0.tgz. Extracting by manifest.
537 silly tarball no local data for is-installed-globally@https://registry.npmjs.org/is-installed-globally/-/is-installed-globally-0.4.0.tgz. Extracting by manifest.
538 silly tarball no local data for is-negative-zero@https://registry.npmjs.org/is-negative-zero/-/is-negative-zero-2.0.3.tgz. Extracting by manifest.
539 silly tarball no local data for is-lambda@https://registry.npmjs.org/is-lambda/-/is-lambda-1.0.1.tgz. Extracting by manifest.
540 silly tarball no local data for is-generator-fn@https://registry.npmjs.org/is-generator-fn/-/is-generator-fn-2.1.0.tgz. Extracting by manifest.
541 silly tarball no local data for is-glob@https://registry.npmjs.org/is-glob/-/is-glob-4.0.3.tgz. Extracting by manifest.
542 silly tarball no local data for is-fullwidth-code-point@https://registry.npmjs.org/is-fullwidth-code-point/-/is-fullwidth-code-point-3.0.0.tgz. Extracting by manifest.
543 silly tarball no local data for is-extglob@https://registry.npmjs.org/is-extglob/-/is-extglob-2.1.1.tgz. Extracting by manifest.
544 silly tarball no local data for is-expression@https://registry.npmjs.org/is-expression/-/is-expression-4.0.0.tgz. Extracting by manifest.
545 silly tarball no local data for is-plain-object@https://registry.npmjs.org/is-plain-object/-/is-plain-object-2.0.4.tgz. Extracting by manifest.
546 silly tarball no local data for is-docker@https://registry.npmjs.org/is-docker/-/is-docker-2.2.1.tgz. Extracting by manifest.
547 silly tarball no local data for is-core-module@https://registry.npmjs.org/is-core-module/-/is-core-module-2.13.1.tgz. Extracting by manifest.
548 silly tarball no local data for is-data-view@https://registry.npmjs.org/is-data-view/-/is-data-view-1.0.1.tgz. Extracting by manifest.
549 silly tarball no local data for is-callable@https://registry.npmjs.org/is-callable/-/is-callable-1.2.7.tgz. Extracting by manifest.
550 silly tarball no local data for is-ci@https://registry.npmjs.org/is-ci/-/is-ci-3.0.1.tgz. Extracting by manifest.
551 silly tarball no local data for is-boolean-object@https://registry.npmjs.org/is-boolean-object/-/is-boolean-object-1.1.2.tgz. Extracting by manifest.
552 silly tarball no local data for is-binary-path@https://registry.npmjs.org/is-binary-path/-/is-binary-path-2.1.0.tgz. Extracting by manifest.
553 silly tarball no local data for is-bigint@https://registry.npmjs.org/is-bigint/-/is-bigint-1.0.4.tgz. Extracting by manifest.
554 silly tarball no local data for interpret@https://registry.npmjs.org/interpret/-/interpret-2.2.0.tgz. Extracting by manifest.
555 silly tarball no local data for is-arrayish@https://registry.npmjs.org/is-arrayish/-/is-arrayish-0.2.1.tgz. Extracting by manifest.
556 silly tarball no local data for is-array-buffer@https://registry.npmjs.org/is-array-buffer/-/is-array-buffer-3.0.4.tgz. Extracting by manifest.
557 silly tarball no local data for ip@https://registry.npmjs.org/ip/-/ip-2.0.0.tgz. Extracting by manifest.
558 silly tarball no local data for ipaddr.js@https://registry.npmjs.org/ipaddr.js/-/ipaddr.js-1.9.1.tgz. Extracting by manifest.
559 silly tarball no local data for internal-slot@https://registry.npmjs.org/internal-slot/-/internal-slot-1.0.7.tgz. Extracting by manifest.
560 silly tarball no local data for is-date-object@https://registry.npmjs.org/is-date-object/-/is-date-object-1.0.5.tgz. Extracting by manifest.
561 silly tarball no local data for inherits@https://registry.npmjs.org/inherits/-/inherits-2.0.4.tgz. Extracting by manifest.
562 silly tarball no local data for infer-owner@https://registry.npmjs.org/infer-owner/-/infer-owner-1.0.4.tgz. Extracting by manifest.
563 silly tarball no local data for ini@https://registry.npmjs.org/ini/-/ini-2.0.0.tgz. Extracting by manifest.
564 silly tarball no local data for inflection@https://registry.npmjs.org/inflection/-/inflection-1.13.4.tgz. Extracting by manifest.
565 silly tarball no local data for import-fresh@https://registry.npmjs.org/import-fresh/-/import-fresh-3.3.0.tgz. Extracting by manifest.
566 silly tarball no local data for imurmurhash@https://registry.npmjs.org/imurmurhash/-/imurmurhash-0.1.4.tgz. Extracting by manifest.
567 silly tarball no local data for indent-string@https://registry.npmjs.org/indent-string/-/indent-string-4.0.0.tgz. Extracting by manifest.
568 silly tarball no local data for import-local@https://registry.npmjs.org/import-local/-/import-local-3.1.0.tgz. Extracting by manifest.
569 silly tarball no local data for import-lazy@https://registry.npmjs.org/import-lazy/-/import-lazy-4.0.0.tgz. Extracting by manifest.
570 silly tarball no local data for ignore-walk@https://registry.npmjs.org/ignore-walk/-/ignore-walk-6.0.4.tgz. Extracting by manifest.
571 silly tarball no local data for ignore@https://registry.npmjs.org/ignore/-/ignore-5.2.0.tgz. Extracting by manifest.
572 silly tarball no local data for ieee754@https://registry.npmjs.org/ieee754/-/ieee754-1.2.1.tgz. Extracting by manifest.
573 silly tarball no local data for iconv-lite@https://registry.npmjs.org/iconv-lite/-/iconv-lite-0.6.3.tgz. Extracting by manifest.
574 silly tarball no local data for icss-utils@https://registry.npmjs.org/icss-utils/-/icss-utils-5.1.0.tgz. Extracting by manifest.
575 silly tarball no local data for i18next@https://registry.npmjs.org/i18next/-/i18next-23.11.2.tgz. Extracting by manifest.
576 silly tarball no local data for humanize-ms@https://registry.npmjs.org/humanize-ms/-/humanize-ms-1.2.1.tgz. Extracting by manifest.
577 silly tarball no local data for inflight@https://registry.npmjs.org/inflight/-/inflight-1.0.6.tgz. Extracting by manifest.
578 silly tarball no local data for https-proxy-agent@https://registry.npmjs.org/https-proxy-agent/-/https-proxy-agent-5.0.1.tgz. Extracting by manifest.
579 silly tarball no local data for http2-wrapper@https://registry.npmjs.org/http2-wrapper/-/http2-wrapper-2.1.11.tgz. Extracting by manifest.
580 silly tarball no local data for http-proxy-agent@https://registry.npmjs.org/http-proxy-agent/-/http-proxy-agent-5.0.0.tgz. Extracting by manifest.
581 silly tarball no local data for http-errors@https://registry.npmjs.org/http-errors/-/http-errors-2.0.0.tgz. Extracting by manifest.
582 silly tarball no local data for html-escaper@https://registry.npmjs.org/html-escaper/-/html-escaper-2.0.2.tgz. Extracting by manifest.
583 silly tarball no local data for hosted-git-info@https://registry.npmjs.org/hosted-git-info/-/hosted-git-info-5.2.1.tgz. Extracting by manifest.
584 silly tarball no local data for help-me@https://registry.npmjs.org/help-me/-/help-me-4.2.0.tgz. Extracting by manifest.
585 silly tarball no local data for http-cache-semantics@https://registry.npmjs.org/http-cache-semantics/-/http-cache-semantics-4.1.1.tgz. Extracting by manifest.
586 silly tarball no local data for hasown@https://registry.npmjs.org/hasown/-/hasown-2.0.2.tgz. Extracting by manifest.
587 silly tarball no local data for hashlru@https://registry.npmjs.org/hashlru/-/hashlru-2.3.0.tgz. Extracting by manifest.
588 silly tarball no local data for has-yarn@https://registry.npmjs.org/has-yarn/-/has-yarn-3.0.0.tgz. Extracting by manifest.
589 silly tarball no local data for has-unicode@https://registry.npmjs.org/has-unicode/-/has-unicode-2.0.1.tgz. Extracting by manifest.
590 silly tarball no local data for has-tostringtag@https://registry.npmjs.org/has-tostringtag/-/has-tostringtag-1.0.2.tgz. Extracting by manifest.
591 silly tarball no local data for human-signals@https://registry.npmjs.org/human-signals/-/human-signals-2.1.0.tgz. Extracting by manifest.
592 silly tarball no local data for has-symbols@https://registry.npmjs.org/has-symbols/-/has-symbols-1.0.3.tgz. Extracting by manifest.
593 silly tarball no local data for has-flag@https://registry.npmjs.org/has-flag/-/has-flag-4.0.0.tgz. Extracting by manifest.
594 silly tarball no local data for has-proto@https://registry.npmjs.org/has-proto/-/has-proto-1.0.3.tgz. Extracting by manifest.
595 silly tarball no local data for graphemer@https://registry.npmjs.org/graphemer/-/graphemer-1.4.0.tgz. Extracting by manifest.
596 silly tarball no local data for graceful-fs@https://registry.npmjs.org/graceful-fs/-/graceful-fs-4.2.10.tgz. Extracting by manifest.
597 silly tarball no local data for has-bigints@https://registry.npmjs.org/has-bigints/-/has-bigints-1.0.2.tgz. Extracting by manifest.
598 silly tarball no local data for got@https://registry.npmjs.org/got/-/got-12.3.1.tgz. Extracting by manifest.
599 silly tarball no local data for globby@https://registry.npmjs.org/globby/-/globby-11.1.0.tgz. Extracting by manifest.
600 silly tarball no local data for has-property-descriptors@https://registry.npmjs.org/has-property-descriptors/-/has-property-descriptors-1.0.2.tgz. Extracting by manifest.
601 silly tarball no local data for gopd@https://registry.npmjs.org/gopd/-/gopd-1.0.1.tgz. Extracting by manifest.
602 silly tarball no local data for globals@https://registry.npmjs.org/globals/-/globals-15.0.0.tgz. Extracting by manifest.
603 silly tarball no local data for global-dirs@https://registry.npmjs.org/global-dirs/-/global-dirs-3.0.0.tgz. Extracting by manifest.
604 silly tarball no local data for glob-to-regexp@https://registry.npmjs.org/glob-to-regexp/-/glob-to-regexp-0.4.1.tgz. Extracting by manifest.
605 silly tarball no local data for glob-parent@https://registry.npmjs.org/glob-parent/-/glob-parent-6.0.2.tgz. Extracting by manifest.
606 silly tarball no local data for glob@https://registry.npmjs.org/glob/-/glob-10.3.12.tgz. Extracting by manifest.
607 silly tarball no local data for github-from-package@https://registry.npmjs.org/github-from-package/-/github-from-package-0.0.0.tgz. Extracting by manifest.
608 silly tarball no local data for get-symbol-description@https://registry.npmjs.org/get-symbol-description/-/get-symbol-description-1.0.2.tgz. Extracting by manifest.
609 silly tarball no local data for getopts@https://registry.npmjs.org/getopts/-/getopts-2.3.0.tgz. Extracting by manifest.
610 silly tarball no local data for get-stream@https://registry.npmjs.org/get-stream/-/get-stream-6.0.1.tgz. Extracting by manifest.
611 silly tarball no local data for get-stdin@https://registry.npmjs.org/get-stdin/-/get-stdin-8.0.0.tgz. Extracting by manifest.
612 silly tarball no local data for get-intrinsic@https://registry.npmjs.org/get-intrinsic/-/get-intrinsic-1.2.4.tgz. Extracting by manifest.
613 silly tarball no local data for get-package-type@https://registry.npmjs.org/get-package-type/-/get-package-type-0.1.0.tgz. Extracting by manifest.
614 silly tarball no local data for globalthis@https://registry.npmjs.org/globalthis/-/globalthis-1.0.3.tgz. Extracting by manifest.
615 silly tarball no local data for gensync@https://registry.npmjs.org/gensync/-/gensync-1.0.0-beta.2.tgz. Extracting by manifest.
616 silly tarball no local data for gauge@https://registry.npmjs.org/gauge/-/gauge-4.0.4.tgz. Extracting by manifest.
617 silly tarball no local data for generify@https://registry.npmjs.org/generify/-/generify-4.2.0.tgz. Extracting by manifest.
618 silly tarball no local data for functions-have-names@https://registry.npmjs.org/functions-have-names/-/functions-have-names-1.2.3.tgz. Extracting by manifest.
619 silly tarball no local data for fs.realpath@https://registry.npmjs.org/fs.realpath/-/fs.realpath-1.0.0.tgz. Extracting by manifest.
620 silly tarball no local data for function.prototype.name@https://registry.npmjs.org/function.prototype.name/-/function.prototype.name-1.1.6.tgz. Extracting by manifest.
621 silly tarball no local data for function-bind@https://registry.npmjs.org/function-bind/-/function-bind-1.1.2.tgz. Extracting by manifest.
622 silly tarball no local data for fs-minipass@https://registry.npmjs.org/fs-minipass/-/fs-minipass-2.1.0.tgz. Extracting by manifest.
623 silly tarball no local data for fs-extra@https://registry.npmjs.org/fs-extra/-/fs-extra-9.1.0.tgz. Extracting by manifest.
624 silly tarball no local data for fp-and-or@https://registry.npmjs.org/fp-and-or/-/fp-and-or-0.1.4.tgz. Extracting by manifest.
625 silly tarball no local data for fs-constants@https://registry.npmjs.org/fs-constants/-/fs-constants-1.0.0.tgz. Extracting by manifest.
626 silly tarball no local data for forwarded@https://registry.npmjs.org/forwarded/-/forwarded-0.2.0.tgz. Extracting by manifest.
627 silly tarball no local data for flat-cache@https://registry.npmjs.org/flat-cache/-/flat-cache-3.2.0.tgz. Extracting by manifest.
628 silly tarball no local data for foreground-child@https://registry.npmjs.org/foreground-child/-/foreground-child-3.1.1.tgz. Extracting by manifest.
629 silly tarball no local data for form-data-encoder@https://registry.npmjs.org/form-data-encoder/-/form-data-encoder-2.1.0.tgz. Extracting by manifest.
630 silly tarball no local data for flatted@https://registry.npmjs.org/flatted/-/flatted-3.3.1.tgz. Extracting by manifest.
631 silly tarball no local data for get-caller-file@https://registry.npmjs.org/get-caller-file/-/get-caller-file-2.0.5.tgz. Extracting by manifest.
632 silly tarball no local data for find-up@https://registry.npmjs.org/find-up/-/find-up-5.0.0.tgz. Extracting by manifest.
633 silly tarball no local data for for-each@https://registry.npmjs.org/for-each/-/for-each-0.3.3.tgz. Extracting by manifest.
634 silly tarball no local data for fill-range@https://registry.npmjs.org/fill-range/-/fill-range-7.0.1.tgz. Extracting by manifest.
635 silly tarball no local data for file-entry-cache@https://registry.npmjs.org/file-entry-cache/-/file-entry-cache-6.0.1.tgz. Extracting by manifest.
636 silly tarball no local data for fastify-plugin@https://registry.npmjs.org/fastify-plugin/-/fastify-plugin-3.0.1.tgz. Extracting by manifest.
637 silly tarball no local data for file-uri-to-path@https://registry.npmjs.org/file-uri-to-path/-/file-uri-to-path-1.0.0.tgz. Extracting by manifest.
638 silly tarball no local data for fb-watchman@https://registry.npmjs.org/fb-watchman/-/fb-watchman-2.0.2.tgz. Extracting by manifest.
639 silly tarball no local data for fastq@https://registry.npmjs.org/fastq/-/fastq-1.17.1.tgz. Extracting by manifest.
640 silly tarball no local data for fastify-objectionjs@https://registry.npmjs.org/fastify-objectionjs/-/fastify-objectionjs-2.0.1.tgz. Extracting by manifest.
641 silly tarball no local data for fastify-method-override@https://registry.npmjs.org/fastify-method-override/-/fastify-method-override-1.5.10.tgz. Extracting by manifest.
642 silly tarball no local data for fastify-reverse-routes@https://registry.npmjs.org/fastify-reverse-routes/-/fastify-reverse-routes-3.0.0.tgz. Extracting by manifest.
643 silly tarball no local data for find-my-way@https://registry.npmjs.org/find-my-way/-/find-my-way-8.1.0.tgz. Extracting by manifest.
644 silly tarball no local data for fastify-cli@https://registry.npmjs.org/fastify-cli/-/fastify-cli-6.1.1.tgz. Extracting by manifest.
645 silly tarball no local data for fast-uri@https://registry.npmjs.org/fast-uri/-/fast-uri-2.3.0.tgz. Extracting by manifest.
646 silly tarball no local data for fastify@https://registry.npmjs.org/fastify/-/fastify-4.26.2.tgz. Extracting by manifest.
647 silly tarball no local data for fastest-levenshtein@https://registry.npmjs.org/fastest-levenshtein/-/fastest-levenshtein-1.0.16.tgz. Extracting by manifest.
648 silly tarball no local data for fast-safe-stringify@https://registry.npmjs.org/fast-safe-stringify/-/fast-safe-stringify-2.1.1.tgz. Extracting by manifest.
649 silly tarball no local data for fast-redact@https://registry.npmjs.org/fast-redact/-/fast-redact-3.5.0.tgz. Extracting by manifest.
650 silly tarball no local data for fast-querystring@https://registry.npmjs.org/fast-querystring/-/fast-querystring-1.0.0.tgz. Extracting by manifest.
651 silly tarball no local data for fast-memoize@https://registry.npmjs.org/fast-memoize/-/fast-memoize-2.5.2.tgz. Extracting by manifest.
652 silly tarball no local data for fast-levenshtein@https://registry.npmjs.org/fast-levenshtein/-/fast-levenshtein-2.0.6.tgz. Extracting by manifest.
653 silly tarball no local data for fast-json-stringify@https://registry.npmjs.org/fast-json-stringify/-/fast-json-stringify-5.14.1.tgz. Extracting by manifest.
654 silly tarball no local data for fast-json-stable-stringify@https://registry.npmjs.org/fast-json-stable-stringify/-/fast-json-stable-stringify-2.1.0.tgz. Extracting by manifest.
655 silly tarball no local data for fast-glob@https://registry.npmjs.org/fast-glob/-/fast-glob-3.2.11.tgz. Extracting by manifest.
656 silly tarball no local data for fast-deep-equal@https://registry.npmjs.org/fast-deep-equal/-/fast-deep-equal-3.1.3.tgz. Extracting by manifest.
657 silly tarball no local data for fast-decode-uri-component@https://registry.npmjs.org/fast-decode-uri-component/-/fast-decode-uri-component-1.0.1.tgz. Extracting by manifest.
658 silly tarball no local data for fast-copy@https://registry.npmjs.org/fast-copy/-/fast-copy-3.0.2.tgz. Extracting by manifest.
659 silly tarball no local data for fast-content-type-parse@https://registry.npmjs.org/fast-content-type-parse/-/fast-content-type-parse-1.1.0.tgz. Extracting by manifest.
660 silly tarball no local data for exponential-backoff@https://registry.npmjs.org/exponential-backoff/-/exponential-backoff-3.1.1.tgz. Extracting by manifest.
661 silly tarball no local data for ext@https://registry.npmjs.org/ext/-/ext-1.7.0.tgz. Extracting by manifest.
662 silly tarball no local data for expect@https://registry.npmjs.org/expect/-/expect-29.7.0.tgz. Extracting by manifest.
663 silly tarball no local data for fastify-error-page@https://registry.npmjs.org/fastify-error-page/-/fastify-error-page-4.0.0.tgz. Extracting by manifest.
664 silly tarball no local data for exit@https://registry.npmjs.org/exit/-/exit-0.1.2.tgz. Extracting by manifest.
665 silly tarball no local data for execa@https://registry.npmjs.org/execa/-/execa-5.1.1.tgz. Extracting by manifest.
666 silly tarball no local data for events@https://registry.npmjs.org/events/-/events-3.3.0.tgz. Extracting by manifest.
667 silly tarball no local data for event-target-shim@https://registry.npmjs.org/event-target-shim/-/event-target-shim-5.0.1.tgz. Extracting by manifest.
668 silly tarball no local data for event-emitter@https://registry.npmjs.org/event-emitter/-/event-emitter-0.3.5.tgz. Extracting by manifest.
669 silly tarball no local data for esutils@https://registry.npmjs.org/esutils/-/esutils-2.0.3.tgz. Extracting by manifest.
670 silly tarball no local data for estraverse@https://registry.npmjs.org/estraverse/-/estraverse-5.3.0.tgz. Extracting by manifest.
671 silly tarball no local data for esquery@https://registry.npmjs.org/esquery/-/esquery-1.5.0.tgz. Extracting by manifest.
672 silly tarball no local data for esrecurse@https://registry.npmjs.org/esrecurse/-/esrecurse-4.3.0.tgz. Extracting by manifest.
673 silly tarball no local data for espree@https://registry.npmjs.org/espree/-/espree-10.0.1.tgz. Extracting by manifest.
674 silly tarball no local data for esniff@https://registry.npmjs.org/esniff/-/esniff-2.0.1.tgz. Extracting by manifest.
675 silly tarball no local data for esm@https://registry.npmjs.org/esm/-/esm-3.2.25.tgz. Extracting by manifest.
676 silly tarball no local data for esprima@https://registry.npmjs.org/esprima/-/esprima-4.0.1.tgz. Extracting by manifest.
677 silly tarball no local data for eslint-scope@https://registry.npmjs.org/eslint-scope/-/eslint-scope-7.2.2.tgz. Extracting by manifest.
678 silly tarball no local data for eslint-visitor-keys@https://registry.npmjs.org/eslint-visitor-keys/-/eslint-visitor-keys-3.4.3.tgz. Extracting by manifest.
679 silly tarball no local data for eslint-plugin-import@https://registry.npmjs.org/eslint-plugin-import/-/eslint-plugin-import-2.29.1.tgz. Extracting by manifest.
680 silly tarball no local data for eslint-module-utils@https://registry.npmjs.org/eslint-module-utils/-/eslint-module-utils-2.8.1.tgz. Extracting by manifest.
681 silly tarball no local data for eslint-config-airbnb-base@https://registry.npmjs.org/eslint-config-airbnb-base/-/eslint-config-airbnb-base-15.0.0.tgz. Extracting by manifest.
682 silly tarball no local data for eslint@https://registry.npmjs.org/eslint/-/eslint-8.57.0.tgz. Extracting by manifest.
683 silly tarball no local data for expand-template@https://registry.npmjs.org/expand-template/-/expand-template-2.0.3.tgz. Extracting by manifest.
684 silly tarball no local data for eslint-import-resolver-node@https://registry.npmjs.org/eslint-import-resolver-node/-/eslint-import-resolver-node-0.3.9.tgz. Extracting by manifest.
685 silly tarball no local data for escape-html@https://registry.npmjs.org/escape-html/-/escape-html-1.0.3.tgz. Extracting by manifest.
686 silly tarball no local data for escalade@https://registry.npmjs.org/escalade/-/escalade-3.1.1.tgz. Extracting by manifest.
687 silly tarball no local data for escape-goat@https://registry.npmjs.org/escape-goat/-/escape-goat-4.0.0.tgz. Extracting by manifest.
688 silly tarball no local data for es5-ext@https://registry.npmjs.org/es5-ext/-/es5-ext-0.10.64.tgz. Extracting by manifest.
689 silly tarball no local data for es6-weak-map@https://registry.npmjs.org/es6-weak-map/-/es6-weak-map-2.0.3.tgz. Extracting by manifest.
690 silly tarball no local data for es6-iterator@https://registry.npmjs.org/es6-iterator/-/es6-iterator-2.0.3.tgz. Extracting by manifest.
691 silly tarball no local data for es6-symbol@https://registry.npmjs.org/es6-symbol/-/es6-symbol-3.1.4.tgz. Extracting by manifest.
692 silly tarball no local data for es-to-primitive@https://registry.npmjs.org/es-to-primitive/-/es-to-primitive-1.2.1.tgz. Extracting by manifest.
693 silly tarball no local data for es-shim-unscopables@https://registry.npmjs.org/es-shim-unscopables/-/es-shim-unscopables-1.0.2.tgz. Extracting by manifest.
694 silly tarball no local data for es-set-tostringtag@https://registry.npmjs.org/es-set-tostringtag/-/es-set-tostringtag-2.0.3.tgz. Extracting by manifest.
695 silly tarball no local data for es-object-atoms@https://registry.npmjs.org/es-object-atoms/-/es-object-atoms-1.0.0.tgz. Extracting by manifest.
696 silly tarball no local data for es-errors@https://registry.npmjs.org/es-errors/-/es-errors-1.3.0.tgz. Extracting by manifest.
697 silly tarball no local data for es-module-lexer@https://registry.npmjs.org/es-module-lexer/-/es-module-lexer-1.5.0.tgz. Extracting by manifest.
698 silly tarball no local data for es-define-property@https://registry.npmjs.org/es-define-property/-/es-define-property-1.0.0.tgz. Extracting by manifest.
699 silly tarball no local data for es-abstract@https://registry.npmjs.org/es-abstract/-/es-abstract-1.23.3.tgz. Extracting by manifest.
700 silly tarball no local data for error-ex@https://registry.npmjs.org/error-ex/-/error-ex-1.3.2.tgz. Extracting by manifest.
701 silly tarball no local data for escape-string-regexp@https://registry.npmjs.org/escape-string-regexp/-/escape-string-regexp-1.0.5.tgz. Extracting by manifest.
702 silly tarball no local data for envinfo@https://registry.npmjs.org/envinfo/-/envinfo-7.12.0.tgz. Extracting by manifest.
703 silly tarball no local data for entities@https://registry.npmjs.org/entities/-/entities-3.0.1.tgz. Extracting by manifest.
704 silly tarball no local data for env-paths@https://registry.npmjs.org/env-paths/-/env-paths-2.2.1.tgz. Extracting by manifest.
705 silly tarball no local data for end-of-stream@https://registry.npmjs.org/end-of-stream/-/end-of-stream-1.4.4.tgz. Extracting by manifest.
706 silly tarball no local data for enhanced-resolve@https://registry.npmjs.org/enhanced-resolve/-/enhanced-resolve-5.16.0.tgz. Extracting by manifest.
707 silly tarball no local data for emoji-regex@https://registry.npmjs.org/emoji-regex/-/emoji-regex-8.0.0.tgz. Extracting by manifest.
708 silly tarball no local data for encoding@https://registry.npmjs.org/encoding/-/encoding-0.1.13.tgz. Extracting by manifest.
709 silly tarball no local data for emittery@https://registry.npmjs.org/emittery/-/emittery-0.13.1.tgz. Extracting by manifest.
710 silly tarball no local data for editorconfig@https://registry.npmjs.org/editorconfig/-/editorconfig-1.0.4.tgz. Extracting by manifest.
711 silly tarball no local data for electron-to-chromium@https://registry.npmjs.org/electron-to-chromium/-/electron-to-chromium-1.4.746.tgz. Extracting by manifest.
712 silly tarball no local data for eastasianwidth@https://registry.npmjs.org/eastasianwidth/-/eastasianwidth-0.2.0.tgz. Extracting by manifest.
713 silly tarball no local data for dot-prop@https://registry.npmjs.org/dot-prop/-/dot-prop-6.0.1.tgz. Extracting by manifest.
714 silly tarball no local data for dottie@https://registry.npmjs.org/dottie/-/dottie-2.0.6.tgz. Extracting by manifest.
715 silly tarball no local data for dotenv@https://registry.npmjs.org/dotenv/-/dotenv-16.4.5.tgz. Extracting by manifest.
716 silly tarball no local data for doctrine@https://registry.npmjs.org/doctrine/-/doctrine-3.0.0.tgz. Extracting by manifest.
717 silly tarball no local data for doctypes@https://registry.npmjs.org/doctypes/-/doctypes-1.1.0.tgz. Extracting by manifest.
718 silly tarball no local data for diff-sequences@https://registry.npmjs.org/diff-sequences/-/diff-sequences-29.6.3.tgz. Extracting by manifest.
719 silly tarball no local data for dir-glob@https://registry.npmjs.org/dir-glob/-/dir-glob-3.0.1.tgz. Extracting by manifest.
720 silly tarball no local data for detect-newline@https://registry.npmjs.org/detect-newline/-/detect-newline-3.1.0.tgz. Extracting by manifest.
721 silly tarball no local data for detect-libc@https://registry.npmjs.org/detect-libc/-/detect-libc-2.0.3.tgz. Extracting by manifest.
722 silly tarball no local data for err-code@https://registry.npmjs.org/err-code/-/err-code-2.0.3.tgz. Extracting by manifest.
723 silly tarball no local data for depd@https://registry.npmjs.org/depd/-/depd-2.0.0.tgz. Extracting by manifest.
724 silly tarball no local data for define-data-property@https://registry.npmjs.org/define-data-property/-/define-data-property-1.1.4.tgz. Extracting by manifest.
725 silly tarball no local data for define-properties@https://registry.npmjs.org/define-properties/-/define-properties-1.2.1.tgz. Extracting by manifest.
726 silly tarball no local data for deepmerge@https://registry.npmjs.org/deepmerge/-/deepmerge-4.3.1.tgz. Extracting by manifest.
727 silly tarball no local data for decompress-response@https://registry.npmjs.org/decompress-response/-/decompress-response-6.0.0.tgz. Extracting by manifest.
728 silly tarball no local data for defer-to-connect@https://registry.npmjs.org/defer-to-connect/-/defer-to-connect-2.0.1.tgz. Extracting by manifest.
729 silly tarball no local data for deep-is@https://registry.npmjs.org/deep-is/-/deep-is-0.1.4.tgz. Extracting by manifest.
730 silly tarball no local data for deep-extend@https://registry.npmjs.org/deep-extend/-/deep-extend-0.6.0.tgz. Extracting by manifest.
731 silly tarball no local data for dedent@https://registry.npmjs.org/dedent/-/dedent-1.5.3.tgz. Extracting by manifest.
732 silly tarball no local data for debug@https://registry.npmjs.org/debug/-/debug-4.3.4.tgz. Extracting by manifest.
733 silly tarball no local data for date-fns@https://registry.npmjs.org/date-fns/-/date-fns-2.30.0.tgz. Extracting by manifest.
734 silly tarball no local data for db-errors@https://registry.npmjs.org/db-errors/-/db-errors-0.2.3.tgz. Extracting by manifest.
735 silly tarball no local data for dateformat@https://registry.npmjs.org/dateformat/-/dateformat-4.6.3.tgz. Extracting by manifest.
736 silly tarball no local data for data-view-byte-offset@https://registry.npmjs.org/data-view-byte-offset/-/data-view-byte-offset-1.0.0.tgz. Extracting by manifest.
737 silly tarball no local data for data-view-buffer@https://registry.npmjs.org/data-view-buffer/-/data-view-buffer-1.0.1.tgz. Extracting by manifest.
738 silly tarball no local data for data-view-byte-length@https://registry.npmjs.org/data-view-byte-length/-/data-view-byte-length-1.0.1.tgz. Extracting by manifest.
739 silly tarball no local data for d@https://registry.npmjs.org/d/-/d-1.0.2.tgz. Extracting by manifest.
740 silly tarball no local data for cssesc@https://registry.npmjs.org/cssesc/-/cssesc-3.0.0.tgz. Extracting by manifest.
741 silly tarball no local data for css-loader@https://registry.npmjs.org/css-loader/-/css-loader-7.1.1.tgz. Extracting by manifest.
742 silly tarball no local data for delegates@https://registry.npmjs.org/delegates/-/delegates-1.0.0.tgz. Extracting by manifest.
743 silly tarball no local data for cross-spawn@https://registry.npmjs.org/cross-spawn/-/cross-spawn-7.0.3.tgz. Extracting by manifest.
744 silly tarball no local data for cookie-signature@https://registry.npmjs.org/cookie-signature/-/cookie-signature-1.2.1.tgz. Extracting by manifest.
745 silly tarball no local data for create-jest@https://registry.npmjs.org/create-jest/-/create-jest-29.7.0.tgz. Extracting by manifest.
746 silly tarball no local data for cookie@https://registry.npmjs.org/cookie/-/cookie-0.6.0.tgz. Extracting by manifest.
747 silly tarball no local data for content-disposition@https://registry.npmjs.org/content-disposition/-/content-disposition-0.5.4.tgz. Extracting by manifest.
748 silly tarball no local data for convert-source-map@https://registry.npmjs.org/convert-source-map/-/convert-source-map-2.0.0.tgz. Extracting by manifest.
749 silly tarball no local data for constantinople@https://registry.npmjs.org/constantinople/-/constantinople-4.0.1.tgz. Extracting by manifest.
750 silly tarball no local data for console-control-strings@https://registry.npmjs.org/console-control-strings/-/console-control-strings-1.1.0.tgz. Extracting by manifest.
751 silly tarball no local data for confusing-browser-globals@https://registry.npmjs.org/confusing-browser-globals/-/confusing-browser-globals-1.0.11.tgz. Extracting by manifest.
752 silly tarball no local data for config-chain@https://registry.npmjs.org/config-chain/-/config-chain-1.1.13.tgz. Extracting by manifest.
753 silly tarball no local data for configstore@https://registry.npmjs.org/configstore/-/configstore-6.0.0.tgz. Extracting by manifest.
754 silly tarball no local data for concat-map@https://registry.npmjs.org/concat-map/-/concat-map-0.0.1.tgz. Extracting by manifest.
755 silly tarball no local data for concurrently@https://registry.npmjs.org/concurrently/-/concurrently-8.2.2.tgz. Extracting by manifest.
756 silly tarball no local data for colorette@https://registry.npmjs.org/colorette/-/colorette-2.0.19.tgz. Extracting by manifest.
757 silly tarball no local data for commist@https://registry.npmjs.org/commist/-/commist-3.0.0.tgz. Extracting by manifest.
758 silly tarball no local data for color-name@https://registry.npmjs.org/color-name/-/color-name-1.1.4.tgz. Extracting by manifest.
759 silly tarball no local data for commander@https://registry.npmjs.org/commander/-/commander-10.0.1.tgz. Extracting by manifest.
760 silly tarball no local data for crypto-random-string@https://registry.npmjs.org/crypto-random-string/-/crypto-random-string-4.0.0.tgz. Extracting by manifest.
761 silly tarball no local data for color-support@https://registry.npmjs.org/color-support/-/color-support-1.1.3.tgz. Extracting by manifest.
762 silly tarball no local data for co@https://registry.npmjs.org/co/-/co-4.6.0.tgz. Extracting by manifest.
763 silly tarball no local data for collect-v8-coverage@https://registry.npmjs.org/collect-v8-coverage/-/collect-v8-coverage-1.0.2.tgz. Extracting by manifest.
764 silly tarball no local data for close-with-grace@https://registry.npmjs.org/close-with-grace/-/close-with-grace-1.1.0.tgz. Extracting by manifest.
765 silly tarball no local data for cliui@https://registry.npmjs.org/cliui/-/cliui-8.0.1.tgz. Extracting by manifest.
766 silly tarball no local data for clone-response@https://registry.npmjs.org/clone-response/-/clone-response-1.0.3.tgz. Extracting by manifest.
767 silly tarball no local data for clone-deep@https://registry.npmjs.org/clone-deep/-/clone-deep-4.0.1.tgz. Extracting by manifest.
768 silly tarball no local data for cli-table3@https://registry.npmjs.org/cli-table3/-/cli-table3-0.6.4.tgz. Extracting by manifest.
769 silly tarball no local data for cli-color@https://registry.npmjs.org/cli-color/-/cli-color-2.0.4.tgz. Extracting by manifest.
770 silly tarball no local data for cli-boxes@https://registry.npmjs.org/cli-boxes/-/cli-boxes-3.0.0.tgz. Extracting by manifest.
771 silly tarball no local data for clean-stack@https://registry.npmjs.org/clean-stack/-/clean-stack-2.2.0.tgz. Extracting by manifest.
772 silly tarball no local data for ci-info@https://registry.npmjs.org/ci-info/-/ci-info-3.3.2.tgz. Extracting by manifest.
773 silly tarball no local data for cjs-module-lexer@https://registry.npmjs.org/cjs-module-lexer/-/cjs-module-lexer-1.2.3.tgz. Extracting by manifest.
774 silly tarball no local data for chownr@https://registry.npmjs.org/chownr/-/chownr-2.0.0.tgz. Extracting by manifest.
775 silly tarball no local data for chokidar@https://registry.npmjs.org/chokidar/-/chokidar-3.5.3.tgz. Extracting by manifest.
776 silly tarball no local data for chalk@https://registry.npmjs.org/chalk/-/chalk-4.1.2.tgz. Extracting by manifest.
777 silly tarball no local data for character-parser@https://registry.npmjs.org/character-parser/-/character-parser-2.2.0.tgz. Extracting by manifest.
778 silly tarball no local data for chrome-trace-event@https://registry.npmjs.org/chrome-trace-event/-/chrome-trace-event-1.0.3.tgz. Extracting by manifest.
779 silly tarball no local data for char-regex@https://registry.npmjs.org/char-regex/-/char-regex-1.0.2.tgz. Extracting by manifest.
780 silly tarball no local data for color-convert@https://registry.npmjs.org/color-convert/-/color-convert-2.0.1.tgz. Extracting by manifest.
781 silly tarball no local data for callsites@https://registry.npmjs.org/callsites/-/callsites-3.1.0.tgz. Extracting by manifest.
782 silly tarball no local data for call-bind@https://registry.npmjs.org/call-bind/-/call-bind-1.0.7.tgz. Extracting by manifest.
783 silly tarball no local data for camelcase@https://registry.npmjs.org/camelcase/-/camelcase-5.3.1.tgz. Extracting by manifest.
784 silly tarball no local data for cacheable-request@https://registry.npmjs.org/cacheable-request/-/cacheable-request-7.0.2.tgz. Extracting by manifest.
785 silly tarball no local data for cacheable-lookup@https://registry.npmjs.org/cacheable-lookup/-/cacheable-lookup-6.1.0.tgz. Extracting by manifest.
786 silly tarball no local data for builtins@https://registry.npmjs.org/builtins/-/builtins-5.1.0.tgz. Extracting by manifest.
787 silly tarball no local data for cacache@https://registry.npmjs.org/cacache/-/cacache-17.1.4.tgz. Extracting by manifest.
788 silly tarball no local data for buffer-from@https://registry.npmjs.org/buffer-from/-/buffer-from-1.1.2.tgz. Extracting by manifest.
789 silly tarball no local data for bser@https://registry.npmjs.org/bser/-/bser-2.1.1.tgz. Extracting by manifest.
790 silly tarball no local data for buffer@https://registry.npmjs.org/buffer/-/buffer-5.7.1.tgz. Extracting by manifest.
791 silly tarball no local data for browserslist@https://registry.npmjs.org/browserslist/-/browserslist-4.23.0.tgz. Extracting by manifest.
792 silly tarball no local data for caniuse-lite@https://registry.npmjs.org/caniuse-lite/-/caniuse-lite-1.0.30001612.tgz. Extracting by manifest.
793 silly tarball no local data for braces@https://registry.npmjs.org/braces/-/braces-3.0.2.tgz. Extracting by manifest.
794 silly tarball no local data for brace-expansion@https://registry.npmjs.org/brace-expansion/-/brace-expansion-1.1.11.tgz. Extracting by manifest.
795 silly tarball no local data for bluebird@https://registry.npmjs.org/bluebird/-/bluebird-3.7.2.tgz. Extracting by manifest.
796 silly tarball no local data for binary-extensions@https://registry.npmjs.org/binary-extensions/-/binary-extensions-2.2.0.tgz. Extracting by manifest.
797 silly tarball no local data for bootstrap@https://registry.npmjs.org/bootstrap/-/bootstrap-5.3.3.tgz. Extracting by manifest.
798 silly tarball no local data for bl@https://registry.npmjs.org/bl/-/bl-4.1.0.tgz. Extracting by manifest.
799 silly tarball no local data for better-sqlite3@https://registry.npmjs.org/better-sqlite3/-/better-sqlite3-8.7.0.tgz. Extracting by manifest.
800 silly tarball no local data for base64-js@https://registry.npmjs.org/base64-js/-/base64-js-1.5.1.tgz. Extracting by manifest.
801 silly tarball no local data for bindings@https://registry.npmjs.org/bindings/-/bindings-1.5.0.tgz. Extracting by manifest.
802 silly tarball no local data for balanced-match@https://registry.npmjs.org/balanced-match/-/balanced-match-1.0.2.tgz. Extracting by manifest.
803 silly tarball no local data for babel-walk@https://registry.npmjs.org/babel-walk/-/babel-walk-3.0.0-canary-5.tgz. Extracting by manifest.
804 silly tarball no local data for babel-plugin-jest-hoist@https://registry.npmjs.org/babel-plugin-jest-hoist/-/babel-plugin-jest-hoist-29.6.3.tgz. Extracting by manifest.
805 silly tarball no local data for babel-preset-jest@https://registry.npmjs.org/babel-preset-jest/-/babel-preset-jest-29.6.3.tgz. Extracting by manifest.
806 silly tarball no local data for babel-preset-current-node-syntax@https://registry.npmjs.org/babel-preset-current-node-syntax/-/babel-preset-current-node-syntax-1.0.1.tgz. Extracting by manifest.
807 silly tarball no local data for boxen@https://registry.npmjs.org/boxen/-/boxen-7.0.0.tgz. Extracting by manifest.
808 silly tarball no local data for babel-plugin-istanbul@https://registry.npmjs.org/babel-plugin-istanbul/-/babel-plugin-istanbul-6.1.1.tgz. Extracting by manifest.
809 silly tarball no local data for available-typed-arrays@https://registry.npmjs.org/available-typed-arrays/-/available-typed-arrays-1.0.7.tgz. Extracting by manifest.
810 silly tarball no local data for avvio@https://registry.npmjs.org/avvio/-/avvio-8.3.0.tgz. Extracting by manifest.
811 silly tarball no local data for atomic-sleep@https://registry.npmjs.org/atomic-sleep/-/atomic-sleep-1.0.0.tgz. Extracting by manifest.
812 silly tarball no local data for assert-never@https://registry.npmjs.org/assert-never/-/assert-never-1.2.1.tgz. Extracting by manifest.
813 silly tarball no local data for at-least-node@https://registry.npmjs.org/at-least-node/-/at-least-node-1.0.0.tgz. Extracting by manifest.
814 silly tarball no local data for arraybuffer.prototype.slice@https://registry.npmjs.org/arraybuffer.prototype.slice/-/arraybuffer.prototype.slice-1.0.3.tgz. Extracting by manifest.
815 silly tarball no local data for array.prototype.flat@https://registry.npmjs.org/array.prototype.flat/-/array.prototype.flat-1.3.2.tgz. Extracting by manifest.
816 silly tarball no local data for array-union@https://registry.npmjs.org/array-union/-/array-union-2.1.0.tgz. Extracting by manifest.
817 silly tarball no local data for asap@https://registry.npmjs.org/asap/-/asap-2.0.6.tgz. Extracting by manifest.
818 silly tarball no local data for array.prototype.findlastindex@https://registry.npmjs.org/array.prototype.findlastindex/-/array.prototype.findlastindex-1.2.5.tgz. Extracting by manifest.
819 silly tarball no local data for argparse@https://registry.npmjs.org/argparse/-/argparse-2.0.1.tgz. Extracting by manifest.
820 silly tarball no local data for array.prototype.flatmap@https://registry.npmjs.org/array.prototype.flatmap/-/array.prototype.flatmap-1.3.2.tgz. Extracting by manifest.
821 silly tarball no local data for array-includes@https://registry.npmjs.org/array-includes/-/array-includes-3.1.8.tgz. Extracting by manifest.
822 silly tarball no local data for array-buffer-byte-length@https://registry.npmjs.org/array-buffer-byte-length/-/array-buffer-byte-length-1.0.1.tgz. Extracting by manifest.
823 silly tarball no local data for archy@https://registry.npmjs.org/archy/-/archy-1.0.0.tgz. Extracting by manifest.
824 silly tarball no local data for babel-jest@https://registry.npmjs.org/babel-jest/-/babel-jest-29.7.0.tgz. Extracting by manifest.
825 silly tarball no local data for are-we-there-yet@https://registry.npmjs.org/are-we-there-yet/-/are-we-there-yet-3.0.1.tgz. Extracting by manifest.
826 silly tarball no local data for ansi-styles@https://registry.npmjs.org/ansi-styles/-/ansi-styles-4.3.0.tgz. Extracting by manifest.
827 silly tarball no local data for anymatch@https://registry.npmjs.org/anymatch/-/anymatch-3.1.2.tgz. Extracting by manifest.
828 silly tarball no local data for ansi-regex@https://registry.npmjs.org/ansi-regex/-/ansi-regex-5.0.1.tgz. Extracting by manifest.
829 silly tarball no local data for ajv@https://registry.npmjs.org/ajv/-/ajv-6.12.6.tgz. Extracting by manifest.
830 silly tarball no local data for ansi-escapes@https://registry.npmjs.org/ansi-escapes/-/ansi-escapes-4.3.2.tgz. Extracting by manifest.
831 silly tarball no local data for ansi-align@https://registry.npmjs.org/ansi-align/-/ansi-align-3.0.1.tgz. Extracting by manifest.
832 silly tarball no local data for ajv-keywords@https://registry.npmjs.org/ajv-keywords/-/ajv-keywords-3.5.2.tgz. Extracting by manifest.
833 silly tarball no local data for agentkeepalive@https://registry.npmjs.org/agentkeepalive/-/agentkeepalive-4.2.1.tgz. Extracting by manifest.
834 silly tarball no local data for aggregate-error@https://registry.npmjs.org/aggregate-error/-/aggregate-error-3.1.0.tgz. Extracting by manifest.
835 silly tarball no local data for agent-base@https://registry.npmjs.org/agent-base/-/agent-base-6.0.2.tgz. Extracting by manifest.
836 silly tarball no local data for acorn-jsx@https://registry.npmjs.org/acorn-jsx/-/acorn-jsx-5.3.2.tgz. Extracting by manifest.
837 silly tarball no local data for acorn@https://registry.npmjs.org/acorn/-/acorn-8.11.3.tgz. Extracting by manifest.
838 silly tarball no local data for acorn-import-assertions@https://registry.npmjs.org/acorn-import-assertions/-/acorn-import-assertions-1.9.0.tgz. Extracting by manifest.
839 silly tarball no local data for abstract-logging@https://registry.npmjs.org/abstract-logging/-/abstract-logging-2.0.1.tgz. Extracting by manifest.
840 silly tarball no local data for aproba@https://registry.npmjs.org/aproba/-/aproba-2.0.0.tgz. Extracting by manifest.
841 silly tarball no local data for abort-controller@https://registry.npmjs.org/abort-controller/-/abort-controller-3.0.0.tgz. Extracting by manifest.
842 silly tarball no local data for @xtuc/ieee754@https://registry.npmjs.org/@xtuc/ieee754/-/ieee754-1.2.0.tgz. Extracting by manifest.
843 silly tarball no local data for ajv-formats@https://registry.npmjs.org/ajv-formats/-/ajv-formats-2.1.1.tgz. Extracting by manifest.
844 silly tarball no local data for @xtuc/long@https://registry.npmjs.org/@xtuc/long/-/long-4.2.2.tgz. Extracting by manifest.
845 silly tarball no local data for @webpack-cli/serve@https://registry.npmjs.org/@webpack-cli/serve/-/serve-2.0.5.tgz. Extracting by manifest.
846 silly tarball no local data for @webpack-cli/configtest@https://registry.npmjs.org/@webpack-cli/configtest/-/configtest-2.1.1.tgz. Extracting by manifest.
847 silly tarball no local data for @webassemblyjs/wast-printer@https://registry.npmjs.org/@webassemblyjs/wast-printer/-/wast-printer-1.12.1.tgz. Extracting by manifest.
848 silly tarball no local data for @webassemblyjs/wasm-parser@https://registry.npmjs.org/@webassemblyjs/wasm-parser/-/wasm-parser-1.12.1.tgz. Extracting by manifest.
849 silly tarball no local data for @webpack-cli/info@https://registry.npmjs.org/@webpack-cli/info/-/info-2.0.2.tgz. Extracting by manifest.
850 silly tarball no local data for @webassemblyjs/wasm-opt@https://registry.npmjs.org/@webassemblyjs/wasm-opt/-/wasm-opt-1.12.1.tgz. Extracting by manifest.
851 silly tarball no local data for @webassemblyjs/wasm-gen@https://registry.npmjs.org/@webassemblyjs/wasm-gen/-/wasm-gen-1.12.1.tgz. Extracting by manifest.
852 silly tarball no local data for @webassemblyjs/utf8@https://registry.npmjs.org/@webassemblyjs/utf8/-/utf8-1.11.6.tgz. Extracting by manifest.
853 silly tarball no local data for @webassemblyjs/wasm-edit@https://registry.npmjs.org/@webassemblyjs/wasm-edit/-/wasm-edit-1.12.1.tgz. Extracting by manifest.
854 silly tarball no local data for @webassemblyjs/leb128@https://registry.npmjs.org/@webassemblyjs/leb128/-/leb128-1.11.6.tgz. Extracting by manifest.
855 silly tarball no local data for @webassemblyjs/helper-wasm-bytecode@https://registry.npmjs.org/@webassemblyjs/helper-wasm-bytecode/-/helper-wasm-bytecode-1.11.6.tgz. Extracting by manifest.
856 silly tarball no local data for @webassemblyjs/ieee754@https://registry.npmjs.org/@webassemblyjs/ieee754/-/ieee754-1.11.6.tgz. Extracting by manifest.
857 silly tarball no local data for @webassemblyjs/helper-wasm-section@https://registry.npmjs.org/@webassemblyjs/helper-wasm-section/-/helper-wasm-section-1.12.1.tgz. Extracting by manifest.
858 silly tarball no local data for abbrev@https://registry.npmjs.org/abbrev/-/abbrev-1.1.1.tgz. Extracting by manifest.
859 silly tarball no local data for @webassemblyjs/helper-numbers@https://registry.npmjs.org/@webassemblyjs/helper-numbers/-/helper-numbers-1.11.6.tgz. Extracting by manifest.
860 silly tarball no local data for @webassemblyjs/floating-point-hex-parser@https://registry.npmjs.org/@webassemblyjs/floating-point-hex-parser/-/floating-point-hex-parser-1.11.6.tgz. Extracting by manifest.
861 silly tarball no local data for @webassemblyjs/helper-buffer@https://registry.npmjs.org/@webassemblyjs/helper-buffer/-/helper-buffer-1.12.1.tgz. Extracting by manifest.
862 silly tarball no local data for @vscode/sqlite3@https://registry.npmjs.org/@vscode/sqlite3/-/sqlite3-5.1.2.tgz. Extracting by manifest.
863 silly tarball no local data for @webassemblyjs/ast@https://registry.npmjs.org/@webassemblyjs/ast/-/ast-1.12.1.tgz. Extracting by manifest.
864 silly tarball no local data for @types/yargs-parser@https://registry.npmjs.org/@types/yargs-parser/-/yargs-parser-21.0.3.tgz. Extracting by manifest.
865 silly tarball no local data for @ungap/structured-clone@https://registry.npmjs.org/@ungap/structured-clone/-/structured-clone-1.2.0.tgz. Extracting by manifest.
866 silly tarball no local data for @types/yargs@https://registry.npmjs.org/@types/yargs/-/yargs-17.0.32.tgz. Extracting by manifest.
867 silly tarball no local data for @types/validator@https://registry.npmjs.org/@types/validator/-/validator-13.11.9.tgz. Extracting by manifest.
868 silly tarball no local data for @types/stack-trace@https://registry.npmjs.org/@types/stack-trace/-/stack-trace-0.0.29.tgz. Extracting by manifest.
869 silly tarball no local data for @types/stack-utils@https://registry.npmjs.org/@types/stack-utils/-/stack-utils-2.0.3.tgz. Extracting by manifest.
870 silly tarball no local data for @types/keyv@https://registry.npmjs.org/@types/keyv/-/keyv-3.1.4.tgz. Extracting by manifest.
871 silly tarball no local data for @types/semver-utils@https://registry.npmjs.org/@types/semver-utils/-/semver-utils-1.1.3.tgz. Extracting by manifest.
872 silly tarball no local data for @types/responselike@https://registry.npmjs.org/@types/responselike/-/responselike-1.0.0.tgz. Extracting by manifest.
873 silly tarball no local data for @types/node@https://registry.npmjs.org/@types/node/-/node-20.12.7.tgz. Extracting by manifest.
874 silly tarball no local data for @types/ms@https://registry.npmjs.org/@types/ms/-/ms-0.7.34.tgz. Extracting by manifest.
875 silly tarball no local data for @types/json-schema@https://registry.npmjs.org/@types/json-schema/-/json-schema-7.0.11.tgz. Extracting by manifest.
876 silly tarball no local data for @webassemblyjs/helper-api-error@https://registry.npmjs.org/@webassemblyjs/helper-api-error/-/helper-api-error-1.11.6.tgz. Extracting by manifest.
877 silly tarball no local data for @types/json5@https://registry.npmjs.org/@types/json5/-/json5-0.0.29.tgz. Extracting by manifest.
878 silly tarball no local data for @types/istanbul-lib-report@https://registry.npmjs.org/@types/istanbul-lib-report/-/istanbul-lib-report-3.0.3.tgz. Extracting by manifest.
879 silly tarball no local data for @types/jest@https://registry.npmjs.org/@types/jest/-/jest-29.5.12.tgz. Extracting by manifest.
880 silly tarball no local data for @types/http-cache-semantics@https://registry.npmjs.org/@types/http-cache-semantics/-/http-cache-semantics-4.0.1.tgz. Extracting by manifest.
881 silly tarball no local data for @types/estree@https://registry.npmjs.org/@types/estree/-/estree-1.0.5.tgz. Extracting by manifest.
882 silly tarball no local data for @types/istanbul-lib-coverage@https://registry.npmjs.org/@types/istanbul-lib-coverage/-/istanbul-lib-coverage-2.0.6.tgz. Extracting by manifest.
883 silly tarball no local data for @types/graceful-fs@https://registry.npmjs.org/@types/graceful-fs/-/graceful-fs-4.1.9.tgz. Extracting by manifest.
884 silly tarball no local data for @types/eslint-scope@https://registry.npmjs.org/@types/eslint-scope/-/eslint-scope-3.7.4.tgz. Extracting by manifest.
885 silly tarball no local data for @types/debug@https://registry.npmjs.org/@types/debug/-/debug-4.1.12.tgz. Extracting by manifest.
886 silly tarball no local data for @types/eslint@https://registry.npmjs.org/@types/eslint/-/eslint-8.4.6.tgz. Extracting by manifest.
887 silly tarball no local data for @types/cacheable-request@https://registry.npmjs.org/@types/cacheable-request/-/cacheable-request-6.0.2.tgz. Extracting by manifest.
888 silly tarball no local data for @types/babel__traverse@https://registry.npmjs.org/@types/babel__traverse/-/babel__traverse-7.20.5.tgz. Extracting by manifest.
889 silly tarball no local data for @types/babel__core@https://registry.npmjs.org/@types/babel__core/-/babel__core-7.20.5.tgz. Extracting by manifest.
890 silly tarball no local data for @types/babel__template@https://registry.npmjs.org/@types/babel__template/-/babel__template-7.4.4.tgz. Extracting by manifest.
891 silly tarball no local data for @tufjs/models@https://registry.npmjs.org/@tufjs/models/-/models-1.0.4.tgz. Extracting by manifest.
892 silly tarball no local data for @tufjs/canonical-json@https://registry.npmjs.org/@tufjs/canonical-json/-/canonical-json-1.0.0.tgz. Extracting by manifest.
893 silly tarball no local data for @tootallnate/once@https://registry.npmjs.org/@tootallnate/once/-/once-2.0.0.tgz. Extracting by manifest.
894 silly tarball no local data for @types/babel__generator@https://registry.npmjs.org/@types/babel__generator/-/babel__generator-7.6.8.tgz. Extracting by manifest.
895 silly tarball no local data for @types/istanbul-reports@https://registry.npmjs.org/@types/istanbul-reports/-/istanbul-reports-3.0.4.tgz. Extracting by manifest.
896 silly tarball no local data for @sinonjs/commons@https://registry.npmjs.org/@sinonjs/commons/-/commons-3.0.1.tgz. Extracting by manifest.
897 silly tarball no local data for @sinclair/typebox@https://registry.npmjs.org/@sinclair/typebox/-/typebox-0.27.8.tgz. Extracting by manifest.
898 silly tarball no local data for @sinonjs/fake-timers@https://registry.npmjs.org/@sinonjs/fake-timers/-/fake-timers-10.3.0.tgz. Extracting by manifest.
899 silly tarball no local data for @sigstore/sign@https://registry.npmjs.org/@sigstore/sign/-/sign-1.0.0.tgz. Extracting by manifest.
900 silly tarball no local data for @sigstore/protobuf-specs@https://registry.npmjs.org/@sigstore/protobuf-specs/-/protobuf-specs-0.2.1.tgz. Extracting by manifest.
901 silly tarball no local data for @sindresorhus/is@https://registry.npmjs.org/@sindresorhus/is/-/is-5.3.0.tgz. Extracting by manifest.
902 silly tarball no local data for @sigstore/tuf@https://registry.npmjs.org/@sigstore/tuf/-/tuf-1.0.3.tgz. Extracting by manifest.
903 silly tarball no local data for @sigstore/bundle@https://registry.npmjs.org/@sigstore/bundle/-/bundle-1.1.0.tgz. Extracting by manifest.
904 silly tarball no local data for @pnpm/npm-conf@https://registry.npmjs.org/@pnpm/npm-conf/-/npm-conf-1.0.5.tgz. Extracting by manifest.
905 silly tarball no local data for @rails/ujs@https://registry.npmjs.org/@rails/ujs/-/ujs-7.1.3-2.tgz. Extracting by manifest.
906 silly tarball no local data for @pnpm/network.ca-file@https://registry.npmjs.org/@pnpm/network.ca-file/-/network.ca-file-1.0.1.tgz. Extracting by manifest.
907 silly tarball no local data for @npmcli/run-script@https://registry.npmjs.org/@npmcli/run-script/-/run-script-6.0.2.tgz. Extracting by manifest.
908 silly tarball no local data for @one-ini/wasm@https://registry.npmjs.org/@one-ini/wasm/-/wasm-0.1.1.tgz. Extracting by manifest.
909 silly tarball no local data for @popperjs/core@https://registry.npmjs.org/@popperjs/core/-/core-2.11.8.tgz. Extracting by manifest.
910 silly tarball no local data for @npmcli/promise-spawn@https://registry.npmjs.org/@npmcli/promise-spawn/-/promise-spawn-6.0.2.tgz. Extracting by manifest.
911 silly tarball no local data for @szmarczak/http-timer@https://registry.npmjs.org/@szmarczak/http-timer/-/http-timer-5.0.1.tgz. Extracting by manifest.
912 silly tarball no local data for @npmcli/installed-package-contents@https://registry.npmjs.org/@npmcli/installed-package-contents/-/installed-package-contents-2.0.2.tgz. Extracting by manifest.
913 silly tarball no local data for @npmcli/move-file@https://registry.npmjs.org/@npmcli/move-file/-/move-file-2.0.1.tgz. Extracting by manifest.
914 silly tarball no local data for @npmcli/node-gyp@https://registry.npmjs.org/@npmcli/node-gyp/-/node-gyp-3.0.0.tgz. Extracting by manifest.
915 silly tarball no local data for @npmcli/git@https://registry.npmjs.org/@npmcli/git/-/git-4.1.0.tgz. Extracting by manifest.
916 silly tarball no local data for @nodelib/fs.walk@https://registry.npmjs.org/@nodelib/fs.walk/-/fs.walk-1.2.8.tgz. Extracting by manifest.
917 silly tarball no local data for @nodelib/fs.scandir@https://registry.npmjs.org/@nodelib/fs.scandir/-/fs.scandir-2.1.5.tgz. Extracting by manifest.
918 silly tarball no local data for @npmcli/fs@https://registry.npmjs.org/@npmcli/fs/-/fs-3.1.0.tgz. Extracting by manifest.
919 silly tarball no local data for @lukeed/ms@https://registry.npmjs.org/@lukeed/ms/-/ms-2.0.2.tgz. Extracting by manifest.
920 silly tarball no local data for @nodelib/fs.stat@https://registry.npmjs.org/@nodelib/fs.stat/-/fs.stat-2.0.5.tgz. Extracting by manifest.
921 silly tarball no local data for @jridgewell/trace-mapping@https://registry.npmjs.org/@jridgewell/trace-mapping/-/trace-mapping-0.3.25.tgz. Extracting by manifest.
922 silly tarball no local data for @jridgewell/source-map@https://registry.npmjs.org/@jridgewell/source-map/-/source-map-0.3.6.tgz. Extracting by manifest.
923 silly tarball no local data for @jridgewell/sourcemap-codec@https://registry.npmjs.org/@jridgewell/sourcemap-codec/-/sourcemap-codec-1.4.15.tgz. Extracting by manifest.
924 silly tarball no local data for @jridgewell/set-array@https://registry.npmjs.org/@jridgewell/set-array/-/set-array-1.2.1.tgz. Extracting by manifest.
925 silly tarball no local data for @jridgewell/resolve-uri@https://registry.npmjs.org/@jridgewell/resolve-uri/-/resolve-uri-3.1.2.tgz. Extracting by manifest.
926 silly tarball no local data for @jest/types@https://registry.npmjs.org/@jest/types/-/types-29.6.3.tgz. Extracting by manifest.
927 silly tarball no local data for @jest/transform@https://registry.npmjs.org/@jest/transform/-/transform-29.7.0.tgz. Extracting by manifest.
928 silly tarball no local data for @jridgewell/gen-mapping@https://registry.npmjs.org/@jridgewell/gen-mapping/-/gen-mapping-0.3.5.tgz. Extracting by manifest.
929 silly tarball no local data for @pkgjs/parseargs@https://registry.npmjs.org/@pkgjs/parseargs/-/parseargs-0.11.0.tgz. Extracting by manifest.
930 silly tarball no local data for @jest/test-result@https://registry.npmjs.org/@jest/test-result/-/test-result-29.7.0.tgz. Extracting by manifest.
931 silly tarball no local data for @jest/schemas@https://registry.npmjs.org/@jest/schemas/-/schemas-29.6.3.tgz. Extracting by manifest.
932 silly tarball no local data for @jest/test-sequencer@https://registry.npmjs.org/@jest/test-sequencer/-/test-sequencer-29.7.0.tgz. Extracting by manifest.
933 silly tarball no local data for @jest/reporters@https://registry.npmjs.org/@jest/reporters/-/reporters-29.7.0.tgz. Extracting by manifest.
934 silly tarball no local data for @jest/globals@https://registry.npmjs.org/@jest/globals/-/globals-29.7.0.tgz. Extracting by manifest.
935 silly tarball no local data for @jest/environment@https://registry.npmjs.org/@jest/environment/-/environment-29.7.0.tgz. Extracting by manifest.
936 silly tarball no local data for @jest/fake-timers@https://registry.npmjs.org/@jest/fake-timers/-/fake-timers-29.7.0.tgz. Extracting by manifest.
937 silly tarball no local data for @jest/expect-utils@https://registry.npmjs.org/@jest/expect-utils/-/expect-utils-29.7.0.tgz. Extracting by manifest.
938 silly tarball no local data for @jest/expect@https://registry.npmjs.org/@jest/expect/-/expect-29.7.0.tgz. Extracting by manifest.
939 silly tarball no local data for @jest/core@https://registry.npmjs.org/@jest/core/-/core-29.7.0.tgz. Extracting by manifest.
940 silly tarball no local data for @istanbuljs/load-nyc-config@https://registry.npmjs.org/@istanbuljs/load-nyc-config/-/load-nyc-config-1.1.0.tgz. Extracting by manifest.
941 silly tarball no local data for @istanbuljs/schema@https://registry.npmjs.org/@istanbuljs/schema/-/schema-0.1.3.tgz. Extracting by manifest.
942 silly tarball no local data for @humanwhocodes/object-schema@https://registry.npmjs.org/@humanwhocodes/object-schema/-/object-schema-2.0.3.tgz. Extracting by manifest.
943 silly tarball no local data for @humanwhocodes/module-importer@https://registry.npmjs.org/@humanwhocodes/module-importer/-/module-importer-1.0.1.tgz. Extracting by manifest.
944 silly tarball no local data for @jest/console@https://registry.npmjs.org/@jest/console/-/console-29.7.0.tgz. Extracting by manifest.
945 silly tarball no local data for @jest/source-map@https://registry.npmjs.org/@jest/source-map/-/source-map-29.6.3.tgz. Extracting by manifest.
946 silly tarball no local data for @humanwhocodes/config-array@https://registry.npmjs.org/@humanwhocodes/config-array/-/config-array-0.11.14.tgz. Extracting by manifest.
947 silly tarball no local data for @gar/promisify@https://registry.npmjs.org/@gar/promisify/-/promisify-1.1.3.tgz. Extracting by manifest.
948 silly tarball no local data for @fastify/static@https://registry.npmjs.org/@fastify/static/-/static-7.0.3.tgz. Extracting by manifest.
949 silly tarball no local data for @fastify/view@https://registry.npmjs.org/@fastify/view/-/view-9.0.0.tgz. Extracting by manifest.
950 silly tarball no local data for @fastify/secure-session@https://registry.npmjs.org/@fastify/secure-session/-/secure-session-7.5.1.tgz. Extracting by manifest.
951 silly tarball no local data for @fastify/sensible@https://registry.npmjs.org/@fastify/sensible/-/sensible-5.5.0.tgz. Extracting by manifest.
952 silly tarball no local data for @fastify/formbody@https://registry.npmjs.org/@fastify/formbody/-/formbody-7.4.0.tgz. Extracting by manifest.
953 silly tarball no local data for @fastify/send@https://registry.npmjs.org/@fastify/send/-/send-2.1.0.tgz. Extracting by manifest.
954 silly tarball no local data for @fastify/merge-json-schemas@https://registry.npmjs.org/@fastify/merge-json-schemas/-/merge-json-schemas-0.1.1.tgz. Extracting by manifest.
955 silly tarball no local data for @fastify/flash@https://registry.npmjs.org/@fastify/flash/-/flash-5.1.0.tgz. Extracting by manifest.
956 silly tarball no local data for @fastify/deepmerge@https://registry.npmjs.org/@fastify/deepmerge/-/deepmerge-1.3.0.tgz. Extracting by manifest.
957 silly tarball no local data for @fastify/fast-json-stringify-compiler@https://registry.npmjs.org/@fastify/fast-json-stringify-compiler/-/fast-json-stringify-compiler-4.3.0.tgz. Extracting by manifest.
958 silly tarball no local data for @fastify/error@https://registry.npmjs.org/@fastify/error/-/error-3.4.1.tgz. Extracting by manifest.
959 silly tarball no local data for @isaacs/cliui@https://registry.npmjs.org/@isaacs/cliui/-/cliui-8.0.2.tgz. Extracting by manifest.
960 silly tarball no local data for @fastify/cookie@https://registry.npmjs.org/@fastify/cookie/-/cookie-9.3.1.tgz. Extracting by manifest.
961 silly tarball no local data for @eslint/eslintrc@https://registry.npmjs.org/@eslint/eslintrc/-/eslintrc-3.0.2.tgz. Extracting by manifest.
962 silly tarball no local data for @eslint/js@https://registry.npmjs.org/@eslint/js/-/js-9.1.1.tgz. Extracting by manifest.
963 silly tarball no local data for @fastify/accept-negotiator@https://registry.npmjs.org/@fastify/accept-negotiator/-/accept-negotiator-1.0.0.tgz. Extracting by manifest.
964 silly tarball no local data for @eslint-community/eslint-utils@https://registry.npmjs.org/@eslint-community/eslint-utils/-/eslint-utils-4.4.0.tgz. Extracting by manifest.
965 silly tarball no local data for @eslint-community/regexpp@https://registry.npmjs.org/@eslint-community/regexpp/-/regexpp-4.10.0.tgz. Extracting by manifest.
966 silly tarball no local data for @discoveryjs/json-ext@https://registry.npmjs.org/@discoveryjs/json-ext/-/json-ext-0.5.7.tgz. Extracting by manifest.
967 silly tarball no local data for @colors/colors@https://registry.npmjs.org/@colors/colors/-/colors-1.5.0.tgz. Extracting by manifest.
968 silly tarball no local data for @babel/types@https://registry.npmjs.org/@babel/types/-/types-7.24.0.tgz. Extracting by manifest.
969 silly tarball no local data for @babel/traverse@https://registry.npmjs.org/@babel/traverse/-/traverse-7.24.1.tgz. Extracting by manifest.
970 silly tarball no local data for @babel/template@https://registry.npmjs.org/@babel/template/-/template-7.24.0.tgz. Extracting by manifest.
971 silly tarball no local data for @fastify/ajv-compiler@https://registry.npmjs.org/@fastify/ajv-compiler/-/ajv-compiler-3.5.0.tgz. Extracting by manifest.
972 silly tarball no local data for @babel/runtime@https://registry.npmjs.org/@babel/runtime/-/runtime-7.24.4.tgz. Extracting by manifest.
973 silly tarball no local data for @babel/plugin-syntax-typescript@https://registry.npmjs.org/@babel/plugin-syntax-typescript/-/plugin-syntax-typescript-7.24.1.tgz. Extracting by manifest.
974 silly tarball no local data for @babel/plugin-syntax-top-level-await@https://registry.npmjs.org/@babel/plugin-syntax-top-level-await/-/plugin-syntax-top-level-await-7.14.5.tgz. Extracting by manifest.
975 silly tarball no local data for @babel/plugin-syntax-optional-chaining@https://registry.npmjs.org/@babel/plugin-syntax-optional-chaining/-/plugin-syntax-optional-chaining-7.8.3.tgz. Extracting by manifest.
976 silly tarball no local data for @babel/plugin-syntax-optional-catch-binding@https://registry.npmjs.org/@babel/plugin-syntax-optional-catch-binding/-/plugin-syntax-optional-catch-binding-7.8.3.tgz. Extracting by manifest.
977 silly tarball no local data for @babel/plugin-syntax-object-rest-spread@https://registry.npmjs.org/@babel/plugin-syntax-object-rest-spread/-/plugin-syntax-object-rest-spread-7.8.3.tgz. Extracting by manifest.
978 silly tarball no local data for @babel/plugin-syntax-numeric-separator@https://registry.npmjs.org/@babel/plugin-syntax-numeric-separator/-/plugin-syntax-numeric-separator-7.10.4.tgz. Extracting by manifest.
979 silly tarball no local data for @babel/plugin-syntax-nullish-coalescing-operator@https://registry.npmjs.org/@babel/plugin-syntax-nullish-coalescing-operator/-/plugin-syntax-nullish-coalescing-operator-7.8.3.tgz. Extracting by manifest.
980 silly tarball no local data for @babel/plugin-syntax-logical-assignment-operators@https://registry.npmjs.org/@babel/plugin-syntax-logical-assignment-operators/-/plugin-syntax-logical-assignment-operators-7.10.4.tgz. Extracting by manifest.
981 silly tarball no local data for @babel/plugin-syntax-jsx@https://registry.npmjs.org/@babel/plugin-syntax-jsx/-/plugin-syntax-jsx-7.24.1.tgz. Extracting by manifest.
982 silly tarball no local data for @babel/plugin-syntax-import-meta@https://registry.npmjs.org/@babel/plugin-syntax-import-meta/-/plugin-syntax-import-meta-7.10.4.tgz. Extracting by manifest.
983 silly tarball no local data for @babel/plugin-syntax-json-strings@https://registry.npmjs.org/@babel/plugin-syntax-json-strings/-/plugin-syntax-json-strings-7.8.3.tgz. Extracting by manifest.
984 silly tarball no local data for @bcoe/v8-coverage@https://registry.npmjs.org/@bcoe/v8-coverage/-/v8-coverage-0.2.3.tgz. Extracting by manifest.
985 silly tarball no local data for @babel/plugin-syntax-async-generators@https://registry.npmjs.org/@babel/plugin-syntax-async-generators/-/plugin-syntax-async-generators-7.8.4.tgz. Extracting by manifest.
986 silly tarball no local data for @babel/parser@https://registry.npmjs.org/@babel/parser/-/parser-7.24.4.tgz. Extracting by manifest.
987 silly tarball no local data for @babel/plugin-syntax-bigint@https://registry.npmjs.org/@babel/plugin-syntax-bigint/-/plugin-syntax-bigint-7.8.3.tgz. Extracting by manifest.
988 silly tarball no local data for @babel/plugin-syntax-class-properties@https://registry.npmjs.org/@babel/plugin-syntax-class-properties/-/plugin-syntax-class-properties-7.12.13.tgz. Extracting by manifest.
989 silly tarball no local data for @babel/highlight@https://registry.npmjs.org/@babel/highlight/-/highlight-7.24.2.tgz. Extracting by manifest.
990 silly tarball no local data for @babel/helper-validator-identifier@https://registry.npmjs.org/@babel/helper-validator-identifier/-/helper-validator-identifier-7.22.20.tgz. Extracting by manifest.
991 silly tarball no local data for @babel/helper-validator-option@https://registry.npmjs.org/@babel/helper-validator-option/-/helper-validator-option-7.23.5.tgz. Extracting by manifest.
992 silly tarball no local data for @babel/helper-string-parser@https://registry.npmjs.org/@babel/helper-string-parser/-/helper-string-parser-7.24.1.tgz. Extracting by manifest.
993 silly tarball no local data for @babel/helper-simple-access@https://registry.npmjs.org/@babel/helper-simple-access/-/helper-simple-access-7.22.5.tgz. Extracting by manifest.
994 silly tarball no local data for @babel/helper-split-export-declaration@https://registry.npmjs.org/@babel/helper-split-export-declaration/-/helper-split-export-declaration-7.22.6.tgz. Extracting by manifest.
995 silly tarball no local data for @babel/helper-plugin-utils@https://registry.npmjs.org/@babel/helper-plugin-utils/-/helper-plugin-utils-7.24.0.tgz. Extracting by manifest.
996 silly tarball no local data for @babel/helper-module-transforms@https://registry.npmjs.org/@babel/helper-module-transforms/-/helper-module-transforms-7.23.3.tgz. Extracting by manifest.
997 silly tarball no local data for @babel/helper-hoist-variables@https://registry.npmjs.org/@babel/helper-hoist-variables/-/helper-hoist-variables-7.22.5.tgz. Extracting by manifest.
998 silly tarball no local data for @babel/helper-module-imports@https://registry.npmjs.org/@babel/helper-module-imports/-/helper-module-imports-7.24.3.tgz. Extracting by manifest.
999 silly tarball no local data for @babel/helper-environment-visitor@https://registry.npmjs.org/@babel/helper-environment-visitor/-/helper-environment-visitor-7.22.20.tgz. Extracting by manifest.
1000 silly tarball no local data for @babel/helper-compilation-targets@https://registry.npmjs.org/@babel/helper-compilation-targets/-/helper-compilation-targets-7.23.6.tgz. Extracting by manifest.
1001 silly tarball no local data for @babel/helper-function-name@https://registry.npmjs.org/@babel/helper-function-name/-/helper-function-name-7.23.0.tgz. Extracting by manifest.
1002 silly tarball no local data for @babel/core@https://registry.npmjs.org/@babel/core/-/core-7.24.4.tgz. Extracting by manifest.
1003 silly tarball no local data for @babel/compat-data@https://registry.npmjs.org/@babel/compat-data/-/compat-data-7.24.4.tgz. Extracting by manifest.
1004 silly tarball no local data for @babel/helpers@https://registry.npmjs.org/@babel/helpers/-/helpers-7.24.4.tgz. Extracting by manifest.
1005 silly tarball no local data for @babel/generator@https://registry.npmjs.org/@babel/generator/-/generator-7.24.4.tgz. Extracting by manifest.
1006 silly tarball no local data for @ampproject/remapping@https://registry.npmjs.org/@ampproject/remapping/-/remapping-2.3.0.tgz. Extracting by manifest.
1007 silly tarball no local data for @aashutoshrathi/word-wrap@https://registry.npmjs.org/@aashutoshrathi/word-wrap/-/word-wrap-1.2.6.tgz. Extracting by manifest.
1008 silly tarball no local data for ansi-styles@https://registry.npmjs.org/ansi-styles/-/ansi-styles-6.1.0.tgz. Extracting by manifest.
1009 silly tarball no local data for emoji-regex@https://registry.npmjs.org/emoji-regex/-/emoji-regex-9.2.2.tgz. Extracting by manifest.
1010 silly tarball no local data for string-width@https://registry.npmjs.org/string-width/-/string-width-5.1.2.tgz. Extracting by manifest.
1011 silly tarball no local data for strip-ansi@https://registry.npmjs.org/strip-ansi/-/strip-ansi-7.0.1.tgz. Extracting by manifest.
1012 silly tarball no local data for ansi-regex@https://registry.npmjs.org/ansi-regex/-/ansi-regex-6.0.1.tgz. Extracting by manifest.
1013 silly tarball no local data for ansi-regex@https://registry.npmjs.org/ansi-regex/-/ansi-regex-6.0.1.tgz. Extracting by manifest.
1014 silly tarball no local data for cookie@https://registry.npmjs.org/cookie/-/cookie-0.4.2.tgz. Extracting by manifest.
1015 silly tarball no local data for strip-ansi@https://registry.npmjs.org/strip-ansi/-/strip-ansi-7.0.1.tgz. Extracting by manifest.
1016 silly tarball no local data for string-width@https://registry.npmjs.org/string-width/-/string-width-5.1.2.tgz. Extracting by manifest.
1017 silly tarball no local data for emoji-regex@https://registry.npmjs.org/emoji-regex/-/emoji-regex-9.2.2.tgz. Extracting by manifest.
1018 silly tarball no local data for schema-utils@https://registry.npmjs.org/schema-utils/-/schema-utils-3.3.0.tgz. Extracting by manifest.
1019 silly tarball no local data for estraverse@https://registry.npmjs.org/estraverse/-/estraverse-4.3.0.tgz. Extracting by manifest.
1020 silly tarball no local data for graceful-fs@https://registry.npmjs.org/graceful-fs/-/graceful-fs-4.2.11.tgz. Extracting by manifest.
1021 silly tarball no local data for eslint-scope@https://registry.npmjs.org/eslint-scope/-/eslint-scope-5.1.1.tgz. Extracting by manifest.
1022 silly tarball no local data for @babel/code-frame@https://registry.npmjs.org/@babel/code-frame/-/code-frame-7.24.2.tgz. Extracting by manifest.
1023 silly tarball no local data for strip-bom@https://registry.npmjs.org/strip-bom/-/strip-bom-3.0.0.tgz. Extracting by manifest.
1024 silly tarball no local data for json5@https://registry.npmjs.org/json5/-/json5-1.0.2.tgz. Extracting by manifest.
1025 silly tarball no local data for chalk@https://registry.npmjs.org/chalk/-/chalk-5.0.1.tgz. Extracting by manifest.
1026 silly tarball no local data for supports-color@https://registry.npmjs.org/supports-color/-/supports-color-8.1.1.tgz. Extracting by manifest.
1027 silly tarball no local data for schema-utils@https://registry.npmjs.org/schema-utils/-/schema-utils-3.3.0.tgz. Extracting by manifest.
1028 silly tarball no local data for jest-worker@https://registry.npmjs.org/jest-worker/-/jest-worker-27.5.1.tgz. Extracting by manifest.
1029 silly tarball no local data for commander@https://registry.npmjs.org/commander/-/commander-2.20.3.tgz. Extracting by manifest.
1030 silly tarball no local data for glob@https://registry.npmjs.org/glob/-/glob-7.2.3.tgz. Extracting by manifest.
1031 silly tarball no local data for chownr@https://registry.npmjs.org/chownr/-/chownr-1.1.4.tgz. Extracting by manifest.
1032 silly tarball no local data for source-map-support@https://registry.npmjs.org/source-map-support/-/source-map-support-0.5.21.tgz. Extracting by manifest.
1033 silly tarball no local data for node-addon-api@https://registry.npmjs.org/node-addon-api/-/node-addon-api-7.1.0.tgz. Extracting by manifest.
1034 silly tarball no local data for ssri@https://registry.npmjs.org/ssri/-/ssri-8.0.1.tgz. Extracting by manifest.
1035 silly tarball no local data for socks-proxy-agent@https://registry.npmjs.org/socks-proxy-agent/-/socks-proxy-agent-6.2.1.tgz. Extracting by manifest.
1036 silly tarball no local data for node-gyp@https://registry.npmjs.org/node-gyp/-/node-gyp-8.4.1.tgz. Extracting by manifest.
1037 silly tarball no local data for interpret@https://registry.npmjs.org/interpret/-/interpret-3.1.1.tgz. Extracting by manifest.
1038 silly tarball no local data for escape-string-regexp@https://registry.npmjs.org/escape-string-regexp/-/escape-string-regexp-2.0.0.tgz. Extracting by manifest.
1039 silly tarball no local data for minipass-fetch@https://registry.npmjs.org/minipass-fetch/-/minipass-fetch-1.4.1.tgz. Extracting by manifest.
1040 silly tarball no local data for make-fetch-happen@https://registry.npmjs.org/make-fetch-happen/-/make-fetch-happen-9.1.0.tgz. Extracting by manifest.
1041 silly tarball no local data for glob@https://registry.npmjs.org/glob/-/glob-7.2.3.tgz. Extracting by manifest.
1042 silly tarball no local data for http-proxy-agent@https://registry.npmjs.org/http-proxy-agent/-/http-proxy-agent-4.0.1.tgz. Extracting by manifest.
1043 silly tarball no local data for cacache@https://registry.npmjs.org/cacache/-/cacache-15.3.0.tgz. Extracting by manifest.
1044 silly tarball no local data for minipass@https://registry.npmjs.org/minipass/-/minipass-7.0.4.tgz. Extracting by manifest.
1045 silly tarball no local data for @npmcli/fs@https://registry.npmjs.org/@npmcli/fs/-/fs-1.1.1.tgz. Extracting by manifest.
1046 silly tarball no local data for @npmcli/move-file@https://registry.npmjs.org/@npmcli/move-file/-/move-file-1.1.2.tgz. Extracting by manifest.
1047 silly tarball no local data for yargs-parser@https://registry.npmjs.org/yargs-parser/-/yargs-parser-20.2.9.tgz. Extracting by manifest.
1048 silly tarball no local data for @tootallnate/once@https://registry.npmjs.org/@tootallnate/once/-/once-1.1.2.tgz. Extracting by manifest.
1049 silly tarball no local data for lru-cache@https://registry.npmjs.org/lru-cache/-/lru-cache-6.0.0.tgz. Extracting by manifest.
1050 silly tarball no local data for yargs@https://registry.npmjs.org/yargs/-/yargs-16.2.0.tgz. Extracting by manifest.
1051 silly tarball no local data for ajv-keywords@https://registry.npmjs.org/ajv-keywords/-/ajv-keywords-5.1.0.tgz. Extracting by manifest.
1052 silly tarball no local data for wrap-ansi@https://registry.npmjs.org/wrap-ansi/-/wrap-ansi-7.0.0.tgz. Extracting by manifest.
1053 silly tarball no local data for ajv@https://registry.npmjs.org/ajv/-/ajv-8.11.0.tgz. Extracting by manifest.
1054 silly tarball no local data for json-schema-traverse@https://registry.npmjs.org/json-schema-traverse/-/json-schema-traverse-1.0.0.tgz. Extracting by manifest.
1055 silly tarball no local data for lru-cache@https://registry.npmjs.org/lru-cache/-/lru-cache-6.0.0.tgz. Extracting by manifest.
1056 silly tarball no local data for lowercase-keys@https://registry.npmjs.org/lowercase-keys/-/lowercase-keys-2.0.0.tgz. Extracting by manifest.
1057 silly tarball no local data for glob@https://registry.npmjs.org/glob/-/glob-7.2.3.tgz. Extracting by manifest.
1058 silly tarball no local data for ini@https://registry.npmjs.org/ini/-/ini-1.3.8.tgz. Extracting by manifest.
1059 silly tarball no local data for strip-json-comments@https://registry.npmjs.org/strip-json-comments/-/strip-json-comments-2.0.1.tgz. Extracting by manifest.
1060 silly tarball no local data for path-exists@https://registry.npmjs.org/path-exists/-/path-exists-3.0.0.tgz. Extracting by manifest.
1061 silly tarball no local data for json-parse-even-better-errors@https://registry.npmjs.org/json-parse-even-better-errors/-/json-parse-even-better-errors-3.0.1.tgz. Extracting by manifest.
1062 silly tarball no local data for json-parse-even-better-errors@https://registry.npmjs.org/json-parse-even-better-errors/-/json-parse-even-better-errors-3.0.1.tgz. Extracting by manifest.
1063 silly tarball no local data for p-limit@https://registry.npmjs.org/p-limit/-/p-limit-2.3.0.tgz. Extracting by manifest.
1064 silly tarball no local data for kleur@https://registry.npmjs.org/kleur/-/kleur-4.1.5.tgz. Extracting by manifest.
1065 silly tarball no local data for locate-path@https://registry.npmjs.org/locate-path/-/locate-path-3.0.0.tgz. Extracting by manifest.
1066 silly tarball no local data for p-locate@https://registry.npmjs.org/p-locate/-/p-locate-3.0.0.tgz. Extracting by manifest.
1067 silly tarball no local data for cliui@https://registry.npmjs.org/cliui/-/cliui-7.0.4.tgz. Extracting by manifest.
1068 silly tarball no local data for ansi-styles@https://registry.npmjs.org/ansi-styles/-/ansi-styles-5.2.0.tgz. Extracting by manifest.
1069 silly tarball no local data for find-up@https://registry.npmjs.org/find-up/-/find-up-4.1.0.tgz. Extracting by manifest.
1070 silly tarball no local data for p-locate@https://registry.npmjs.org/p-locate/-/p-locate-4.1.0.tgz. Extracting by manifest.
1071 silly tarball no local data for find-up@https://registry.npmjs.org/find-up/-/find-up-3.0.0.tgz. Extracting by manifest.
1072 silly tarball no local data for locate-path@https://registry.npmjs.org/locate-path/-/locate-path-5.0.0.tgz. Extracting by manifest.
1073 silly tarball no local data for readable-stream@https://registry.npmjs.org/readable-stream/-/readable-stream-4.5.2.tgz. Extracting by manifest.
1074 silly tarball no local data for buffer@https://registry.npmjs.org/buffer/-/buffer-6.0.3.tgz. Extracting by manifest.
1075 silly tarball no local data for readable-stream@https://registry.npmjs.org/readable-stream/-/readable-stream-4.5.2.tgz. Extracting by manifest.
1076 silly tarball no local data for help-me@https://registry.npmjs.org/help-me/-/help-me-5.0.0.tgz. Extracting by manifest.
1077 silly tarball no local data for split2@https://registry.npmjs.org/split2/-/split2-4.2.0.tgz. Extracting by manifest.
1078 silly tarball no local data for buffer@https://registry.npmjs.org/buffer/-/buffer-6.0.3.tgz. Extracting by manifest.
1079 silly tarball no local data for minipass@https://registry.npmjs.org/minipass/-/minipass-7.0.4.tgz. Extracting by manifest.
1080 silly tarball no local data for lru-cache@https://registry.npmjs.org/lru-cache/-/lru-cache-10.2.0.tgz. Extracting by manifest.
1081 silly tarball no local data for pg-connection-string@https://registry.npmjs.org/pg-connection-string/-/pg-connection-string-2.6.4.tgz. Extracting by manifest.
1082 silly tarball no local data for minipass@https://registry.npmjs.org/minipass/-/minipass-5.0.0.tgz. Extracting by manifest.
1083 silly tarball no local data for fs-minipass@https://registry.npmjs.org/fs-minipass/-/fs-minipass-3.0.3.tgz. Extracting by manifest.
1084 silly tarball no local data for p-limit@https://registry.npmjs.org/p-limit/-/p-limit-2.3.0.tgz. Extracting by manifest.
1085 silly tarball no local data for split2@https://registry.npmjs.org/split2/-/split2-4.2.0.tgz. Extracting by manifest.
1086 silly tarball no local data for lru-cache@https://registry.npmjs.org/lru-cache/-/lru-cache-7.18.3.tgz. Extracting by manifest.
1087 silly tarball no local data for ajv@https://registry.npmjs.org/ajv/-/ajv-8.12.0.tgz. Extracting by manifest.
1088 silly tarball no local data for hosted-git-info@https://registry.npmjs.org/hosted-git-info/-/hosted-git-info-6.1.1.tgz. Extracting by manifest.
1089 silly tarball no local data for rimraf@https://registry.npmjs.org/rimraf/-/rimraf-5.0.5.tgz. Extracting by manifest.
1090 silly tarball no local data for strip-json-comments@https://registry.npmjs.org/strip-json-comments/-/strip-json-comments-5.0.1.tgz. Extracting by manifest.
1091 silly tarball no local data for strip-ansi@https://registry.npmjs.org/strip-ansi/-/strip-ansi-7.1.0.tgz. Extracting by manifest.
1092 silly tarball no local data for source-map-support@https://registry.npmjs.org/source-map-support/-/source-map-support-0.5.21.tgz. Extracting by manifest.
1093 silly tarball no local data for minimatch@https://registry.npmjs.org/minimatch/-/minimatch-9.0.4.tgz. Extracting by manifest.
1094 silly tarball no local data for minipass@https://registry.npmjs.org/minipass/-/minipass-5.0.0.tgz. Extracting by manifest.
1095 silly tarball no local data for ini@https://registry.npmjs.org/ini/-/ini-4.1.2.tgz. Extracting by manifest.
1096 silly tarball no local data for chalk@https://registry.npmjs.org/chalk/-/chalk-5.3.0.tgz. Extracting by manifest.
1097 silly tarball no local data for brace-expansion@https://registry.npmjs.org/brace-expansion/-/brace-expansion-2.0.1.tgz. Extracting by manifest.
1098 silly tarball no local data for ansi-regex@https://registry.npmjs.org/ansi-regex/-/ansi-regex-6.0.1.tgz. Extracting by manifest.
1099 silly tarball no local data for unique-slug@https://registry.npmjs.org/unique-slug/-/unique-slug-3.0.0.tgz. Extracting by manifest.
1100 silly tarball no local data for ssri@https://registry.npmjs.org/ssri/-/ssri-9.0.1.tgz. Extracting by manifest.
1101 silly tarball no local data for unique-filename@https://registry.npmjs.org/unique-filename/-/unique-filename-2.0.1.tgz. Extracting by manifest.
1102 silly tarball no local data for nopt@https://registry.npmjs.org/nopt/-/nopt-6.0.0.tgz. Extracting by manifest.
1103 silly tarball no local data for lru-cache@https://registry.npmjs.org/lru-cache/-/lru-cache-7.18.3.tgz. Extracting by manifest.
1104 silly tarball no local data for json-schema-traverse@https://registry.npmjs.org/json-schema-traverse/-/json-schema-traverse-1.0.0.tgz. Extracting by manifest.
1105 silly tarball no local data for minipass-fetch@https://registry.npmjs.org/minipass-fetch/-/minipass-fetch-2.1.2.tgz. Extracting by manifest.
1106 silly tarball no local data for lru-cache@https://registry.npmjs.org/lru-cache/-/lru-cache-7.18.3.tgz. Extracting by manifest.
1107 silly tarball no local data for hosted-git-info@https://registry.npmjs.org/hosted-git-info/-/hosted-git-info-6.1.1.tgz. Extracting by manifest.
1108 silly tarball no local data for make-fetch-happen@https://registry.npmjs.org/make-fetch-happen/-/make-fetch-happen-10.2.1.tgz. Extracting by manifest.
1109 silly tarball no local data for cacache@https://registry.npmjs.org/cacache/-/cacache-16.1.3.tgz. Extracting by manifest.
1110 silly tarball no local data for glob@https://registry.npmjs.org/glob/-/glob-7.2.3.tgz. Extracting by manifest.
1111 silly tarball no local data for brace-expansion@https://registry.npmjs.org/brace-expansion/-/brace-expansion-2.0.1.tgz. Extracting by manifest.
1112 silly tarball no local data for @npmcli/fs@https://registry.npmjs.org/@npmcli/fs/-/fs-2.1.2.tgz. Extracting by manifest.
1113 silly tarball no local data for minimatch@https://registry.npmjs.org/minimatch/-/minimatch-5.1.6.tgz. Extracting by manifest.
1114 silly tarball no local data for minipass@https://registry.npmjs.org/minipass/-/minipass-5.0.0.tgz. Extracting by manifest.
1115 silly tarball no local data for minipass@https://registry.npmjs.org/minipass/-/minipass-7.0.4.tgz. Extracting by manifest.
1116 silly tarball no local data for glob@https://registry.npmjs.org/glob/-/glob-8.1.0.tgz. Extracting by manifest.
1117 silly tarball no local data for lru-cache@https://registry.npmjs.org/lru-cache/-/lru-cache-7.18.3.tgz. Extracting by manifest.
1118 silly tarball no local data for abbrev@https://registry.npmjs.org/abbrev/-/abbrev-2.0.0.tgz. Extracting by manifest.
1119 silly tarball no local data for nopt@https://registry.npmjs.org/nopt/-/nopt-7.2.0.tgz. Extracting by manifest.
1120 silly tarball no local data for yallist@https://registry.npmjs.org/yallist/-/yallist-3.1.1.tgz. Extracting by manifest.
1121 silly tarball no local data for supports-color@https://registry.npmjs.org/supports-color/-/supports-color-8.1.1.tgz. Extracting by manifest.
1122 silly tarball no local data for camelcase@https://registry.npmjs.org/camelcase/-/camelcase-6.3.0.tgz. Extracting by manifest.
1123 silly tarball no local data for glob@https://registry.npmjs.org/glob/-/glob-7.2.3.tgz. Extracting by manifest.
1124 silly tarball no local data for minipass@https://registry.npmjs.org/minipass/-/minipass-7.0.4.tgz. Extracting by manifest.
1125 silly tarball no local data for glob@https://registry.npmjs.org/glob/-/glob-7.2.3.tgz. Extracting by manifest.
1126 silly tarball no local data for minimatch@https://registry.npmjs.org/minimatch/-/minimatch-9.0.4.tgz. Extracting by manifest.
1127 silly tarball no local data for brace-expansion@https://registry.npmjs.org/brace-expansion/-/brace-expansion-2.0.1.tgz. Extracting by manifest.
1128 silly tarball no local data for minimatch@https://registry.npmjs.org/minimatch/-/minimatch-5.1.6.tgz. Extracting by manifest.
1129 silly tarball no local data for brace-expansion@https://registry.npmjs.org/brace-expansion/-/brace-expansion-2.0.1.tgz. Extracting by manifest.
1130 silly tarball no local data for resolve-from@https://registry.npmjs.org/resolve-from/-/resolve-from-4.0.0.tgz. Extracting by manifest.
1131 silly tarball no local data for glob@https://registry.npmjs.org/glob/-/glob-8.1.0.tgz. Extracting by manifest.
1132 silly tarball no local data for lru-cache@https://registry.npmjs.org/lru-cache/-/lru-cache-7.18.3.tgz. Extracting by manifest.
1133 silly tarball no local data for minipass@https://registry.npmjs.org/minipass/-/minipass-7.0.4.tgz. Extracting by manifest.
1134 silly tarball no local data for brace-expansion@https://registry.npmjs.org/brace-expansion/-/brace-expansion-2.0.1.tgz. Extracting by manifest.
1135 silly tarball no local data for minimatch@https://registry.npmjs.org/minimatch/-/minimatch-9.0.4.tgz. Extracting by manifest.
1136 silly tarball no local data for signal-exit@https://registry.npmjs.org/signal-exit/-/signal-exit-4.1.0.tgz. Extracting by manifest.
1137 silly tarball no local data for pg-connection-string@https://registry.npmjs.org/pg-connection-string/-/pg-connection-string-2.6.1.tgz. Extracting by manifest.
1138 silly tarball no local data for fastify-plugin@https://registry.npmjs.org/fastify-plugin/-/fastify-plugin-4.5.1.tgz. Extracting by manifest.
1139 silly tarball no local data for acorn@https://registry.npmjs.org/acorn/-/acorn-7.4.1.tgz. Extracting by manifest.
1140 silly tarball no local data for knex@https://registry.npmjs.org/knex/-/knex-2.5.1.tgz. Extracting by manifest.
1141 silly tarball no local data for pino-pretty@https://registry.npmjs.org/pino-pretty/-/pino-pretty-10.3.1.tgz. Extracting by manifest.
1142 silly tarball no local data for fastify-plugin@https://registry.npmjs.org/fastify-plugin/-/fastify-plugin-4.5.1.tgz. Extracting by manifest.
1143 silly tarball no local data for buffer@https://registry.npmjs.org/buffer/-/buffer-6.0.3.tgz. Extracting by manifest.
1144 silly tarball no local data for ajv-formats@https://registry.npmjs.org/ajv-formats/-/ajv-formats-3.0.1.tgz. Extracting by manifest.
1145 silly tarball no local data for fastify-plugin@https://registry.npmjs.org/fastify-plugin/-/fastify-plugin-4.5.1.tgz. Extracting by manifest.
1146 silly tarball no local data for semver@https://registry.npmjs.org/semver/-/semver-6.3.1.tgz. Extracting by manifest.
1147 silly tarball no local data for json-schema-traverse@https://registry.npmjs.org/json-schema-traverse/-/json-schema-traverse-1.0.0.tgz. Extracting by manifest.
1148 silly tarball no local data for fastify-plugin@https://registry.npmjs.org/fastify-plugin/-/fastify-plugin-2.3.4.tgz. Extracting by manifest.
1149 silly tarball no local data for doctrine@https://registry.npmjs.org/doctrine/-/doctrine-2.1.0.tgz. Extracting by manifest.
1150 silly tarball no local data for eslint-visitor-keys@https://registry.npmjs.org/eslint-visitor-keys/-/eslint-visitor-keys-4.0.0.tgz. Extracting by manifest.
1151 silly tarball no local data for ajv@https://registry.npmjs.org/ajv/-/ajv-8.12.0.tgz. Extracting by manifest.
1152 silly tarball no local data for glob-parent@https://registry.npmjs.org/glob-parent/-/glob-parent-5.1.2.tgz. Extracting by manifest.
1153 silly tarball no local data for debug@https://registry.npmjs.org/debug/-/debug-3.2.7.tgz. Extracting by manifest.
1154 silly tarball no local data for espree@https://registry.npmjs.org/espree/-/espree-9.6.1.tgz. Extracting by manifest.
1155 silly tarball no local data for help-me@https://registry.npmjs.org/help-me/-/help-me-5.0.0.tgz. Extracting by manifest.
1156 silly tarball no local data for readable-stream@https://registry.npmjs.org/readable-stream/-/readable-stream-4.5.2.tgz. Extracting by manifest.
1157 silly tarball no local data for debug@https://registry.npmjs.org/debug/-/debug-3.2.7.tgz. Extracting by manifest.
1158 silly tarball no local data for semver@https://registry.npmjs.org/semver/-/semver-6.3.1.tgz. Extracting by manifest.
1159 silly tarball no local data for escape-string-regexp@https://registry.npmjs.org/escape-string-regexp/-/escape-string-regexp-4.0.0.tgz. Extracting by manifest.
1160 silly tarball no local data for @eslint/js@https://registry.npmjs.org/@eslint/js/-/js-8.57.0.tgz. Extracting by manifest.
1161 silly tarball no local data for minimatch@https://registry.npmjs.org/minimatch/-/minimatch-9.0.1.tgz. Extracting by manifest.
1162 silly tarball no local data for brace-expansion@https://registry.npmjs.org/brace-expansion/-/brace-expansion-2.0.1.tgz. Extracting by manifest.
1163 silly tarball no local data for debug@https://registry.npmjs.org/debug/-/debug-3.2.7.tgz. Extracting by manifest.
1164 silly tarball no local data for @eslint/eslintrc@https://registry.npmjs.org/@eslint/eslintrc/-/eslintrc-2.1.4.tgz. Extracting by manifest.
1165 silly tarball no local data for mimic-response@https://registry.npmjs.org/mimic-response/-/mimic-response-3.1.0.tgz. Extracting by manifest.
1166 silly tarball no local data for ms@https://registry.npmjs.org/ms/-/ms-2.1.2.tgz. Extracting by manifest.
1167 silly tarball no local data for type-fest@https://registry.npmjs.org/type-fest/-/type-fest-1.4.0.tgz. Extracting by manifest.
1168 silly tarball no local data for supports-color@https://registry.npmjs.org/supports-color/-/supports-color-8.1.1.tgz. Extracting by manifest.
1169 silly tarball no local data for write-file-atomic@https://registry.npmjs.org/write-file-atomic/-/write-file-atomic-3.0.3.tgz. Extracting by manifest.
1170 silly tarball no local data for ini@https://registry.npmjs.org/ini/-/ini-1.3.8.tgz. Extracting by manifest.
1171 silly tarball no local data for lowercase-keys@https://registry.npmjs.org/lowercase-keys/-/lowercase-keys-2.0.0.tgz. Extracting by manifest.
1172 silly tarball no local data for wrap-ansi@https://registry.npmjs.org/wrap-ansi/-/wrap-ansi-7.0.0.tgz. Extracting by manifest.
1173 silly tarball no local data for glob-parent@https://registry.npmjs.org/glob-parent/-/glob-parent-5.1.2.tgz. Extracting by manifest.
1174 silly tarball no local data for unique-slug@https://registry.npmjs.org/unique-slug/-/unique-slug-4.0.0.tgz. Extracting by manifest.
1175 silly tarball no local data for globals@https://registry.npmjs.org/globals/-/globals-13.24.0.tgz. Extracting by manifest.
1176 silly tarball no local data for minipass@https://registry.npmjs.org/minipass/-/minipass-7.0.4.tgz. Extracting by manifest.
1177 silly tarball no local data for fs-minipass@https://registry.npmjs.org/fs-minipass/-/fs-minipass-3.0.3.tgz. Extracting by manifest.
1178 silly tarball no local data for get-stream@https://registry.npmjs.org/get-stream/-/get-stream-5.2.0.tgz. Extracting by manifest.
1179 silly tarball no local data for lru-cache@https://registry.npmjs.org/lru-cache/-/lru-cache-7.18.3.tgz. Extracting by manifest.
1180 silly tarball no local data for camelcase@https://registry.npmjs.org/camelcase/-/camelcase-7.0.0.tgz. Extracting by manifest.
1181 silly tarball no local data for string-width@https://registry.npmjs.org/string-width/-/string-width-5.1.2.tgz. Extracting by manifest.
1182 silly tarball no local data for strip-ansi@https://registry.npmjs.org/strip-ansi/-/strip-ansi-7.0.1.tgz. Extracting by manifest.
1183 silly tarball no local data for type-fest@https://registry.npmjs.org/type-fest/-/type-fest-2.19.0.tgz. Extracting by manifest.
1184 silly tarball no local data for emoji-regex@https://registry.npmjs.org/emoji-regex/-/emoji-regex-9.2.2.tgz. Extracting by manifest.
1185 silly tarball no local data for chalk@https://registry.npmjs.org/chalk/-/chalk-5.0.1.tgz. Extracting by manifest.
1186 silly tarball no local data for ansi-regex@https://registry.npmjs.org/ansi-regex/-/ansi-regex-6.0.1.tgz. Extracting by manifest.
1187 silly tarball no local data for istanbul-lib-instrument@https://registry.npmjs.org/istanbul-lib-instrument/-/istanbul-lib-instrument-5.2.1.tgz. Extracting by manifest.
1188 silly tarball no local data for semver@https://registry.npmjs.org/semver/-/semver-6.3.1.tgz. Extracting by manifest.
1189 silly tarball no local data for type-fest@https://registry.npmjs.org/type-fest/-/type-fest-0.21.3.tgz. Extracting by manifest.
1190 silly tarball no local data for ajv@https://registry.npmjs.org/ajv/-/ajv-8.11.0.tgz. Extracting by manifest.
1191 silly tarball no local data for json-schema-traverse@https://registry.npmjs.org/json-schema-traverse/-/json-schema-traverse-1.0.0.tgz. Extracting by manifest.
1192 silly tarball no local data for minimatch@https://registry.npmjs.org/minimatch/-/minimatch-9.0.4.tgz. Extracting by manifest.
1193 silly tarball no local data for brace-expansion@https://registry.npmjs.org/brace-expansion/-/brace-expansion-2.0.1.tgz. Extracting by manifest.
1194 silly tarball no local data for depd@https://registry.npmjs.org/depd/-/depd-1.1.2.tgz. Extracting by manifest.
1195 silly tarball no local data for unique-filename@https://registry.npmjs.org/unique-filename/-/unique-filename-3.0.0.tgz. Extracting by manifest.
1196 silly tarball no local data for which@https://registry.npmjs.org/which/-/which-3.0.1.tgz. Extracting by manifest.
1197 silly tarball no local data for lru-cache@https://registry.npmjs.org/lru-cache/-/lru-cache-7.18.3.tgz. Extracting by manifest.
1198 silly tarball no local data for which@https://registry.npmjs.org/which/-/which-3.0.1.tgz. Extracting by manifest.
1199 silly tarball no local data for p-locate@https://registry.npmjs.org/p-locate/-/p-locate-4.1.0.tgz. Extracting by manifest.
1200 silly tarball no local data for p-limit@https://registry.npmjs.org/p-limit/-/p-limit-2.3.0.tgz. Extracting by manifest.
1201 silly tarball no local data for locate-path@https://registry.npmjs.org/locate-path/-/locate-path-5.0.0.tgz. Extracting by manifest.
1202 silly tarball no local data for find-up@https://registry.npmjs.org/find-up/-/find-up-4.1.0.tgz. Extracting by manifest.
1203 silly tarball no local data for js-yaml@https://registry.npmjs.org/js-yaml/-/js-yaml-3.14.1.tgz. Extracting by manifest.
1204 silly tarball no local data for argparse@https://registry.npmjs.org/argparse/-/argparse-1.0.10.tgz. Extracting by manifest.
1205 silly tarball no local data for strip-ansi@https://registry.npmjs.org/strip-ansi/-/strip-ansi-7.1.0.tgz. Extracting by manifest.
1206 silly tarball no local data for glob@https://registry.npmjs.org/glob/-/glob-7.2.3.tgz. Extracting by manifest.
1207 silly tarball no local data for string-width@https://registry.npmjs.org/string-width/-/string-width-5.1.2.tgz. Extracting by manifest.
1208 silly tarball no local data for ansi-regex@https://registry.npmjs.org/ansi-regex/-/ansi-regex-6.0.1.tgz. Extracting by manifest.
1209 silly tarball no local data for emoji-regex@https://registry.npmjs.org/emoji-regex/-/emoji-regex-9.2.2.tgz. Extracting by manifest.
1210 silly tarball no local data for fastify-plugin@https://registry.npmjs.org/fastify-plugin/-/fastify-plugin-4.5.1.tgz. Extracting by manifest.
1211 silly tarball no local data for fastify-plugin@https://registry.npmjs.org/fastify-plugin/-/fastify-plugin-4.5.1.tgz. Extracting by manifest.
1212 silly tarball no local data for which@https://registry.npmjs.org/which/-/which-3.0.1.tgz. Extracting by manifest.
1213 silly tarball no local data for fastify-plugin@https://registry.npmjs.org/fastify-plugin/-/fastify-plugin-4.2.0.tgz. Extracting by manifest.
1214 silly tarball no local data for fastify-plugin@https://registry.npmjs.org/fastify-plugin/-/fastify-plugin-4.5.1.tgz. Extracting by manifest.
1215 silly tarball no local data for json-schema-traverse@https://registry.npmjs.org/json-schema-traverse/-/json-schema-traverse-1.0.0.tgz. Extracting by manifest.
1216 silly tarball no local data for fastify-plugin@https://registry.npmjs.org/fastify-plugin/-/fastify-plugin-4.5.1.tgz. Extracting by manifest.
1217 silly tarball no local data for fastify-plugin@https://registry.npmjs.org/fastify-plugin/-/fastify-plugin-4.5.1.tgz. Extracting by manifest.
1218 silly tarball no local data for color-name@https://registry.npmjs.org/color-name/-/color-name-1.1.3.tgz. Extracting by manifest.
1219 silly tarball no local data for supports-color@https://registry.npmjs.org/supports-color/-/supports-color-5.5.0.tgz. Extracting by manifest.
1220 silly tarball no local data for ajv@https://registry.npmjs.org/ajv/-/ajv-8.12.0.tgz. Extracting by manifest.
1221 silly tarball no local data for has-flag@https://registry.npmjs.org/has-flag/-/has-flag-3.0.0.tgz. Extracting by manifest.
1222 silly tarball no local data for fastify-plugin@https://registry.npmjs.org/fastify-plugin/-/fastify-plugin-4.2.0.tgz. Extracting by manifest.
1223 silly tarball no local data for color-convert@https://registry.npmjs.org/color-convert/-/color-convert-1.9.3.tgz. Extracting by manifest.
1224 silly tarball no local data for ansi-styles@https://registry.npmjs.org/ansi-styles/-/ansi-styles-3.2.1.tgz. Extracting by manifest.
1225 silly tarball no local data for chalk@https://registry.npmjs.org/chalk/-/chalk-2.4.2.tgz. Extracting by manifest.
1226 silly tarball no local data for globals@https://registry.npmjs.org/globals/-/globals-11.12.0.tgz. Extracting by manifest.
1227 silly tarball no local data for semver@https://registry.npmjs.org/semver/-/semver-6.3.1.tgz. Extracting by manifest.
1228 silly tarball no local data for globals@https://registry.npmjs.org/globals/-/globals-14.0.0.tgz. Extracting by manifest.
1229 silly tarball no local data for semver@https://registry.npmjs.org/semver/-/semver-6.3.1.tgz. Extracting by manifest.
1230 http fetch GET 200 https://registry.npmjs.org/@babel%2fhelpers 2624ms (cache miss)
1231 timing metavuln:packument:@babel/helpers Completed in 2626ms
1232 timing metavuln:load:security-advisory:@babel/helpers:1104001 Completed in 4ms
1233 timing metavuln:cache:put:security-advisory:@babel/helpers:+NsF1flAI8VENgJn0XVIWaC4lCe3b89AZgBOx219qXn/BdXH1EWl/yD49aHbhQimIG4kna8zgkunsmpiAVwNPQ== Completed in 54ms
1234 timing metavuln:calculate:security-advisory:@babel/helpers:1104001 Completed in 2686ms
1235 http fetch GET 200 https://registry.npmjs.org/yallist/-/yallist-4.0.0.tgz 5858ms (cache miss)
1236 timing reifyNode:node_modules/yallist Completed in 7822ms
1237 http fetch GET 200 https://registry.npmjs.org/wildcard/-/wildcard-2.0.0.tgz 5906ms (cache miss)
1238 timing reifyNode:node_modules/wildcard Completed in 7876ms
1239 http fetch GET 200 https://registry.npmjs.org/yocto-queue/-/yocto-queue-0.1.0.tgz 5922ms (cache miss)
1240 timing reifyNode:node_modules/yocto-queue Completed in 7884ms
1241 http fetch GET 200 https://registry.npmjs.org/widest-line/-/widest-line-4.0.1.tgz 5921ms (cache miss)
1242 timing reifyNode:node_modules/widest-line Completed in 7889ms
1243 http fetch GET 200 https://registry.npmjs.org/wrap-ansi/-/wrap-ansi-8.1.0.tgz 6025ms (cache miss)
1244 timing reifyNode:node_modules/wrap-ansi Completed in 7996ms
1245 http fetch GET 200 https://registry.npmjs.org/wide-align/-/wide-align-1.1.5.tgz 6126ms (cache miss)
1246 timing reifyNode:node_modules/wide-align Completed in 8095ms
1247 http fetch GET 200 https://registry.npmjs.org/which/-/which-2.0.2.tgz 6262ms (cache miss)
1248 timing reifyNode:node_modules/which Completed in 8232ms
1249 http fetch GET 200 https://registry.npmjs.org/wrap-ansi/-/wrap-ansi-7.0.0.tgz 6383ms (cache miss)
1250 timing reifyNode:node_modules/wrap-ansi-cjs Completed in 8351ms
1251 http fetch GET 200 https://registry.npmjs.org/vary/-/vary-1.1.2.tgz 6480ms (cache miss)
1252 timing reifyNode:node_modules/vary Completed in 8457ms
1253 http fetch GET 200 https://registry.npmjs.org/wrappy/-/wrappy-1.0.2.tgz 6539ms (cache miss)
1254 timing reifyNode:node_modules/wrappy Completed in 8506ms
1255 http fetch GET 200 https://registry.npmjs.org/write-file-atomic/-/write-file-atomic-4.0.2.tgz 6561ms (cache miss)
1256 timing reifyNode:node_modules/write-file-atomic Completed in 8526ms
1257 http fetch GET 200 https://registry.npmjs.org/walker/-/walker-1.0.8.tgz 6549ms (cache miss)
1258 timing reifyNode:node_modules/walker Completed in 8525ms
1259 http fetch GET 200 https://registry.npmjs.org/xdg-basedir/-/xdg-basedir-5.1.0.tgz 6564ms (cache miss)
1260 timing reifyNode:node_modules/xdg-basedir Completed in 8529ms
1261 http fetch GET 200 https://registry.npmjs.org/xtend/-/xtend-4.0.2.tgz 6566ms (cache miss)
1262 timing reifyNode:node_modules/xtend Completed in 8531ms
1263 http fetch GET 200 https://registry.npmjs.org/unique-string/-/unique-string-3.0.0.tgz 6538ms (cache miss)
1264 timing reifyNode:node_modules/unique-string Completed in 8537ms
1265 http fetch GET 200 https://registry.npmjs.org/universalify/-/universalify-2.0.1.tgz 6556ms (cache miss)
1266 timing reifyNode:node_modules/universalify Completed in 8539ms
1267 http fetch GET 200 https://registry.npmjs.org/void-elements/-/void-elements-3.1.0.tgz 6566ms (cache miss)
1268 timing reifyNode:node_modules/void-elements Completed in 8542ms
1269 http fetch GET 200 https://registry.npmjs.org/untildify/-/untildify-4.0.0.tgz 6559ms (cache miss)
1270 timing reifyNode:node_modules/untildify Completed in 8543ms
1271 http fetch GET 200 https://registry.npmjs.org/util-deprecate/-/util-deprecate-1.0.2.tgz 6575ms (cache miss)
1272 timing reifyNode:node_modules/util-deprecate Completed in 8556ms
1273 http fetch GET 200 https://registry.npmjs.org/validate-npm-package-name/-/validate-npm-package-name-5.0.0.tgz 6585ms (cache miss)
1274 timing reifyNode:node_modules/validate-npm-package-name Completed in 8565ms
1275 http fetch GET 200 https://registry.npmjs.org/y18n/-/y18n-5.0.8.tgz 6610ms (cache miss)
1276 timing reifyNode:node_modules/y18n Completed in 8574ms
1277 http fetch GET 200 https://registry.npmjs.org/youch/-/youch-2.2.2.tgz 6616ms (cache miss)
1278 timing reifyNode:node_modules/youch Completed in 8577ms
1279 http fetch GET 200 https://registry.npmjs.org/typedarray-to-buffer/-/typedarray-to-buffer-3.1.5.tgz 6589ms (cache miss)
1280 timing reifyNode:node_modules/typedarray-to-buffer Completed in 8576ms
1281 http fetch GET 200 https://registry.npmjs.org/validate-npm-package-license/-/validate-npm-package-license-3.0.4.tgz 6633ms (cache miss)
1282 timing reifyNode:node_modules/validate-npm-package-license Completed in 8611ms
1283 http fetch GET 200 https://registry.npmjs.org/type-detect/-/type-detect-4.0.8.tgz 6625ms (cache miss)
1284 timing reifyNode:node_modules/type-detect Completed in 8621ms
1285 http fetch GET 200 https://registry.npmjs.org/which-boxed-primitive/-/which-boxed-primitive-1.0.2.tgz 6690ms (cache miss)
1286 timing reifyNode:node_modules/which-boxed-primitive Completed in 8660ms
1287 http fetch GET 200 https://registry.npmjs.org/unique-slug/-/unique-slug-2.0.2.tgz 6679ms (cache miss)
1288 timing reifyNode:node_modules/unique-slug Completed in 8664ms
1289 http fetch GET 200 https://registry.npmjs.org/update-browserslist-db/-/update-browserslist-db-1.0.13.tgz 6711ms (cache miss)
1290 timing reifyNode:node_modules/update-browserslist-db Completed in 8694ms
1291 http fetch GET 200 https://registry.npmjs.org/yargs-parser/-/yargs-parser-21.1.1.tgz 6748ms (cache miss)
1292 timing reifyNode:node_modules/yargs-parser Completed in 8710ms
1293 http fetch GET 200 https://registry.npmjs.org/typed-array-length/-/typed-array-length-1.0.6.tgz 6717ms (cache miss)
1294 timing reifyNode:node_modules/typed-array-length Completed in 8705ms
1295 http fetch GET 200 https://registry.npmjs.org/tunnel-agent/-/tunnel-agent-0.6.0.tgz 6712ms (cache miss)
1296 timing reifyNode:node_modules/tunnel-agent Completed in 8709ms
1297 http fetch GET 200 https://registry.npmjs.org/update-notifier/-/update-notifier-6.0.2.tgz 6752ms (cache miss)
1298 timing reifyNode:node_modules/update-notifier Completed in 8732ms
1299 http fetch GET 200 https://registry.npmjs.org/unbox-primitive/-/unbox-primitive-1.0.2.tgz 6752ms (cache miss)
1300 timing reifyNode:node_modules/unbox-primitive Completed in 8737ms
1301 http fetch GET 200 https://registry.npmjs.org/uc.micro/-/uc.micro-1.0.6.tgz 6751ms (cache miss)
1302 http fetch GET 200 https://registry.npmjs.org/which-typed-array/-/which-typed-array-1.1.15.tgz 6765ms (cache miss)
1303 timing reifyNode:node_modules/which-typed-array Completed in 8743ms
1304 http fetch GET 200 https://registry.npmjs.org/v8-to-istanbul/-/v8-to-istanbul-9.2.0.tgz 6763ms (cache miss)
1305 timing reifyNode:node_modules/v8-to-istanbul Completed in 8743ms
1306 http fetch GET 200 https://registry.npmjs.org/watchpack/-/watchpack-2.4.1.tgz 6799ms (cache miss)
1307 timing reifyNode:node_modules/watchpack Completed in 8770ms
1308 timing reifyNode:node_modules/uc.micro Completed in 8769ms
1309 http fetch GET 200 https://registry.npmjs.org/typed-array-byte-offset/-/typed-array-byte-offset-1.0.2.tgz 6823ms (cache miss)
1310 timing reifyNode:node_modules/typed-array-byte-offset Completed in 8810ms
1311 http fetch GET 200 https://registry.npmjs.org/with/-/with-7.0.2.tgz 6907ms (cache miss)
1312 timing reifyNode:node_modules/with Completed in 8875ms
1313 http fetch GET 200 https://registry.npmjs.org/webpack-merge/-/webpack-merge-5.8.0.tgz 6923ms (cache miss)
1314 timing reifyNode:node_modules/webpack-merge Completed in 8894ms
1315 http fetch GET 200 https://registry.npmjs.org/unique-filename/-/unique-filename-1.1.1.tgz 6926ms (cache miss)
1316 timing reifyNode:node_modules/unique-filename Completed in 8911ms
1317 http fetch GET 200 https://registry.npmjs.org/umzug/-/umzug-2.3.0.tgz 6965ms (cache miss)
1318 timing reifyNode:node_modules/umzug Completed in 8950ms
1319 http fetch GET 200 https://registry.npmjs.org/webpack-cli/-/webpack-cli-5.1.4.tgz 6990ms (cache miss)
1320 timing reifyNode:node_modules/webpack-cli Completed in 8961ms
1321 http fetch GET 200 https://registry.npmjs.org/webpack-sources/-/webpack-sources-3.2.3.tgz 6998ms (cache miss)
1322 timing reifyNode:node_modules/webpack-sources Completed in 8968ms
1323 http fetch GET 200 https://registry.npmjs.org/undici-types/-/undici-types-5.26.5.tgz 6987ms (cache miss)
1324 timing reifyNode:node_modules/undici-types Completed in 8973ms
1325 http fetch GET 200 https://registry.npmjs.org/yargs/-/yargs-17.7.2.tgz 7065ms (cache miss)
1326 timing reifyNode:node_modules/yargs Completed in 9034ms
1327 http fetch GET 200 https://registry.npmjs.org/wkx/-/wkx-0.5.0.tgz 7103ms (cache miss)
1328 timing reifyNode:node_modules/wkx Completed in 9069ms
1329 http fetch GET 200 https://registry.npmjs.org/uri-js/-/uri-js-4.4.1.tgz 7206ms (cache miss)
1330 timing reifyNode:node_modules/uri-js Completed in 9196ms
1331 http fetch GET 200 https://registry.npmjs.org/uuid/-/uuid-8.3.2.tgz 7220ms (cache miss)
1332 timing reifyNode:node_modules/uuid Completed in 9200ms
1333 http fetch GET 200 https://registry.npmjs.org/tsconfig-paths/-/tsconfig-paths-3.15.0.tgz 7318ms (cache miss)
1334 timing reifyNode:node_modules/tsconfig-paths Completed in 9316ms
1335 http fetch GET 200 https://registry.npmjs.org/validator/-/validator-13.11.0.tgz 7511ms (cache miss)
1336 timing reifyNode:node_modules/validator Completed in 9495ms
1337 http fetch GET 200 https://registry.npmjs.org/webpack/-/webpack-5.91.0.tgz 8904ms (cache miss)
1338 timing reifyNode:node_modules/webpack Completed in 10884ms
1339 http fetch GET 200 https://registry.npmjs.org/resolve-cwd/-/resolve-cwd-3.0.0.tgz 24387ms (cache miss)
1340 timing reifyNode:node_modules/resolve-cwd Completed in 26454ms
1341 http fetch GET 200 https://registry.npmjs.org/minipass-flush/-/minipass-flush-1.0.5.tgz 24992ms (cache miss)
1342 timing reifyNode:node_modules/minipass-flush Completed in 27218ms
1343 http fetch GET 200 https://registry.npmjs.org/strip-bom/-/strip-bom-4.0.0.tgz 25249ms (cache miss)
1344 timing reifyNode:node_modules/strip-bom Completed in 27264ms
1345 http fetch GET 200 https://registry.npmjs.org/simple-concat/-/simple-concat-1.0.1.tgz 25666ms (cache miss)
1346 timing reifyNode:node_modules/simple-concat Completed in 27703ms
1347 http fetch GET 200 https://registry.npmjs.org/p-map/-/p-map-4.0.0.tgz 25584ms (cache miss)
1348 timing reifyNode:node_modules/p-map Completed in 27773ms
1349 http fetch GET 200 https://registry.npmjs.org/json-parse-helpfulerror/-/json-parse-helpfulerror-1.0.3.tgz 25508ms (cache miss)
1350 timing reifyNode:node_modules/json-parse-helpfulerror Completed in 27775ms
1351 http fetch GET 200 https://registry.npmjs.org/fast-decode-uri-component/-/fast-decode-uri-component-1.0.1.tgz 25428ms (cache miss)
1352 timing reifyNode:node_modules/fast-decode-uri-component Completed in 27824ms
1353 http fetch GET 200 https://registry.npmjs.org/decompress-response/-/decompress-response-6.0.0.tgz 25431ms (cache miss)
1354 timing reifyNode:node_modules/decompress-response Completed in 27882ms
1355 http fetch GET 200 https://registry.npmjs.org/@types/graceful-fs/-/graceful-fs-4.1.9.tgz 25308ms (cache miss)
1356 timing reifyNode:node_modules/@types/graceful-fs Completed in 27877ms
1357 http fetch GET 200 https://registry.npmjs.org/@types/ms/-/ms-0.7.34.tgz 25324ms (cache miss)
1358 timing reifyNode:node_modules/@types/ms Completed in 27880ms
1359 http fetch GET 200 https://registry.npmjs.org/@webassemblyjs/helper-numbers/-/helper-numbers-1.11.6.tgz 25357ms (cache miss)
1360 timing reifyNode:node_modules/@webassemblyjs/helper-numbers Completed in 27903ms
1361 http fetch GET 200 https://registry.npmjs.org/strip-ansi/-/strip-ansi-7.0.1.tgz 25252ms (cache miss)
1362 timing reifyNode:node_modules/widest-line/node_modules/strip-ansi Completed in 27980ms
1363 http fetch GET 200 https://registry.npmjs.org/is-generator-fn/-/is-generator-fn-2.1.0.tgz 25678ms (cache miss)
1364 timing reifyNode:node_modules/is-generator-fn Completed in 28001ms
1365 http fetch GET 200 https://registry.npmjs.org/has-yarn/-/has-yarn-3.0.0.tgz 25691ms (cache miss)
1366 timing reifyNode:node_modules/has-yarn Completed in 28047ms
1367 http fetch GET 200 https://registry.npmjs.org/jest-get-type/-/jest-get-type-29.6.3.tgz 25761ms (cache miss)
1368 timing reifyNode:node_modules/jest-get-type Completed in 28058ms
1369 http fetch GET 200 https://registry.npmjs.org/has-unicode/-/has-unicode-2.0.1.tgz 25706ms (cache miss)
1370 timing reifyNode:node_modules/has-unicode Completed in 28063ms
1371 http fetch GET 200 https://registry.npmjs.org/is-promise/-/is-promise-2.2.2.tgz 25777ms (cache miss)
1372 timing reifyNode:node_modules/is-promise Completed in 28096ms
1373 http fetch GET 200 https://registry.npmjs.org/toidentifier/-/toidentifier-1.0.1.tgz 26303ms (cache miss)
1374 timing reifyNode:node_modules/toidentifier Completed in 28304ms
1375 http fetch GET 200 https://registry.npmjs.org/end-of-stream/-/end-of-stream-1.4.4.tgz 25839ms (cache miss)
1376 timing reifyNode:node_modules/end-of-stream Completed in 28269ms
1377 http fetch GET 200 https://registry.npmjs.org/postgres-array/-/postgres-array-2.0.0.tgz 26135ms (cache miss)
1378 timing reifyNode:node_modules/postgres-array Completed in 28306ms
1379 http fetch GET 200 https://registry.npmjs.org/@babel/helper-environment-visitor/-/helper-environment-visitor-7.22.20.tgz 25617ms (cache miss)
1380 timing reifyNode:node_modules/@babel/helper-environment-visitor Completed in 28262ms
1381 http fetch GET 200 https://registry.npmjs.org/encoding/-/encoding-0.1.13.tgz 25860ms (cache miss)
1382 timing reifyNode:node_modules/encoding Completed in 28292ms
1383 http fetch GET 200 https://registry.npmjs.org/pug-strip-comments/-/pug-strip-comments-2.0.0.tgz 26193ms (cache miss)
1384 timing reifyNode:node_modules/pug-strip-comments Completed in 28327ms
1385 http fetch GET 200 https://registry.npmjs.org/pug-linker/-/pug-linker-4.0.0.tgz 26191ms (cache miss)
1386 timing reifyNode:node_modules/pug-linker Completed in 28333ms
1387 http fetch GET 200 https://registry.npmjs.org/path-parse/-/path-parse-1.0.7.tgz 26177ms (cache miss)
1388 timing reifyNode:node_modules/path-parse Completed in 28352ms
1389 http fetch GET 200 https://registry.npmjs.org/safe-regex-test/-/safe-regex-test-1.0.3.tgz 26313ms (cache miss)
1390 http fetch GET 200 https://registry.npmjs.org/mkdirp-classic/-/mkdirp-classic-0.5.3.tgz 26144ms (cache miss)
1391 timing reifyNode:node_modules/mkdirp-classic Completed in 28364ms
1392 http fetch GET 200 https://registry.npmjs.org/string-length/-/string-length-4.0.2.tgz 26366ms (cache miss)
1393 timing reifyNode:node_modules/string-length Completed in 28385ms
1394 http fetch GET 200 https://registry.npmjs.org/require-from-string/-/require-from-string-2.0.2.tgz 26320ms (cache miss)
1395 timing reifyNode:node_modules/require-from-string Completed in 28382ms
1396 http fetch GET 200 https://registry.npmjs.org/mimic-fn/-/mimic-fn-2.1.0.tgz 26144ms (cache miss)
1397 timing reifyNode:node_modules/mimic-fn Completed in 28370ms
1398 http fetch GET 200 https://registry.npmjs.org/postgres-bytea/-/postgres-bytea-1.0.0.tgz 26235ms (cache miss)
1399 timing reifyNode:node_modules/postgres-bytea Completed in 28389ms
1400 http fetch GET 200 https://registry.npmjs.org/lowercase-keys/-/lowercase-keys-3.0.0.tgz 26154ms (cache miss)
1401 timing reifyNode:node_modules/lowercase-keys Completed in 28403ms
1402 http fetch GET 200 https://registry.npmjs.org/slash/-/slash-3.0.0.tgz 26388ms (cache miss)
1403 timing reifyNode:node_modules/slash Completed in 28423ms
1404 http fetch GET 200 https://registry.npmjs.org/lodash.compact/-/lodash.compact-3.0.1.tgz 26158ms (cache miss)
1405 timing reifyNode:node_modules/lodash.compact Completed in 28408ms
1406 http fetch GET 200 https://registry.npmjs.org/napi-build-utils/-/napi-build-utils-1.0.2.tgz 26217ms (cache miss)
1407 timing reifyNode:node_modules/napi-build-utils Completed in 28435ms
1408 http fetch GET 200 https://registry.npmjs.org/mimic-response/-/mimic-response-1.0.1.tgz 26210ms (cache miss)
1409 timing reifyNode:node_modules/mimic-response Completed in 28440ms
1410 http fetch GET 200 https://registry.npmjs.org/lodash.castarray/-/lodash.castarray-4.4.0.tgz 26195ms (cache miss)
1411 timing reifyNode:node_modules/lodash.castarray Completed in 28446ms
1412 http fetch GET 200 https://registry.npmjs.org/lines-and-columns/-/lines-and-columns-1.2.4.tgz 26200ms (cache miss)
1413 timing reifyNode:node_modules/lines-and-columns Completed in 28455ms
1414 http fetch GET 200 https://registry.npmjs.org/to-fast-properties/-/to-fast-properties-2.0.0.tgz 26481ms (cache miss)
1415 timing reifyNode:node_modules/to-fast-properties Completed in 28484ms
1416 http fetch GET 200 https://registry.npmjs.org/promise-inflight/-/promise-inflight-1.0.1.tgz 26324ms (cache miss)
1417 timing reifyNode:node_modules/promise-inflight Completed in 28473ms
1418 http fetch GET 200 https://registry.npmjs.org/pg-int8/-/pg-int8-1.0.1.tgz 26304ms (cache miss)
1419 timing reifyNode:node_modules/pg-int8 Completed in 28475ms
1420 http fetch GET 200 https://registry.npmjs.org/get-stream/-/get-stream-6.0.1.tgz 26100ms (cache miss)
1421 timing reifyNode:node_modules/get-stream Completed in 28468ms
1422 http fetch GET 200 https://registry.npmjs.org/esrecurse/-/esrecurse-4.3.0.tgz 26099ms (cache miss)
1423 timing reifyNode:node_modules/esrecurse Completed in 28508ms
1424 http fetch GET 200 https://registry.npmjs.org/@webpack-cli/configtest/-/configtest-2.1.1.tgz 25975ms (cache miss)
1425 timing reifyNode:node_modules/@webpack-cli/configtest Completed in 28509ms
1426 http fetch GET 200 https://registry.npmjs.org/@webassemblyjs/ieee754/-/ieee754-1.11.6.tgz 25975ms (cache miss)
1427 timing reifyNode:node_modules/@webassemblyjs/ieee754 Completed in 28521ms
1428 http fetch GET 200 https://registry.npmjs.org/babel-preset-jest/-/babel-preset-jest-29.6.3.tgz 26022ms (cache miss)
1429 timing reifyNode:node_modules/babel-preset-jest Completed in 28528ms
1430 http fetch GET 200 https://registry.npmjs.org/deep-extend/-/deep-extend-0.6.0.tgz 26089ms (cache miss)
1431 timing reifyNode:node_modules/deep-extend Completed in 28542ms
1432 http fetch GET 200 https://registry.npmjs.org/ansi-regex/-/ansi-regex-5.0.1.tgz 26021ms (cache miss)
1433 timing reifyNode:node_modules/ansi-regex Completed in 28543ms
1434 http fetch GET 200 https://registry.npmjs.org/collect-v8-coverage/-/collect-v8-coverage-1.0.2.tgz 26087ms (cache miss)
1435 timing reifyNode:node_modules/collect-v8-coverage Completed in 28564ms
1436 http fetch GET 200 https://registry.npmjs.org/atomic-sleep/-/atomic-sleep-1.0.0.tgz 26057ms (cache miss)
1437 timing reifyNode:node_modules/atomic-sleep Completed in 28566ms
1438 http fetch GET 200 https://registry.npmjs.org/cli-boxes/-/cli-boxes-3.0.0.tgz 26096ms (cache miss)
1439 timing reifyNode:node_modules/cli-boxes Completed in 28576ms
1440 http fetch GET 200 https://registry.npmjs.org/@npmcli/move-file/-/move-file-1.1.2.tgz 25905ms (cache miss)
1441 timing reifyNode:node_modules/sqlite3/node_modules/@npmcli/move-file Completed in 28648ms
1442 http fetch GET 200 https://registry.npmjs.org/is-plain-object/-/is-plain-object-2.0.4.tgz 26327ms (cache miss)
1443 timing reifyNode:node_modules/is-plain-object Completed in 28655ms
1444 http fetch GET 200 https://registry.npmjs.org/is-arrayish/-/is-arrayish-0.2.1.tgz 26350ms (cache miss)
1445 timing reifyNode:node_modules/is-arrayish Completed in 28682ms
1446 http fetch GET 200 https://registry.npmjs.org/is-fullwidth-code-point/-/is-fullwidth-code-point-3.0.0.tgz 26367ms (cache miss)
1447 timing reifyNode:node_modules/is-fullwidth-code-point Completed in 28690ms
1448 http fetch GET 200 https://registry.npmjs.org/is-extglob/-/is-extglob-2.1.1.tgz 26397ms (cache miss)
1449 timing reifyNode:node_modules/is-extglob Completed in 28721ms
1450 http fetch GET 200 https://registry.npmjs.org/@babel/plugin-syntax-optional-catch-binding/-/plugin-syntax-optional-catch-binding-7.8.3.tgz 26057ms (cache miss)
1451 timing reifyNode:node_modules/@babel/plugin-syntax-optional-catch-binding Completed in 28690ms
1452 http fetch GET 200 https://registry.npmjs.org/@babel/plugin-syntax-import-meta/-/plugin-syntax-import-meta-7.10.4.tgz 26060ms (cache miss)
1453 timing reifyNode:node_modules/@babel/plugin-syntax-import-meta Completed in 28696ms
1454 http fetch GET 200 https://registry.npmjs.org/locate-path/-/locate-path-3.0.0.tgz 26024ms (cache miss)
1455 timing reifyNode:node_modules/pkg-up/node_modules/locate-path Completed in 28774ms
1456 http fetch GET 200 https://registry.npmjs.org/has-flag/-/has-flag-3.0.0.tgz 25939ms (cache miss)
1457 timing reifyNode:node_modules/@babel/highlight/node_modules/has-flag Completed in 28753ms
1458 http fetch GET 200 https://registry.npmjs.org/unique-filename/-/unique-filename-2.0.1.tgz 26053ms (cache miss)
1459 timing reifyNode:node_modules/node-gyp/node_modules/unique-filename Completed in 28824ms
1460 http fetch GET 200 https://registry.npmjs.org/unique-filename/-/unique-filename-3.0.0.tgz 25995ms (cache miss)
1461 timing reifyNode:node_modules/cacache/node_modules/unique-filename Completed in 28805ms
1462 http fetch GET 200 https://registry.npmjs.org/data-view-byte-length/-/data-view-byte-length-1.0.1.tgz 26368ms (cache miss)
1463 http fetch GET 200 https://registry.npmjs.org/env-paths/-/env-paths-2.2.1.tgz 26399ms (cache miss)
1464 timing reifyNode:node_modules/env-paths Completed in 28829ms
1465 http fetch GET 200 https://registry.npmjs.org/aggregate-error/-/aggregate-error-3.1.0.tgz 26294ms (cache miss)
1466 timing reifyNode:node_modules/aggregate-error Completed in 28821ms
1467 http fetch GET 200 https://registry.npmjs.org/pkg-up/-/pkg-up-3.1.0.tgz 26702ms (cache miss)
1468 timing reifyNode:node_modules/pkg-up Completed in 28860ms
1469 http fetch GET 200 https://registry.npmjs.org/tree-kill/-/tree-kill-1.2.2.tgz 26874ms (cache miss)
1470 timing reifyNode:node_modules/tree-kill Completed in 28874ms
1471 http fetch GET 200 https://registry.npmjs.org/emoji-regex/-/emoji-regex-8.0.0.tgz 26405ms (cache miss)
1472 http fetch GET 200 https://registry.npmjs.org/readdirp/-/readdirp-3.6.0.tgz 26753ms (cache miss)
1473 timing reifyNode:node_modules/readdirp Completed in 28874ms
1474 http fetch GET 200 https://registry.npmjs.org/once/-/once-1.4.0.tgz 26674ms (cache miss)
1475 timing reifyNode:node_modules/once Completed in 28870ms
1476 http fetch GET 200 https://registry.npmjs.org/to-regex-range/-/to-regex-range-5.0.1.tgz 26896ms (cache miss)
1477 timing reifyNode:node_modules/to-regex-range Completed in 28897ms
1478 http fetch GET 200 https://registry.npmjs.org/type-is/-/type-is-1.6.18.tgz 26911ms (cache miss)
1479 timing reifyNode:node_modules/type-is Completed in 28900ms
1480 http fetch GET 200 https://registry.npmjs.org/shebang-regex/-/shebang-regex-3.0.0.tgz 26857ms (cache miss)
1481 timing reifyNode:node_modules/shebang-regex Completed in 28896ms
1482 http fetch GET 200 https://registry.npmjs.org/setprototypeof/-/setprototypeof-1.2.0.tgz 26857ms (cache miss)
1483 timing reifyNode:node_modules/setprototypeof Completed in 28898ms
1484 http fetch GET 200 https://registry.npmjs.org/pkg-dir/-/pkg-dir-4.2.0.tgz 26726ms (cache miss)
1485 timing reifyNode:node_modules/pkg-dir Completed in 28891ms
1486 http fetch GET 200 https://registry.npmjs.org/path-type/-/path-type-4.0.0.tgz 26724ms (cache miss)
1487 timing reifyNode:node_modules/path-type Completed in 28899ms
1488 http fetch GET 200 https://registry.npmjs.org/sisteransi/-/sisteransi-1.0.5.tgz 26885ms (cache miss)
1489 timing reifyNode:node_modules/sisteransi Completed in 28921ms
1490 http fetch GET 200 https://registry.npmjs.org/glob-parent/-/glob-parent-6.0.2.tgz 26535ms (cache miss)
1491 timing reifyNode:node_modules/glob-parent Completed in 28902ms
1492 http fetch GET 200 https://registry.npmjs.org/jsonlines/-/jsonlines-0.1.1.tgz 26647ms (cache miss)
1493 timing reifyNode:node_modules/jsonlines Completed in 28912ms
1494 http fetch GET 200 https://registry.npmjs.org/resolve-alpn/-/resolve-alpn-1.2.1.tgz 26872ms (cache miss)
1495 timing reifyNode:node_modules/resolve-alpn Completed in 28936ms
1496 http fetch GET 200 https://registry.npmjs.org/simple-get/-/simple-get-4.0.1.tgz 26905ms (cache miss)
1497 http fetch GET 200 https://registry.npmjs.org/pug-attrs/-/pug-attrs-3.0.0.tgz 26798ms (cache miss)
1498 timing reifyNode:node_modules/pug-attrs Completed in 28942ms
1499 http fetch GET 200 https://registry.npmjs.org/minipass-pipeline/-/minipass-pipeline-1.2.4.tgz 26742ms (cache miss)
1500 timing reifyNode:node_modules/minipass-pipeline Completed in 28967ms
1501 http fetch GET 200 https://registry.npmjs.org/supports-color/-/supports-color-7.2.0.tgz 26981ms (cache miss)
1502 timing reifyNode:node_modules/supports-color Completed in 28990ms
1503 http fetch GET 200 https://registry.npmjs.org/makeerror/-/makeerror-1.0.12.tgz 26731ms (cache miss)
1504 timing reifyNode:node_modules/makeerror Completed in 28972ms
1505 http fetch GET 200 https://registry.npmjs.org/p-locate/-/p-locate-5.0.0.tgz 26796ms (cache miss)
1506 timing reifyNode:node_modules/p-locate Completed in 28987ms
1507 http fetch GET 200 https://registry.npmjs.org/merge-stream/-/merge-stream-2.0.0.tgz 26750ms (cache miss)
1508 timing reifyNode:node_modules/merge-stream Completed in 28986ms
1509 http fetch GET 200 https://registry.npmjs.org/merge2/-/merge2-1.4.1.tgz 26752ms (cache miss)
1510 timing reifyNode:node_modules/merge2 Completed in 28987ms
1511 http fetch GET 200 https://registry.npmjs.org/object-assign/-/object-assign-4.1.1.tgz 26789ms (cache miss)
1512 timing reifyNode:node_modules/object-assign Completed in 28995ms
1513 http fetch GET 200 https://registry.npmjs.org/safe-regex2/-/safe-regex2-2.0.0.tgz 26953ms (cache miss)
1514 timing reifyNode:node_modules/safe-regex2 Completed in 29009ms
1515 http fetch GET 200 https://registry.npmjs.org/make-promises-safe/-/make-promises-safe-5.1.0.tgz 26755ms (cache miss)
1516 timing reifyNode:node_modules/make-promises-safe Completed in 28995ms
1517 http fetch GET 200 https://registry.npmjs.org/pug-error/-/pug-error-2.0.0.tgz 26851ms (cache miss)
1518 timing reifyNode:node_modules/pug-error Completed in 29007ms
1519 http fetch GET 200 https://registry.npmjs.org/pump/-/pump-3.0.0.tgz 26877ms (cache miss)
1520 timing reifyNode:node_modules/pump Completed in 29008ms
1521 http fetch GET 200 https://registry.npmjs.org/strip-json-comments/-/strip-json-comments-3.1.1.tgz 27012ms (cache miss)
1522 timing reifyNode:node_modules/strip-json-comments Completed in 29023ms
1523 http fetch GET 200 https://registry.npmjs.org/postgres-date/-/postgres-date-1.0.7.tgz 26858ms (cache miss)
1524 timing reifyNode:node_modules/postgres-date Completed in 29013ms
1525 http fetch GET 200 https://registry.npmjs.org/get-caller-file/-/get-caller-file-2.0.5.tgz 26626ms (cache miss)
1526 timing reifyNode:node_modules/get-caller-file Completed in 29006ms
1527 http fetch GET 200 https://registry.npmjs.org/@types/cacheable-request/-/cacheable-request-6.0.2.tgz 26416ms (cache miss)
1528 timing reifyNode:node_modules/@types/cacheable-request Completed in 28987ms
1529 http fetch GET 200 https://registry.npmjs.org/fastify-method-override/-/fastify-method-override-1.5.10.tgz 26635ms (cache miss)
1530 timing reifyNode:node_modules/fastify-method-override Completed in 29023ms
1531 http fetch GET 200 https://registry.npmjs.org/forwarded/-/forwarded-0.2.0.tgz 26654ms (cache miss)
1532 timing reifyNode:node_modules/forwarded Completed in 29031ms
1533 http fetch GET 200 https://registry.npmjs.org/dir-glob/-/dir-glob-3.0.1.tgz 26597ms (cache miss)
1534 timing reifyNode:node_modules/dir-glob Completed in 29036ms
1535 http fetch GET 200 https://registry.npmjs.org/binary-extensions/-/binary-extensions-2.2.0.tgz 26531ms (cache miss)
1536 timing reifyNode:node_modules/binary-extensions Completed in 29031ms
1537 http fetch GET 200 https://registry.npmjs.org/assert-never/-/assert-never-1.2.1.tgz 26527ms (cache miss)
1538 timing reifyNode:node_modules/assert-never Completed in 29037ms
1539 http fetch GET 200 https://registry.npmjs.org/cookie-signature/-/cookie-signature-1.2.1.tgz 26584ms (cache miss)
1540 timing reifyNode:node_modules/cookie-signature Completed in 29046ms
1541 http fetch GET 200 https://registry.npmjs.org/config-chain/-/config-chain-1.1.13.tgz 26582ms (cache miss)
1542 timing reifyNode:node_modules/config-chain Completed in 29047ms
1543 http fetch GET 200 https://registry.npmjs.org/@webassemblyjs/helper-wasm-bytecode/-/helper-wasm-bytecode-1.11.6.tgz 26497ms (cache miss)
1544 timing reifyNode:node_modules/@webassemblyjs/helper-wasm-bytecode Completed in 29041ms
1545 http fetch GET 200 https://registry.npmjs.org/@webassemblyjs/helper-api-error/-/helper-api-error-1.11.6.tgz 26485ms (cache miss)
1546 timing reifyNode:node_modules/@webassemblyjs/helper-api-error Completed in 29042ms
1547 http fetch GET 200 https://registry.npmjs.org/clone-deep/-/clone-deep-4.0.1.tgz 26573ms (cache miss)
1548 timing reifyNode:node_modules/clone-deep Completed in 29052ms
1549 http fetch GET 200 https://registry.npmjs.org/concat-map/-/concat-map-0.0.1.tgz 26587ms (cache miss)
1550 timing reifyNode:node_modules/concat-map Completed in 29054ms
1551 http fetch GET 200 https://registry.npmjs.org/delegates/-/delegates-1.0.0.tgz 26596ms (cache miss)
1552 timing reifyNode:node_modules/delegates Completed in 29058ms
1553 http fetch GET 200 https://registry.npmjs.org/doctypes/-/doctypes-1.1.0.tgz 26628ms (cache miss)
1554 timing reifyNode:node_modules/doctypes Completed in 29065ms
1555 http fetch GET 200 https://registry.npmjs.org/abstract-logging/-/abstract-logging-2.0.1.tgz 26529ms (cache miss)
1556 timing reifyNode:node_modules/abstract-logging Completed in 29058ms
1557 http fetch GET 200 https://registry.npmjs.org/color-support/-/color-support-1.1.3.tgz 26600ms (cache miss)
1558 timing reifyNode:node_modules/color-support Completed in 29076ms
1559 http fetch GET 200 https://registry.npmjs.org/@types/responselike/-/responselike-1.0.0.tgz 26513ms (cache miss)
1560 timing reifyNode:node_modules/@types/responselike Completed in 29068ms
1561 http fetch GET 200 https://registry.npmjs.org/@types/stack-trace/-/stack-trace-0.0.29.tgz 26520ms (cache miss)
1562 timing reifyNode:node_modules/@types/stack-trace Completed in 29072ms
1563 http fetch GET 200 https://registry.npmjs.org/at-least-node/-/at-least-node-1.0.0.tgz 26567ms (cache miss)
1564 timing reifyNode:node_modules/at-least-node Completed in 29077ms
1565 http fetch GET 200 https://registry.npmjs.org/@types/json5/-/json5-0.0.29.tgz 26517ms (cache miss)
1566 timing reifyNode:node_modules/@types/json5 Completed in 29074ms
1567 http fetch GET 200 https://registry.npmjs.org/confusing-browser-globals/-/confusing-browser-globals-1.0.11.tgz 26620ms (cache miss)
1568 timing reifyNode:node_modules/confusing-browser-globals Completed in 29086ms
1569 http fetch GET 200 https://registry.npmjs.org/brace-expansion/-/brace-expansion-1.1.11.tgz 26588ms (cache miss)
1570 timing reifyNode:node_modules/brace-expansion Completed in 29087ms
1571 http fetch GET 200 https://registry.npmjs.org/@types/http-cache-semantics/-/http-cache-semantics-4.0.1.tgz 26524ms (cache miss)
1572 timing reifyNode:node_modules/@types/http-cache-semantics Completed in 29091ms
1573 http fetch GET 200 https://registry.npmjs.org/@aashutoshrathi/word-wrap/-/word-wrap-1.2.6.tgz 26432ms (cache miss)
1574 timing reifyNode:node_modules/@aashutoshrathi/word-wrap Completed in 29086ms
1575 http fetch GET 200 https://registry.npmjs.org/interpret/-/interpret-3.1.1.tgz 26415ms (cache miss)
1576 timing reifyNode:node_modules/webpack-cli/node_modules/interpret Completed in 29160ms
1577 http fetch GET 200 https://registry.npmjs.org/strip-bom/-/strip-bom-3.0.0.tgz 26441ms (cache miss)
1578 timing reifyNode:node_modules/tsconfig-paths/node_modules/strip-bom Completed in 29169ms
1579 http fetch GET 200 https://registry.npmjs.org/escape-string-regexp/-/escape-string-regexp-2.0.0.tgz 26433ms (cache miss)
1580 timing reifyNode:node_modules/stack-utils/node_modules/escape-string-regexp Completed in 29174ms
1581 http fetch GET 200 https://registry.npmjs.org/@npmcli/node-gyp/-/node-gyp-3.0.0.tgz 26537ms (cache miss)
1582 timing reifyNode:node_modules/@npmcli/node-gyp Completed in 29130ms
1583 http fetch GET 200 https://registry.npmjs.org/eslint-import-resolver-node/-/eslint-import-resolver-node-0.3.9.tgz 26739ms (cache miss)
1584 timing reifyNode:node_modules/eslint-import-resolver-node Completed in 29154ms
1585 http fetch GET 200 https://registry.npmjs.org/is-obj/-/is-obj-2.0.0.tgz 26849ms (cache miss)
1586 timing reifyNode:node_modules/is-obj Completed in 29166ms
1587 http fetch GET 200 https://registry.npmjs.org/is-npm/-/is-npm-6.0.0.tgz 26849ms (cache miss)
1588 timing reifyNode:node_modules/is-npm Completed in 29169ms
1589 http fetch GET 200 https://registry.npmjs.org/is-docker/-/is-docker-2.2.1.tgz 26842ms (cache miss)
1590 timing reifyNode:node_modules/is-docker Completed in 29171ms
1591 http fetch GET 200 https://registry.npmjs.org/is-lambda/-/is-lambda-1.0.1.tgz 26851ms (cache miss)
1592 timing reifyNode:node_modules/is-lambda Completed in 29172ms
1593 http fetch GET 200 https://registry.npmjs.org/jest-changed-files/-/jest-changed-files-29.7.0.tgz 26871ms (cache miss)
1594 timing reifyNode:node_modules/jest-changed-files Completed in 29176ms
1595 http fetch GET 200 https://registry.npmjs.org/ini/-/ini-2.0.0.tgz 26839ms (cache miss)
1596 timing reifyNode:node_modules/ini Completed in 29177ms
1597 http fetch GET 200 https://registry.npmjs.org/builtins/-/builtins-5.1.0.tgz 26777ms (cache miss)
1598 timing reifyNode:node_modules/builtins Completed in 29265ms
1599 http fetch GET 200 https://registry.npmjs.org/is-yarn-global/-/is-yarn-global-0.4.0.tgz 26976ms (cache miss)
1600 timing reifyNode:node_modules/is-yarn-global Completed in 29287ms
1601 http fetch GET 200 https://registry.npmjs.org/inherits/-/inherits-2.0.4.tgz 26950ms (cache miss)
1602 timing reifyNode:node_modules/inherits Completed in 29286ms
1603 http fetch GET 200 https://registry.npmjs.org/indent-string/-/indent-string-4.0.0.tgz 26947ms (cache miss)
1604 timing reifyNode:node_modules/indent-string Completed in 29287ms
1605 http fetch GET 200 https://registry.npmjs.org/find-up/-/find-up-5.0.0.tgz 26903ms (cache miss)
1606 timing reifyNode:node_modules/find-up Completed in 29282ms
1607 http fetch GET 200 https://registry.npmjs.org/is-glob/-/is-glob-4.0.3.tgz 26978ms (cache miss)
1608 timing reifyNode:node_modules/is-glob Completed in 29301ms
1609 http fetch GET 200 https://registry.npmjs.org/icss-utils/-/icss-utils-5.1.0.tgz 26953ms (cache miss)
1610 timing reifyNode:node_modules/icss-utils Completed in 29300ms
1611 http fetch GET 200 https://registry.npmjs.org/isexe/-/isexe-2.0.0.tgz 26996ms (cache miss)
1612 timing reifyNode:node_modules/isexe Completed in 29305ms
1613 http fetch GET 200 https://registry.npmjs.org/is-typedarray/-/is-typedarray-1.0.0.tgz 26993ms (cache miss)
1614 timing reifyNode:node_modules/is-typedarray Completed in 29307ms
1615 http fetch GET 200 https://registry.npmjs.org/is-binary-path/-/is-binary-path-2.1.0.tgz 26975ms (cache miss)
1616 timing reifyNode:node_modules/is-binary-path Completed in 29306ms
1617 http fetch GET 200 https://registry.npmjs.org/ignore-walk/-/ignore-walk-6.0.4.tgz 26972ms (cache miss)
1618 timing reifyNode:node_modules/ignore-walk Completed in 29314ms
1619 http fetch GET 200 https://registry.npmjs.org/imurmurhash/-/imurmurhash-0.1.4.tgz 26978ms (cache miss)
1620 timing reifyNode:node_modules/imurmurhash Completed in 29317ms
1621 http fetch GET 200 https://registry.npmjs.org/jest-regex-util/-/jest-regex-util-29.6.3.tgz 27034ms (cache miss)
1622 timing reifyNode:node_modules/jest-regex-util Completed in 29326ms
1623 http fetch GET 200 https://registry.npmjs.org/@babel/plugin-syntax-typescript/-/plugin-syntax-typescript-7.24.1.tgz 26680ms (cache miss)
1624 timing reifyNode:node_modules/@babel/plugin-syntax-typescript Completed in 29310ms
1625 http fetch GET 200 https://registry.npmjs.org/strip-json-comments/-/strip-json-comments-2.0.1.tgz 26629ms (cache miss)
1626 timing reifyNode:node_modules/rc/node_modules/strip-json-comments Completed in 29373ms
1627 http fetch GET 200 https://registry.npmjs.org/@babel/plugin-syntax-jsx/-/plugin-syntax-jsx-7.24.1.tgz 26686ms (cache miss)
1628 timing reifyNode:node_modules/@babel/plugin-syntax-jsx Completed in 29320ms
1629 http fetch GET 200 https://registry.npmjs.org/strip-json-comments/-/strip-json-comments-5.0.1.tgz 26624ms (cache miss)
1630 timing reifyNode:node_modules/npm-check-updates/node_modules/strip-json-comments Completed in 29383ms
1631 http fetch GET 200 https://registry.npmjs.org/p-locate/-/p-locate-4.1.0.tgz 26640ms (cache miss)
1632 timing reifyNode:node_modules/pkg-dir/node_modules/p-locate Completed in 29392ms
1633 http fetch GET 200 https://registry.npmjs.org/ms/-/ms-2.1.2.tgz 26574ms (cache miss)
1634 timing reifyNode:node_modules/debug/node_modules/ms Completed in 29367ms
1635 http fetch GET 200 https://registry.npmjs.org/which/-/which-3.0.1.tgz 26545ms (cache miss)
1636 timing reifyNode:node_modules/@npmcli/run-script/node_modules/which Completed in 29358ms
1637 http fetch GET 200 https://registry.npmjs.org/locate-path/-/locate-path-5.0.0.tgz 26554ms (cache miss)
1638 timing reifyNode:node_modules/@istanbuljs/load-nyc-config/node_modules/locate-path Completed in 29356ms
1639 http fetch GET 200 https://registry.npmjs.org/abbrev/-/abbrev-2.0.0.tgz 26628ms (cache miss)
1640 timing reifyNode:node_modules/js-beautify/node_modules/abbrev Completed in 29400ms
1641 http fetch GET 200 https://registry.npmjs.org/pg-connection-string/-/pg-connection-string-2.6.4.tgz 26665ms (cache miss)
1642 timing reifyNode:node_modules/pg/node_modules/pg-connection-string Completed in 29422ms
1643 http fetch GET 200 https://registry.npmjs.org/mimic-response/-/mimic-response-3.1.0.tgz 26617ms (cache miss)
1644 timing reifyNode:node_modules/decompress-response/node_modules/mimic-response Completed in 29410ms
1645 http fetch GET 200 https://registry.npmjs.org/node-releases/-/node-releases-2.0.14.tgz 27231ms (cache miss)
1646 timing reifyNode:node_modules/node-releases Completed in 29444ms
1647 http fetch GET 200 https://registry.npmjs.org/resolve-from/-/resolve-from-5.0.0.tgz 27399ms (cache miss)
1648 timing reifyNode:node_modules/resolve-from Completed in 29460ms
1649 http fetch GET 200 https://registry.npmjs.org/minipass-json-stream/-/minipass-json-stream-1.0.1.tgz 27235ms (cache miss)
1650 timing reifyNode:node_modules/minipass-json-stream Completed in 29460ms
1651 http fetch GET 200 https://registry.npmjs.org/token-stream/-/token-stream-1.0.0.tgz 27486ms (cache miss)
1652 timing reifyNode:node_modules/token-stream Completed in 29485ms
1653 http fetch GET 200 https://registry.npmjs.org/@types/babel__generator/-/babel__generator-7.6.8.tgz 26855ms (cache miss)
1654 timing reifyNode:node_modules/@types/babel__generator Completed in 29432ms
1655 http fetch GET 200 https://registry.npmjs.org/@types/istanbul-reports/-/istanbul-reports-3.0.4.tgz 26855ms (cache miss)
1656 timing reifyNode:node_modules/@types/istanbul-reports Completed in 29433ms
1657 http fetch GET 200 https://registry.npmjs.org/p-limit/-/p-limit-3.1.0.tgz 27286ms (cache miss)
1658 timing reifyNode:node_modules/p-limit Completed in 29474ms
1659 http fetch GET 200 https://registry.npmjs.org/quick-lru/-/quick-lru-5.1.1.tgz 27357ms (cache miss)
1660 timing reifyNode:node_modules/quick-lru Completed in 29482ms
1661 http fetch GET 200 https://registry.npmjs.org/pug-load/-/pug-load-3.0.0.tgz 27351ms (cache miss)
1662 timing reifyNode:node_modules/pug-load Completed in 29483ms
1663 http fetch GET 200 https://registry.npmjs.org/path-key/-/path-key-3.1.1.tgz 27305ms (cache miss)
1664 timing reifyNode:node_modules/path-key Completed in 29481ms
1665 http fetch GET 200 https://registry.npmjs.org/onetime/-/onetime-5.1.2.tgz 27288ms (cache miss)
1666 timing reifyNode:node_modules/onetime Completed in 29481ms
1667 http fetch GET 200 https://registry.npmjs.org/npm-install-checks/-/npm-install-checks-6.3.0.tgz 27270ms (cache miss)
1668 timing reifyNode:node_modules/npm-install-checks Completed in 29482ms
1669 http fetch GET 200 https://registry.npmjs.org/natural-compare/-/natural-compare-1.4.0.tgz 27264ms (cache miss)
1670 timing reifyNode:node_modules/natural-compare Completed in 29481ms
1671 http fetch GET 200 https://registry.npmjs.org/queue-microtask/-/queue-microtask-1.2.3.tgz 27367ms (cache miss)
1672 timing reifyNode:node_modules/queue-microtask Completed in 29492ms
1673 http fetch GET 200 https://registry.npmjs.org/jstransformer/-/jstransformer-1.0.0.tgz 27219ms (cache miss)
1674 timing reifyNode:node_modules/jstransformer Completed in 29480ms
1675 http fetch GET 200 https://registry.npmjs.org/serialize-javascript/-/serialize-javascript-6.0.2.tgz 27457ms (cache miss)
1676 timing reifyNode:node_modules/serialize-javascript Completed in 29501ms
1677 http fetch GET 200 https://registry.npmjs.org/remote-git-tags/-/remote-git-tags-3.0.0.tgz 27437ms (cache miss)
1678 timing reifyNode:node_modules/remote-git-tags Completed in 29500ms
1679 http fetch GET 200 https://registry.npmjs.org/proto-list/-/proto-list-1.2.4.tgz 27352ms (cache miss)
1680 timing reifyNode:node_modules/proto-list Completed in 29499ms
1681 http fetch GET 200 https://registry.npmjs.org/es-shim-unscopables/-/es-shim-unscopables-1.0.2.tgz 27055ms (cache miss)
1682 timing reifyNode:node_modules/es-shim-unscopables Completed in 29474ms
1683 http fetch GET 200 https://registry.npmjs.org/set-blocking/-/set-blocking-2.0.0.tgz 27472ms (cache miss)
1684 timing reifyNode:node_modules/set-blocking Completed in 29514ms
1685 http fetch GET 200 https://registry.npmjs.org/strip-ansi/-/strip-ansi-6.0.1.tgz 27502ms (cache miss)
1686 timing reifyNode:node_modules/strip-ansi Completed in 29519ms
1687 http fetch GET 200 https://registry.npmjs.org/npm-normalize-package-bin/-/npm-normalize-package-bin-3.0.1.tgz 27297ms (cache miss)
1688 timing reifyNode:node_modules/npm-normalize-package-bin Completed in 29507ms
1689 http fetch GET 200 https://registry.npmjs.org/safe-stable-stringify/-/safe-stable-stringify-2.4.3.tgz 27473ms (cache miss)
1690 timing reifyNode:node_modules/safe-stable-stringify Completed in 29521ms
1691 http fetch GET 200 https://registry.npmjs.org/jstransformer-markdown-it/-/jstransformer-markdown-it-3.0.0.tgz 27242ms (cache miss)
1692 timing reifyNode:node_modules/jstransformer-markdown-it Completed in 29504ms
1693 timing reifyNode:node_modules/simple-get Completed in 29526ms
1694 http fetch GET 200 https://registry.npmjs.org/quick-format-unescaped/-/quick-format-unescaped-4.0.4.tgz 27394ms (cache miss)
1695 http fetch GET 200 https://registry.npmjs.org/shebang-command/-/shebang-command-2.0.0.tgz 27492ms (cache miss)
1696 timing reifyNode:node_modules/shebang-command Completed in 29529ms
1697 timing reifyNode:node_modules/quick-format-unescaped Completed in 29523ms
1698 http fetch GET 200 https://registry.npmjs.org/path-is-absolute/-/path-is-absolute-1.0.1.tgz 27345ms (cache miss)
1699 timing reifyNode:node_modules/path-is-absolute Completed in 29521ms
1700 http fetch GET 200 https://registry.npmjs.org/postcss-modules-values/-/postcss-modules-values-4.0.0.tgz 27369ms (cache miss)
1701 timing reifyNode:node_modules/postcss-modules-values Completed in 29525ms
1702 http fetch GET 200 https://registry.npmjs.org/pug-walk/-/pug-walk-2.0.0.tgz 27399ms (cache miss)
1703 timing reifyNode:node_modules/pug-walk Completed in 29529ms
1704 http fetch GET 200 https://registry.npmjs.org/@tootallnate/once/-/once-2.0.0.tgz 26915ms (cache miss)
1705 http fetch GET 200 https://registry.npmjs.org/@types/babel__template/-/babel__template-7.4.4.tgz 26918ms (cache miss)
1706 timing reifyNode:node_modules/@types/babel__template Completed in 29492ms
1707 http fetch GET 200 https://registry.npmjs.org/next-tick/-/next-tick-1.1.0.tgz 27301ms (cache miss)
1708 timing reifyNode:node_modules/next-tick Completed in 29529ms
1709 http fetch GET 200 https://registry.npmjs.org/string_decoder/-/string_decoder-1.3.0.tgz 27530ms (cache miss)
1710 timing reifyNode:node_modules/string_decoder Completed in 29549ms
1711 http fetch GET 200 https://registry.npmjs.org/kleur/-/kleur-3.0.3.tgz 27272ms (cache miss)
1712 timing reifyNode:node_modules/kleur Completed in 29529ms
1713 http fetch GET 200 https://registry.npmjs.org/spdx-correct/-/spdx-correct-3.2.0.tgz 27525ms (cache miss)
1714 timing reifyNode:node_modules/spdx-correct Completed in 29550ms
1715 http fetch GET 200 https://registry.npmjs.org/spdx-exceptions/-/spdx-exceptions-2.5.0.tgz 27529ms (cache miss)
1716 timing reifyNode:node_modules/spdx-exceptions Completed in 29554ms
1717 http fetch GET 200 https://registry.npmjs.org/supports-preserve-symlinks-flag/-/supports-preserve-symlinks-flag-1.0.0.tgz 27548ms (cache miss)
1718 http fetch GET 200 https://registry.npmjs.org/spdx-expression-parse/-/spdx-expression-parse-3.0.1.tgz 27537ms (cache miss)
1719 timing reifyNode:node_modules/spdx-expression-parse Completed in 29561ms
1720 http fetch GET 200 https://registry.npmjs.org/tildify/-/tildify-2.0.0.tgz 27564ms (cache miss)
1721 timing reifyNode:node_modules/tildify Completed in 29566ms
1722 http fetch GET 200 https://registry.npmjs.org/normalize-path/-/normalize-path-3.0.0.tgz 27336ms (cache miss)
1723 timing reifyNode:node_modules/normalize-path Completed in 29549ms
1724 http fetch GET 200 https://registry.npmjs.org/latest-version/-/latest-version-7.0.0.tgz 27287ms (cache miss)
1725 timing reifyNode:node_modules/latest-version Completed in 29545ms
1726 http fetch GET 200 https://registry.npmjs.org/minipass-collect/-/minipass-collect-1.0.2.tgz 27324ms (cache miss)
1727 timing reifyNode:node_modules/minipass-collect Completed in 29551ms
1728 http fetch GET 200 https://registry.npmjs.org/path-exists/-/path-exists-4.0.0.tgz 27387ms (cache miss)
1729 timing reifyNode:node_modules/path-exists Completed in 29564ms
1730 http fetch GET 200 https://registry.npmjs.org/parse-json/-/parse-json-5.2.0.tgz 27391ms (cache miss)
1731 timing reifyNode:node_modules/parse-json Completed in 29567ms
1732 http fetch GET 200 https://registry.npmjs.org/parent-module/-/parent-module-1.0.1.tgz 27390ms (cache miss)
1733 timing reifyNode:node_modules/parent-module Completed in 29568ms
1734 http fetch GET 200 https://registry.npmjs.org/npm-run-path/-/npm-run-path-4.0.1.tgz 27364ms (cache miss)
1735 timing reifyNode:node_modules/npm-run-path Completed in 29571ms
1736 http fetch GET 200 https://registry.npmjs.org/possible-typed-array-names/-/possible-typed-array-names-1.0.0.tgz 27413ms (cache miss)
1737 timing reifyNode:node_modules/possible-typed-array-names Completed in 29576ms
1738 http fetch GET 200 https://registry.npmjs.org/stack-utils/-/stack-utils-2.0.6.tgz 27567ms (cache miss)
1739 timing reifyNode:node_modules/stack-utils Completed in 29589ms
1740 http fetch GET 200 https://registry.npmjs.org/npm-bundled/-/npm-bundled-3.0.0.tgz 27363ms (cache miss)
1741 timing reifyNode:node_modules/npm-bundled Completed in 29574ms
1742 http fetch GET 200 https://registry.npmjs.org/require-directory/-/require-directory-2.1.1.tgz 27467ms (cache miss)
1743 timing reifyNode:node_modules/require-directory Completed in 29586ms
1744 http fetch GET 200 https://registry.npmjs.org/randombytes/-/randombytes-2.1.0.tgz 27459ms (cache miss)
1745 timing reifyNode:node_modules/randombytes Completed in 29583ms
1746 http fetch GET 200 https://registry.npmjs.org/strip-final-newline/-/strip-final-newline-2.0.0.tgz 27583ms (cache miss)
1747 timing reifyNode:node_modules/strip-final-newline Completed in 29593ms
1748 http fetch GET 200 https://registry.npmjs.org/spdx-license-ids/-/spdx-license-ids-3.0.17.tgz 27555ms (cache miss)
1749 timing reifyNode:node_modules/spdx-license-ids Completed in 29593ms
1750 http fetch GET 200 https://registry.npmjs.org/github-from-package/-/github-from-package-0.0.0.tgz 27198ms (cache miss)
1751 http fetch GET 200 https://registry.npmjs.org/pg-connection-string/-/pg-connection-string-2.6.2.tgz 27413ms (cache miss)
1752 timing reifyNode:node_modules/pg-connection-string Completed in 29583ms
1753 http fetch GET 200 https://registry.npmjs.org/error-ex/-/error-ex-1.3.2.tgz 27132ms (cache miss)
1754 timing reifyNode:node_modules/error-ex Completed in 29559ms
1755 http fetch GET 200 https://registry.npmjs.org/fast-deep-equal/-/fast-deep-equal-3.1.3.tgz 27169ms (cache miss)
1756 timing reifyNode:node_modules/fast-deep-equal Completed in 29563ms
1757 http fetch GET 200 https://registry.npmjs.org/escape-string-regexp/-/escape-string-regexp-1.0.5.tgz 27134ms (cache miss)
1758 timing reifyNode:node_modules/escape-string-regexp Completed in 29562ms
1759 http fetch GET 200 https://registry.npmjs.org/eslint-visitor-keys/-/eslint-visitor-keys-3.4.3.tgz 27158ms (cache miss)
1760 http fetch GET 200 https://registry.npmjs.org/@jest/expect/-/expect-29.7.0.tgz 26948ms (cache miss)
1761 timing reifyNode:node_modules/@jest/expect Completed in 29551ms
1762 http fetch GET 200 https://registry.npmjs.org/fp-and-or/-/fp-and-or-0.1.4.tgz 27209ms (cache miss)
1763 timing reifyNode:node_modules/fp-and-or Completed in 29583ms
1764 http fetch GET 200 https://registry.npmjs.org/escalade/-/escalade-3.1.1.tgz 27165ms (cache miss)
1765 timing reifyNode:node_modules/escalade Completed in 29580ms
1766 http fetch GET 200 https://registry.npmjs.org/expand-template/-/expand-template-2.0.3.tgz 27167ms (cache miss)
1767 timing reifyNode:node_modules/expand-template Completed in 29583ms
1768 http fetch GET 200 https://registry.npmjs.org/fast-levenshtein/-/fast-levenshtein-2.0.6.tgz 27194ms (cache miss)
1769 timing reifyNode:node_modules/fast-levenshtein Completed in 29588ms
1770 http fetch GET 200 https://registry.npmjs.org/escape-html/-/escape-html-1.0.3.tgz 27172ms (cache miss)
1771 timing reifyNode:node_modules/escape-html Completed in 29587ms
1772 http fetch GET 200 https://registry.npmjs.org/for-each/-/for-each-0.3.3.tgz 27209ms (cache miss)
1773 timing reifyNode:node_modules/for-each Completed in 29592ms
1774 http fetch GET 200 https://registry.npmjs.org/chownr/-/chownr-2.0.0.tgz 27110ms (cache miss)
1775 timing reifyNode:node_modules/chownr Completed in 29591ms
1776 http fetch GET 200 https://registry.npmjs.org/base64-js/-/base64-js-1.5.1.tgz 27088ms (cache miss)
1777 timing reifyNode:node_modules/base64-js Completed in 29591ms
1778 http fetch GET 200 https://registry.npmjs.org/content-disposition/-/content-disposition-0.5.4.tgz 27134ms (cache miss)
1779 timing reifyNode:node_modules/content-disposition Completed in 29597ms
1780 http fetch GET 200 https://registry.npmjs.org/@webassemblyjs/helper-wasm-section/-/helper-wasm-section-1.12.1.tgz 27044ms (cache miss)
1781 timing reifyNode:node_modules/@webassemblyjs/helper-wasm-section Completed in 29589ms
1782 http fetch GET 200 https://registry.npmjs.org/aproba/-/aproba-2.0.0.tgz 27062ms (cache miss)
1783 timing reifyNode:node_modules/aproba Completed in 29594ms
1784 http fetch GET 200 https://registry.npmjs.org/anymatch/-/anymatch-3.1.2.tgz 27074ms (cache miss)
1785 timing reifyNode:node_modules/anymatch Completed in 29597ms
1786 http fetch GET 200 https://registry.npmjs.org/console-control-strings/-/console-control-strings-1.1.0.tgz 27144ms (cache miss)
1787 timing reifyNode:node_modules/console-control-strings Completed in 29608ms
1788 http fetch GET 200 https://registry.npmjs.org/@types/semver-utils/-/semver-utils-1.1.3.tgz 27047ms (cache miss)
1789 timing reifyNode:node_modules/@types/semver-utils Completed in 29601ms
1790 http fetch GET 200 https://registry.npmjs.org/archy/-/archy-1.0.0.tgz 27084ms (cache miss)
1791 timing reifyNode:node_modules/archy Completed in 29605ms
1792 http fetch GET 200 https://registry.npmjs.org/@gar/promisify/-/promisify-1.1.3.tgz 26983ms (cache miss)
1793 timing reifyNode:node_modules/@gar/promisify Completed in 29595ms
1794 http fetch GET 200 https://registry.npmjs.org/@webassemblyjs/wasm-opt/-/wasm-opt-1.12.1.tgz 27064ms (cache miss)
1795 timing reifyNode:node_modules/@webassemblyjs/wasm-opt Completed in 29606ms
1796 http fetch GET 200 https://registry.npmjs.org/abbrev/-/abbrev-1.1.1.tgz 27063ms (cache miss)
1797 timing reifyNode:node_modules/abbrev Completed in 29610ms
1798 http fetch GET 200 https://registry.npmjs.org/char-regex/-/char-regex-1.0.2.tgz 27131ms (cache miss)
1799 timing reifyNode:node_modules/char-regex Completed in 29616ms
1800 http fetch GET 200 https://registry.npmjs.org/camelcase/-/camelcase-5.3.1.tgz 27130ms (cache miss)
1801 timing reifyNode:node_modules/camelcase Completed in 29618ms
1802 http fetch GET 200 https://registry.npmjs.org/@types/istanbul-lib-coverage/-/istanbul-lib-coverage-2.0.6.tgz 27043ms (cache miss)
1803 timing reifyNode:node_modules/@types/istanbul-lib-coverage Completed in 29612ms
1804 http fetch GET 200 https://registry.npmjs.org/@types/debug/-/debug-4.1.12.tgz 27042ms (cache miss)
1805 timing reifyNode:node_modules/@types/debug Completed in 29613ms
1806 http fetch GET 200 https://registry.npmjs.org/@webpack-cli/info/-/info-2.0.2.tgz 27075ms (cache miss)
1807 timing reifyNode:node_modules/@webpack-cli/info Completed in 29616ms
1808 http fetch GET 200 https://registry.npmjs.org/defer-to-connect/-/defer-to-connect-2.0.1.tgz 27175ms (cache miss)
1809 timing reifyNode:node_modules/defer-to-connect Completed in 29626ms
1810 http fetch GET 200 https://registry.npmjs.org/dot-prop/-/dot-prop-6.0.1.tgz 27194ms (cache miss)
1811 timing reifyNode:node_modules/dot-prop Completed in 29627ms
1812 http fetch GET 200 https://registry.npmjs.org/ansi-escapes/-/ansi-escapes-4.3.2.tgz 27095ms (cache miss)
1813 timing reifyNode:node_modules/ansi-escapes Completed in 29619ms
1814 http fetch GET 200 https://registry.npmjs.org/err-code/-/err-code-2.0.3.tgz 27190ms (cache miss)
1815 timing reifyNode:node_modules/err-code Completed in 29630ms
1816 http fetch GET 200 https://registry.npmjs.org/deep-is/-/deep-is-0.1.4.tgz 27178ms (cache miss)
1817 timing reifyNode:node_modules/deep-is Completed in 29631ms
1818 http fetch GET 200 https://registry.npmjs.org/crypto-random-string/-/crypto-random-string-4.0.0.tgz 27156ms (cache miss)
1819 timing reifyNode:node_modules/crypto-random-string Completed in 29632ms
1820 http fetch GET 200 https://registry.npmjs.org/ansi-styles/-/ansi-styles-4.3.0.tgz 27104ms (cache miss)
1821 timing reifyNode:node_modules/ansi-styles Completed in 29626ms
1822 http fetch GET 200 https://registry.npmjs.org/@types/yargs-parser/-/yargs-parser-21.0.3.tgz 27075ms (cache miss)
1823 timing reifyNode:node_modules/@types/yargs-parser Completed in 29625ms
1824 http fetch GET 200 https://registry.npmjs.org/@types/stack-utils/-/stack-utils-2.0.3.tgz 27074ms (cache miss)
1825 timing reifyNode:node_modules/@types/stack-utils Completed in 29627ms
1826 http fetch GET 200 https://registry.npmjs.org/@webassemblyjs/helper-buffer/-/helper-buffer-1.12.1.tgz 27081ms (cache miss)
1827 timing reifyNode:node_modules/@webassemblyjs/helper-buffer Completed in 29628ms
1828 http fetch GET 200 https://registry.npmjs.org/@webassemblyjs/utf8/-/utf8-1.11.6.tgz 27088ms (cache miss)
1829 timing reifyNode:node_modules/@webassemblyjs/utf8 Completed in 29630ms
1830 http fetch GET 200 https://registry.npmjs.org/clean-stack/-/clean-stack-2.2.0.tgz 27157ms (cache miss)
1831 timing reifyNode:node_modules/clean-stack Completed in 29636ms
1832 http fetch GET 200 https://registry.npmjs.org/clone-response/-/clone-response-1.0.3.tgz 27162ms (cache miss)
1833 timing reifyNode:node_modules/clone-response Completed in 29639ms
1834 http fetch GET 200 https://registry.npmjs.org/@types/istanbul-lib-report/-/istanbul-lib-report-3.0.3.tgz 27065ms (cache miss)
1835 timing reifyNode:node_modules/@types/istanbul-lib-report Completed in 29631ms
1836 http fetch GET 200 https://registry.npmjs.org/balanced-match/-/balanced-match-1.0.2.tgz 27134ms (cache miss)
1837 timing reifyNode:node_modules/balanced-match Completed in 29637ms
1838 http fetch GET 200 https://registry.npmjs.org/babel-preset-current-node-syntax/-/babel-preset-current-node-syntax-1.0.1.tgz 27132ms (cache miss)
1839 timing reifyNode:node_modules/babel-preset-current-node-syntax Completed in 29638ms
1840 http fetch GET 200 https://registry.npmjs.org/@npmcli/move-file/-/move-file-2.0.1.tgz 27053ms (cache miss)
1841 warn deprecated @npmcli/move-file@2.0.1: This functionality has been moved to @npmcli/fs
1842 timing reifyNode:node_modules/@npmcli/move-file Completed in 29647ms
1843 http fetch GET 200 https://registry.npmjs.org/chownr/-/chownr-1.1.4.tgz 26977ms (cache miss)
1844 timing reifyNode:node_modules/tar-fs/node_modules/chownr Completed in 29714ms
1845 http fetch GET 200 https://registry.npmjs.org/p-locate/-/p-locate-3.0.0.tgz 26952ms (cache miss)
1846 timing reifyNode:node_modules/pkg-up/node_modules/p-locate Completed in 29704ms
1847 http fetch GET 200 https://registry.npmjs.org/json-parse-even-better-errors/-/json-parse-even-better-errors-3.0.1.tgz 26964ms (cache miss)
1848 timing reifyNode:node_modules/read-package-json-fast/node_modules/json-parse-even-better-errors Completed in 29716ms
1849 http fetch GET 200 https://registry.npmjs.org/import-lazy/-/import-lazy-4.0.0.tgz 27360ms (cache miss)
1850 timing reifyNode:node_modules/import-lazy Completed in 29701ms
1851 http fetch GET 200 https://registry.npmjs.org/global-dirs/-/global-dirs-3.0.0.tgz 27343ms (cache miss)
1852 timing reifyNode:node_modules/global-dirs Completed in 29706ms
1853 http fetch GET 200 https://registry.npmjs.org/inflight/-/inflight-1.0.6.tgz 27363ms (cache miss)
1854 timing reifyNode:node_modules/inflight Completed in 29713ms
1855 http fetch GET 200 https://registry.npmjs.org/ieee754/-/ieee754-1.2.1.tgz 27372ms (cache miss)
1856 timing reifyNode:node_modules/ieee754 Completed in 29717ms
1857 http fetch GET 200 https://registry.npmjs.org/jest-resolve-dependencies/-/jest-resolve-dependencies-29.7.0.tgz 27434ms (cache miss)
1858 timing reifyNode:node_modules/jest-resolve-dependencies Completed in 29725ms
1859 http fetch GET 200 https://registry.npmjs.org/import-fresh/-/import-fresh-3.3.0.tgz 27384ms (cache miss)
1860 timing reifyNode:node_modules/import-fresh Completed in 29722ms
1861 http fetch GET 200 https://registry.npmjs.org/jest-leak-detector/-/jest-leak-detector-29.7.0.tgz 27432ms (cache miss)
1862 timing reifyNode:node_modules/jest-leak-detector Completed in 29727ms
1863 http fetch GET 200 https://registry.npmjs.org/jest-pnp-resolver/-/jest-pnp-resolver-1.2.3.tgz 27435ms (cache miss)
1864 timing reifyNode:node_modules/jest-pnp-resolver Completed in 29728ms
1865 http fetch GET 200 https://registry.npmjs.org/isbinaryfile/-/isbinaryfile-4.0.10.tgz 27426ms (cache miss)
1866 timing reifyNode:node_modules/isbinaryfile Completed in 29736ms
1867 http fetch GET 200 https://registry.npmjs.org/isobject/-/isobject-3.0.1.tgz 27421ms (cache miss)
1868 timing reifyNode:node_modules/isobject Completed in 29739ms
1869 http fetch GET 200 https://registry.npmjs.org/is-expression/-/is-expression-4.0.0.tgz 27413ms (cache miss)
1870 timing reifyNode:node_modules/is-expression Completed in 29739ms
1871 http fetch GET 200 https://registry.npmjs.org/jest/-/jest-29.7.0.tgz 27452ms (cache miss)
1872 timing reifyNode:node_modules/jest Completed in 29757ms
1873 http fetch GET 200 https://registry.npmjs.org/fs-constants/-/fs-constants-1.0.0.tgz 27381ms (cache miss)
1874 timing reifyNode:node_modules/fs-constants Completed in 29757ms
1875 http fetch GET 200 https://registry.npmjs.org/is-ci/-/is-ci-3.0.1.tgz 27434ms (cache miss)
1876 timing reifyNode:node_modules/is-ci Completed in 29764ms
1877 http fetch GET 200 https://registry.npmjs.org/get-stdin/-/get-stdin-8.0.0.tgz 27392ms (cache miss)
1878 timing reifyNode:node_modules/get-stdin Completed in 29760ms
1879 http fetch GET 200 https://registry.npmjs.org/@babel/helper-plugin-utils/-/helper-plugin-utils-7.24.0.tgz 27088ms (cache miss)
1880 timing reifyNode:node_modules/@babel/helper-plugin-utils Completed in 29730ms
1881 http fetch GET 200 https://registry.npmjs.org/@fastify/flash/-/flash-5.1.0.tgz 27119ms (cache miss)
1882 http fetch GET 200 https://registry.npmjs.org/@babel/plugin-syntax-top-level-await/-/plugin-syntax-top-level-await-7.14.5.tgz 27103ms (cache miss)
1883 timing reifyNode:node_modules/@babel/plugin-syntax-top-level-await Completed in 29734ms
1884 http fetch GET 200 https://registry.npmjs.org/@babel/plugin-syntax-optional-chaining/-/plugin-syntax-optional-chaining-7.8.3.tgz 27118ms (cache miss)
1885 timing reifyNode:node_modules/@babel/plugin-syntax-optional-chaining Completed in 29749ms
1886 http fetch GET 200 https://registry.npmjs.org/p-limit/-/p-limit-2.3.0.tgz 27052ms (cache miss)
1887 timing reifyNode:node_modules/pkg-up/node_modules/p-limit Completed in 29801ms
1888 http fetch GET 200 https://registry.npmjs.org/@babel/helper-validator-option/-/helper-validator-option-7.23.5.tgz 27110ms (cache miss)
1889 http fetch GET 200 https://registry.npmjs.org/path-exists/-/path-exists-3.0.0.tgz 27063ms (cache miss)
1890 timing reifyNode:node_modules/pkg-up/node_modules/path-exists Completed in 29804ms
1891 http fetch GET 200 https://registry.npmjs.org/find-up/-/find-up-4.1.0.tgz 27053ms (cache miss)
1892 timing reifyNode:node_modules/pkg-dir/node_modules/find-up Completed in 29804ms
1893 http fetch GET 200 https://registry.npmjs.org/ini/-/ini-1.3.8.tgz 27066ms (cache miss)
1894 timing reifyNode:node_modules/rc/node_modules/ini Completed in 29808ms
1895 http fetch GET 200 https://registry.npmjs.org/brace-expansion/-/brace-expansion-2.0.1.tgz 26985ms (cache miss)
1896 timing reifyNode:node_modules/editorconfig/node_modules/brace-expansion Completed in 29779ms
1897 http fetch GET 200 https://registry.npmjs.org/@babel/plugin-syntax-nullish-coalescing-operator/-/plugin-syntax-nullish-coalescing-operator-7.8.3.tgz 27124ms (cache miss)
1898 timing reifyNode:node_modules/@babel/plugin-syntax-nullish-coalescing-operator Completed in 29759ms
1899 http fetch GET 200 https://registry.npmjs.org/ansi-styles/-/ansi-styles-3.2.1.tgz 26949ms (cache miss)
1900 timing reifyNode:node_modules/@babel/highlight/node_modules/ansi-styles Completed in 29768ms
1901 http fetch GET 200 https://registry.npmjs.org/fs-minipass/-/fs-minipass-3.0.3.tgz 27009ms (cache miss)
1902 timing reifyNode:node_modules/cacache/node_modules/fs-minipass Completed in 29803ms
1903 http fetch GET 200 https://registry.npmjs.org/wrap-ansi/-/wrap-ansi-7.0.0.tgz 27013ms (cache miss)
1904 timing reifyNode:node_modules/cliui/node_modules/wrap-ansi Completed in 29806ms
1905 http fetch GET 200 https://registry.npmjs.org/wrap-ansi/-/wrap-ansi-7.0.0.tgz 27103ms (cache miss)
1906 timing reifyNode:node_modules/sequelize-cli/node_modules/wrap-ansi Completed in 29848ms
1907 http fetch GET 200 https://registry.npmjs.org/unique-slug/-/unique-slug-4.0.0.tgz 27013ms (cache miss)
1908 timing reifyNode:node_modules/cacache/node_modules/unique-slug Completed in 29806ms
1909 http fetch GET 200 https://registry.npmjs.org/@eslint/js/-/js-8.57.0.tgz 27030ms (cache miss)
1910 http fetch GET 200 https://registry.npmjs.org/glob-parent/-/glob-parent-5.1.2.tgz 27022ms (cache miss)
1911 timing reifyNode:node_modules/chokidar/node_modules/glob-parent Completed in 29816ms
1912 http fetch GET 200 https://registry.npmjs.org/color-name/-/color-name-1.1.3.tgz 26988ms (cache miss)
1913 timing reifyNode:node_modules/@babel/highlight/node_modules/color-name Completed in 29800ms
1914 http fetch GET 200 https://registry.npmjs.org/get-stream/-/get-stream-5.2.0.tgz 27029ms (cache miss)
1915 timing reifyNode:node_modules/cacheable-request/node_modules/get-stream Completed in 29826ms
1916 http fetch GET 200 https://registry.npmjs.org/camelcase/-/camelcase-7.0.0.tgz 27030ms (cache miss)
1917 timing reifyNode:node_modules/boxen/node_modules/camelcase Completed in 29825ms
1918 timing reifyNode:node_modules/data-view-byte-length Completed in 29842ms
1919 http fetch GET 200 https://registry.npmjs.org/cookie 28186ms (cache miss)
1920 timing metavuln:packument:cookie Completed in 28187ms
1921 timing metavuln:load:security-advisory:cookie:1103907 Completed in 1ms
1922 timing reifyNode:node_modules/emoji-regex Completed in 29854ms
1923 http fetch GET 200 https://registry.npmjs.org/braces 28201ms (cache miss)
1924 timing metavuln:packument:braces Completed in 28202ms
1925 timing metavuln:load:security-advisory:braces:1098094 Completed in 0ms
1926 http fetch GET 200 https://registry.npmjs.org/rimraf/-/rimraf-3.0.2.tgz 27837ms (cache miss)
1927 timing reifyNode:node_modules/rimraf Completed in 29900ms
1928 http fetch GET 200 https://registry.npmjs.org/promise-retry/-/promise-retry-2.0.1.tgz 27748ms (cache miss)
1929 timing reifyNode:node_modules/promise-retry Completed in 29896ms
1930 http fetch GET 200 https://registry.npmjs.org/punycode/-/punycode-2.1.1.tgz 27772ms (cache miss)
1931 timing reifyNode:node_modules/punycode Completed in 29901ms
1932 http fetch GET 200 https://registry.npmjs.org/@tootallnate%2fonce 28217ms (cache miss)
1933 timing metavuln:packument:@tootallnate/once Completed in 28218ms
1934 timing metavuln:load:security-advisory:@tootallnate/once:1113977 Completed in 0ms
1935 http fetch GET 200 https://registry.npmjs.org/cssesc/-/cssesc-3.0.0.tgz 27422ms (cache miss)
1936 timing reifyNode:node_modules/cssesc Completed in 29881ms
1937 http fetch GET 200 https://registry.npmjs.org/make-dir/-/make-dir-4.0.0.tgz 27662ms (cache miss)
1938 timing reifyNode:node_modules/make-dir Completed in 29902ms
1939 http fetch GET 200 https://registry.npmjs.org/progress/-/progress-2.0.3.tgz 27767ms (cache miss)
1940 timing reifyNode:node_modules/progress Completed in 29916ms
1941 http fetch GET 200 https://registry.npmjs.org/registry-auth-token/-/registry-auth-token-5.0.1.tgz 27801ms (cache miss)
1942 timing reifyNode:node_modules/registry-auth-token Completed in 29921ms
1943 http fetch GET 200 https://registry.npmjs.org/process/-/process-0.11.10.tgz 27769ms (cache miss)
1944 timing reifyNode:node_modules/process Completed in 29918ms
1945 http fetch GET 200 https://registry.npmjs.org/postcss-modules-scope/-/postcss-modules-scope-3.2.0.tgz 27762ms (cache miss)
1946 timing reifyNode:node_modules/postcss-modules-scope Completed in 29918ms
1947 http fetch GET 200 https://registry.npmjs.org/pug-parser/-/pug-parser-6.0.0.tgz 27789ms (cache miss)
1948 timing reifyNode:node_modules/pug-parser Completed in 29921ms
1949 timing reifyNode:node_modules/safe-regex-test Completed in 29926ms
1950 http fetch GET 200 https://registry.npmjs.org/set-function-length/-/set-function-length-1.2.2.tgz 27891ms (cache miss)
1951 timing reifyNode:node_modules/set-function-length Completed in 29932ms
1952 http fetch GET 200 https://registry.npmjs.org/semver-diff/-/semver-diff-4.0.0.tgz 27890ms (cache miss)
1953 timing reifyNode:node_modules/semver-diff Completed in 29936ms
1954 http fetch GET 200 https://registry.npmjs.org/normalize-url/-/normalize-url-6.1.0.tgz 27715ms (cache miss)
1955 timing reifyNode:node_modules/normalize-url Completed in 29927ms
1956 http fetch GET 200 https://registry.npmjs.org/node-int64/-/node-int64-0.4.0.tgz 27716ms (cache miss)
1957 timing reifyNode:node_modules/node-int64 Completed in 29931ms
1958 http fetch GET 200 https://registry.npmjs.org/pupa/-/pupa-3.1.0.tgz 27810ms (cache miss)
1959 timing reifyNode:node_modules/pupa Completed in 29939ms
1960 http fetch GET 200 https://registry.npmjs.org/real-require/-/real-require-0.2.0.tgz 27822ms (cache miss)
1961 timing reifyNode:node_modules/real-require Completed in 29943ms
1962 http fetch GET 200 https://registry.npmjs.org/postcss-modules-extract-imports/-/postcss-modules-extract-imports-3.1.0.tgz 27779ms (cache miss)
1963 timing reifyNode:node_modules/postcss-modules-extract-imports Completed in 29942ms
1964 http fetch GET 200 https://registry.npmjs.org/registry-url/-/registry-url-6.0.1.tgz 27833ms (cache miss)
1965 timing reifyNode:node_modules/registry-url Completed in 29950ms
1966 http fetch GET 200 https://registry.npmjs.org/proc-log/-/proc-log-3.0.0.tgz 27795ms (cache miss)
1967 timing reifyNode:node_modules/proc-log Completed in 29947ms
1968 http fetch GET 200 https://registry.npmjs.org/@tufjs/canonical-json/-/canonical-json-1.0.0.tgz 27331ms (cache miss)
1969 timing reifyNode:node_modules/@tufjs/canonical-json Completed in 29905ms
1970 timing reifyNode:node_modules/@tootallnate/once Completed in 29908ms
1971 http fetch GET 200 https://registry.npmjs.org/stack-trace/-/stack-trace-0.0.10.tgz 27944ms (cache miss)
1972 timing reifyNode:node_modules/stack-trace Completed in 29964ms
1973 http fetch GET 200 https://registry.npmjs.org/node-abi/-/node-abi-3.60.0.tgz 27737ms (cache miss)
1974 timing reifyNode:node_modules/node-abi Completed in 29954ms
1975 http fetch GET 200 https://registry.npmjs.org/text-table/-/text-table-0.2.0.tgz 27958ms (cache miss)
1976 http fetch GET 200 https://registry.npmjs.org/is-stream/-/is-stream-2.0.1.tgz 27638ms (cache miss)
1977 timing reifyNode:node_modules/is-stream Completed in 29951ms
1978 http fetch GET 200 https://registry.npmjs.org/media-typer/-/media-typer-0.3.0.tgz 27724ms (cache miss)
1979 timing reifyNode:node_modules/media-typer Completed in 29960ms
1980 http fetch GET 200 https://registry.npmjs.org/json-parse-even-better-errors/-/json-parse-even-better-errors-2.3.1.tgz 27691ms (cache miss)
1981 timing reifyNode:node_modules/json-parse-even-better-errors Completed in 29959ms
1982 http fetch GET 200 https://registry.npmjs.org/tmpl/-/tmpl-1.0.5.tgz 27982ms (cache miss)
1983 timing reifyNode:node_modules/tmpl Completed in 29984ms
1984 http fetch GET 200 https://registry.npmjs.org/loader-runner/-/loader-runner-4.3.0.tgz 27711ms (cache miss)
1985 timing reifyNode:node_modules/loader-runner Completed in 29962ms
1986 http fetch GET 200 https://registry.npmjs.org/p-try/-/p-try-2.2.0.tgz 27765ms (cache miss)
1987 timing reifyNode:node_modules/p-try Completed in 29970ms
1988 http fetch GET 200 https://registry.npmjs.org/pug-code-gen/-/pug-code-gen-3.0.2.tgz 27833ms (cache miss)
1989 timing reifyNode:node_modules/pug-code-gen Completed in 29976ms
1990 http fetch GET 200 https://registry.npmjs.org/dottie 28288ms (cache miss)
1991 timing metavuln:packument:dottie Completed in 28288ms
1992 timing metavuln:load:security-advisory:dottie:1113536 Completed in 1ms
1993 http fetch GET 200 https://registry.npmjs.org/json-stable-stringify-without-jsonify/-/json-stable-stringify-without-jsonify-1.0.1.tgz 27702ms (cache miss)
1994 http fetch GET 200 https://registry.npmjs.org/responselike/-/responselike-2.0.1.tgz 27928ms (cache miss)
1995 timing reifyNode:node_modules/responselike Completed in 29990ms
1996 http fetch GET 200 https://registry.npmjs.org/lru-cache/-/lru-cache-5.1.1.tgz 27714ms (cache miss)
1997 timing reifyNode:node_modules/lru-cache Completed in 29979ms
1998 http fetch GET 200 https://registry.npmjs.org/proxy-addr/-/proxy-addr-2.0.7.tgz 27847ms (cache miss)
1999 timing reifyNode:node_modules/proxy-addr Completed in 29991ms
2000 http fetch GET 200 https://registry.npmjs.org/pug-filters/-/pug-filters-4.0.0.tgz 27850ms (cache miss)
2001 timing reifyNode:node_modules/pug-filters Completed in 29993ms
2002 http fetch GET 200 https://registry.npmjs.org/ms/-/ms-2.1.3.tgz 27766ms (cache miss)
2003 timing reifyNode:node_modules/ms Completed in 29985ms
2004 http fetch GET 200 https://registry.npmjs.org/read-package-json-fast/-/read-package-json-fast-3.0.2.tgz 27875ms (cache miss)
2005 timing reifyNode:node_modules/read-package-json-fast Completed in 29997ms
2006 timing reifyNode:node_modules/github-from-package Completed in 29973ms
2007 http fetch GET 200 https://registry.npmjs.org/npmlog/-/npmlog-6.0.2.tgz 27784ms (cache miss)
2008 timing reifyNode:node_modules/npmlog Completed in 29991ms
2009 http fetch GET 200 https://registry.npmjs.org/pirates/-/pirates-4.0.6.tgz 27831ms (cache miss)
2010 timing reifyNode:node_modules/pirates Completed in 29995ms
2011 http fetch GET 200 https://registry.npmjs.org/fill-range/-/fill-range-7.0.1.tgz 27591ms (cache miss)
2012 timing reifyNode:node_modules/fill-range Completed in 29975ms
2013 http fetch GET 200 https://registry.npmjs.org/@babel/plugin-syntax-object-rest-spread/-/plugin-syntax-object-rest-spread-7.8.3.tgz 27324ms (cache miss)
2014 timing reifyNode:node_modules/@babel/plugin-syntax-object-rest-spread Completed in 29958ms
2015 http fetch GET 200 https://registry.npmjs.org/file-uri-to-path/-/file-uri-to-path-1.0.0.tgz 27606ms (cache miss)
2016 timing reifyNode:node_modules/file-uri-to-path Completed in 29991ms
2017 http fetch GET 200 https://registry.npmjs.org/depd/-/depd-2.0.0.tgz 27559ms (cache miss)
2018 timing reifyNode:node_modules/depd Completed in 30000ms
2019 http fetch GET 200 https://registry.npmjs.org/convert-source-map/-/convert-source-map-2.0.0.tgz 27538ms (cache miss)
2020 timing reifyNode:node_modules/convert-source-map Completed in 30002ms
2021 http fetch GET 200 https://registry.npmjs.org/babel-jest/-/babel-jest-29.7.0.tgz 27475ms (cache miss)
2022 timing reifyNode:node_modules/babel-jest Completed in 29998ms
2023 http fetch GET 200 https://registry.npmjs.org/cacheable-request/-/cacheable-request-7.0.2.tgz 27516ms (cache miss)
2024 timing reifyNode:node_modules/cacheable-request Completed in 30004ms
2025 http fetch GET 200 https://registry.npmjs.org/configstore/-/configstore-6.0.0.tgz 27543ms (cache miss)
2026 timing reifyNode:node_modules/configstore Completed in 30010ms
2027 http fetch GET 200 https://registry.npmjs.org/ansi-align/-/ansi-align-3.0.1.tgz 27482ms (cache miss)
2028 timing reifyNode:node_modules/ansi-align Completed in 30008ms
2029 http fetch GET 200 https://registry.npmjs.org/color-name/-/color-name-1.1.4.tgz 27542ms (cache miss)
2030 timing reifyNode:node_modules/color-name Completed in 30016ms
2031 http fetch GET 200 https://registry.npmjs.org/@types/json-schema/-/json-schema-7.0.11.tgz 27456ms (cache miss)
2032 timing reifyNode:node_modules/@types/json-schema Completed in 30011ms
2033 http fetch GET 200 https://registry.npmjs.org/callsites/-/callsites-3.1.0.tgz 27534ms (cache miss)
2034 timing reifyNode:node_modules/callsites Completed in 30019ms
2035 http fetch GET 200 https://registry.npmjs.org/co/-/co-4.6.0.tgz 27547ms (cache miss)
2036 timing reifyNode:node_modules/co Completed in 30022ms
2037 http fetch GET 200 https://registry.npmjs.org/bindings/-/bindings-1.5.0.tgz 27521ms (cache miss)
2038 timing reifyNode:node_modules/bindings Completed in 30024ms
2039 http fetch GET 200 https://registry.npmjs.org/dottie/-/dottie-2.0.6.tgz 27600ms (cache miss)
2040 timing reifyNode:node_modules/dottie Completed in 30035ms
2041 http fetch GET 200 https://registry.npmjs.org/@webassemblyjs/wast-printer/-/wast-printer-1.12.1.tgz 27493ms (cache miss)
2042 timing reifyNode:node_modules/@webassemblyjs/wast-printer Completed in 30027ms
2043 http fetch GET 200 https://registry.npmjs.org/buffer-from/-/buffer-from-1.1.2.tgz 27539ms (cache miss)
2044 timing reifyNode:node_modules/buffer-from Completed in 30034ms
2045 http fetch GET 200 https://registry.npmjs.org/array-union/-/array-union-2.1.0.tgz 27522ms (cache miss)
2046 timing reifyNode:node_modules/array-union Completed in 30033ms
2047 http fetch GET 200 https://registry.npmjs.org/strip-ansi/-/strip-ansi-7.0.1.tgz 27363ms (cache miss)
2048 timing reifyNode:node_modules/wrap-ansi/node_modules/strip-ansi Completed in 30090ms
2049 http fetch GET 200 https://registry.npmjs.org/cookie/-/cookie-0.4.2.tgz 27362ms (cache miss)
2050 timing reifyNode:node_modules/youch/node_modules/cookie Completed in 30092ms
2051 http fetch GET 200 https://registry.npmjs.org/strip-ansi/-/strip-ansi-7.0.1.tgz 27241ms (cache miss)
2052 timing reifyNode:node_modules/boxen/node_modules/strip-ansi Completed in 30038ms
2053 http fetch GET 200 https://registry.npmjs.org/supports-color/-/supports-color-8.1.1.tgz 27359ms (cache miss)
2054 timing reifyNode:node_modules/terser-webpack-plugin/node_modules/supports-color Completed in 30088ms
2055 http fetch GET 200 https://registry.npmjs.org/ansi-regex/-/ansi-regex-6.0.1.tgz 27369ms (cache miss)
2056 timing reifyNode:node_modules/widest-line/node_modules/ansi-regex Completed in 30096ms
2057 http fetch GET 200 https://registry.npmjs.org/http-proxy-agent/-/http-proxy-agent-4.0.1.tgz 27352ms (cache miss)
2058 timing reifyNode:node_modules/sqlite3/node_modules/http-proxy-agent Completed in 30094ms
2059 http fetch GET 200 https://registry.npmjs.org/@jest/console/-/console-29.7.0.tgz 27438ms (cache miss)
2060 timing reifyNode:node_modules/@jest/console Completed in 30050ms
2061 http fetch GET 200 https://registry.npmjs.org/import-local/-/import-local-3.1.0.tgz 27755ms (cache miss)
2062 timing reifyNode:node_modules/import-local Completed in 30095ms
2063 http fetch GET 200 https://registry.npmjs.org/is-number/-/is-number-7.0.0.tgz 27782ms (cache miss)
2064 timing reifyNode:node_modules/is-number Completed in 30101ms
2065 http fetch GET 200 https://registry.npmjs.org/infer-owner/-/infer-owner-1.0.4.tgz 27765ms (cache miss)
2066 timing reifyNode:node_modules/infer-owner Completed in 30102ms
2067 http fetch GET 200 https://registry.npmjs.org/has-flag/-/has-flag-4.0.0.tgz 27745ms (cache miss)
2068 timing reifyNode:node_modules/has-flag Completed in 30101ms
2069 http fetch GET 200 https://registry.npmjs.org/jest-environment-node/-/jest-environment-node-29.7.0.tgz 27814ms (cache miss)
2070 timing reifyNode:node_modules/jest-environment-node Completed in 30109ms
2071 http fetch GET 200 https://registry.npmjs.org/gopd/-/gopd-1.0.1.tgz 27744ms (cache miss)
2072 timing reifyNode:node_modules/gopd Completed in 30104ms
2073 http fetch GET 200 https://registry.npmjs.org/isarray/-/isarray-2.0.5.tgz 27808ms (cache miss)
2074 timing reifyNode:node_modules/isarray Completed in 30120ms
2075 http fetch GET 200 https://registry.npmjs.org/hosted-git-info/-/hosted-git-info-5.2.1.tgz 27766ms (cache miss)
2076 timing reifyNode:node_modules/hosted-git-info Completed in 30117ms
2077 http fetch GET 200 https://registry.npmjs.org/jsonfile/-/jsonfile-6.1.0.tgz 27846ms (cache miss)
2078 timing reifyNode:node_modules/jsonfile Completed in 30124ms
2079 http fetch GET 200 https://registry.npmjs.org/http-errors/-/http-errors-2.0.0.tgz 27769ms (cache miss)
2080 timing reifyNode:node_modules/http-errors Completed in 30118ms
2081 http fetch GET 200 https://registry.npmjs.org/is-installed-globally/-/is-installed-globally-0.4.0.tgz 27803ms (cache miss)
2082 timing reifyNode:node_modules/is-installed-globally Completed in 30124ms
2083 http fetch GET 200 https://registry.npmjs.org/js-tokens/-/js-tokens-4.0.0.tgz 27862ms (cache miss)
2084 timing reifyNode:node_modules/js-tokens Completed in 30132ms
2085 http fetch GET 200 https://registry.npmjs.org/jest-docblock/-/jest-docblock-29.7.0.tgz 27835ms (cache miss)
2086 timing reifyNode:node_modules/jest-docblock Completed in 30135ms
2087 http fetch GET 200 https://registry.npmjs.org/json-buffer/-/json-buffer-3.0.1.tgz 27869ms (cache miss)
2088 timing reifyNode:node_modules/json-buffer Completed in 30140ms
2089 http fetch GET 200 https://registry.npmjs.org/fs.realpath/-/fs.realpath-1.0.0.tgz 27759ms (cache miss)
2090 timing reifyNode:node_modules/fs.realpath Completed in 30130ms
2091 http fetch GET 200 https://registry.npmjs.org/ip/-/ip-2.0.0.tgz 27804ms (cache miss)
2092 timing reifyNode:node_modules/ip Completed in 30137ms
2093 http fetch GET 200 https://registry.npmjs.org/@jest/schemas/-/schemas-29.6.3.tgz 27510ms (cache miss)
2094 timing reifyNode:node_modules/@jest/schemas Completed in 30111ms
2095 http fetch GET 200 https://registry.npmjs.org/@fastify/deepmerge/-/deepmerge-1.3.0.tgz 27491ms (cache miss)
2096 timing reifyNode:node_modules/@fastify/deepmerge Completed in 30107ms
2097 http fetch GET 200 https://registry.npmjs.org/@fastify/accept-negotiator/-/accept-negotiator-1.0.0.tgz 27488ms (cache miss)
2098 timing reifyNode:node_modules/@fastify/accept-negotiator Completed in 30108ms
2099 http fetch GET 200 https://registry.npmjs.org/@jest/globals/-/globals-29.7.0.tgz 27512ms (cache miss)
2100 timing reifyNode:node_modules/@jest/globals Completed in 30115ms
2101 http fetch GET 200 https://registry.npmjs.org/lowercase-keys/-/lowercase-keys-2.0.0.tgz 27432ms (cache miss)
2102 timing reifyNode:node_modules/responselike/node_modules/lowercase-keys Completed in 30177ms
2103 http fetch GET 200 https://registry.npmjs.org/@babel/plugin-syntax-bigint/-/plugin-syntax-bigint-7.8.3.tgz 27484ms (cache miss)
2104 timing reifyNode:node_modules/@babel/plugin-syntax-bigint Completed in 30123ms
2105 http fetch GET 200 https://registry.npmjs.org/@babel/plugin-syntax-numeric-separator/-/plugin-syntax-numeric-separator-7.10.4.tgz 27494ms (cache miss)
2106 timing reifyNode:node_modules/@babel/plugin-syntax-numeric-separator Completed in 30127ms
2107 http fetch GET 200 https://registry.npmjs.org/@babel/plugin-syntax-json-strings/-/plugin-syntax-json-strings-7.8.3.tgz 27491ms (cache miss)
2108 timing reifyNode:node_modules/@babel/plugin-syntax-json-strings Completed in 30128ms
2109 http fetch GET 200 https://registry.npmjs.org/@babel/plugin-syntax-async-generators/-/plugin-syntax-async-generators-7.8.4.tgz 27491ms (cache miss)
2110 timing reifyNode:node_modules/@babel/plugin-syntax-async-generators Completed in 30129ms
2111 http fetch GET 200 https://registry.npmjs.org/lru-cache/-/lru-cache-6.0.0.tgz 27448ms (cache miss)
2112 timing reifyNode:node_modules/sqlite3/node_modules/lru-cache Completed in 30193ms
2113 http fetch GET 200 https://registry.npmjs.org/strip-ansi/-/strip-ansi-7.1.0.tgz 27339ms (cache miss)
2114 timing reifyNode:node_modules/@isaacs/cliui/node_modules/strip-ansi Completed in 30141ms
2115 http fetch GET 200 https://registry.npmjs.org/resolve-from/-/resolve-from-4.0.0.tgz 27394ms (cache miss)
2116 timing reifyNode:node_modules/import-fresh/node_modules/resolve-from Completed in 30174ms
2117 http fetch GET 200 https://registry.npmjs.org/supports-color/-/supports-color-5.5.0.tgz 27341ms (cache miss)
2118 timing reifyNode:node_modules/@babel/highlight/node_modules/supports-color Completed in 30154ms
2119 timing reifyNode:node_modules/eslint/node_modules/@eslint/js Completed in 30205ms
2120 http fetch GET 200 https://registry.npmjs.org/find-up/-/find-up-3.0.0.tgz 27479ms (cache miss)
2121 timing reifyNode:node_modules/pkg-up/node_modules/find-up Completed in 30232ms
2122 http fetch GET 200 https://registry.npmjs.org/escape-string-regexp/-/escape-string-regexp-4.0.0.tgz 27431ms (cache miss)
2123 timing reifyNode:node_modules/eslint/node_modules/escape-string-regexp Completed in 30224ms
2124 http fetch GET 200 https://registry.npmjs.org/shallow-clone/-/shallow-clone-3.0.1.tgz 28228ms (cache miss)
2125 timing reifyNode:node_modules/shallow-clone Completed in 30268ms
2126 http fetch GET 200 https://registry.npmjs.org/fastify-objectionjs/-/fastify-objectionjs-2.0.1.tgz 27853ms (cache miss)
2127 timing reifyNode:node_modules/fastify-objectionjs Completed in 30240ms
2128 http fetch GET 200 https://registry.npmjs.org/package-json/-/package-json-8.1.0.tgz 28082ms (cache miss)
2129 timing reifyNode:node_modules/package-json Completed in 30268ms
2130 http fetch GET 200 https://registry.npmjs.org/get-package-type/-/get-package-type-0.1.0.tgz 27887ms (cache miss)
2131 timing reifyNode:node_modules/get-package-type Completed in 30256ms
2132 http fetch GET 200 https://registry.npmjs.org/read-package-json/-/read-package-json-6.0.4.tgz 28160ms (cache miss)
2133 timing reifyNode:node_modules/read-package-json Completed in 30284ms
2134 http fetch GET 200 https://registry.npmjs.org/d/-/d-1.0.2.tgz 27794ms (cache miss)
2135 timing reifyNode:node_modules/d Completed in 30252ms
2136 http fetch GET 200 https://registry.npmjs.org/rechoir/-/rechoir-0.8.0.tgz 28168ms (cache miss)
2137 timing reifyNode:node_modules/rechoir Completed in 30292ms
2138 http fetch GET 200 https://registry.npmjs.org/postgres-interval/-/postgres-interval-1.2.0.tgz 28145ms (cache miss)
2139 timing reifyNode:node_modules/postgres-interval Completed in 30298ms
2140 http fetch GET 200 https://registry.npmjs.org/split2/-/split2-3.2.2.tgz 28289ms (cache miss)
2141 timing reifyNode:node_modules/split2 Completed in 30312ms
2142 http fetch GET 200 https://registry.npmjs.org/postcss-modules-local-by-default/-/postcss-modules-local-by-default-4.0.5.tgz 28144ms (cache miss)
2143 timing reifyNode:node_modules/postcss-modules-local-by-default Completed in 30303ms
2144 http fetch GET 200 https://registry.npmjs.org/ret/-/ret-0.2.2.tgz 28250ms (cache miss)
2145 timing reifyNode:node_modules/ret Completed in 30310ms
2146 http fetch GET 200 https://registry.npmjs.org/strip-ansi/-/strip-ansi-6.0.1.tgz 28302ms (cache miss)
2147 timing reifyNode:node_modules/strip-ansi-cjs Completed in 30318ms
2148 http fetch GET 200 https://registry.npmjs.org/run-parallel/-/run-parallel-1.2.0.tgz 28259ms (cache miss)
2149 timing reifyNode:node_modules/run-parallel Completed in 30316ms
2150 http fetch GET 200 https://registry.npmjs.org/lru-queue/-/lru-queue-0.1.0.tgz 28061ms (cache miss)
2151 timing reifyNode:node_modules/lru-queue Completed in 30302ms
2152 http fetch GET 200 https://registry.npmjs.org/lodash.isempty/-/lodash.isempty-4.4.0.tgz 28058ms (cache miss)
2153 timing reifyNode:node_modules/lodash.isempty Completed in 30303ms
2154 http fetch GET 200 https://registry.npmjs.org/mime-types/-/mime-types-2.1.35.tgz 28074ms (cache miss)
2155 timing reifyNode:node_modules/mime-types Completed in 30307ms
2156 http fetch GET 200 https://registry.npmjs.org/rfdc/-/rfdc-1.3.1.tgz 28280ms (cache miss)
2157 timing reifyNode:node_modules/rfdc Completed in 30337ms
2158 http fetch GET 200 https://registry.npmjs.org/spawn-command/-/spawn-command-0.0.2.tgz 28326ms (cache miss)
2159 timing reifyNode:node_modules/spawn-command Completed in 30351ms
2160 http fetch GET 200 https://registry.npmjs.org/locate-path/-/locate-path-6.0.0.tgz 28082ms (cache miss)
2161 timing reifyNode:node_modules/locate-path Completed in 30333ms
2162 http fetch GET 200 https://registry.npmjs.org/npm-package-arg/-/npm-package-arg-10.1.0.tgz 28131ms (cache miss)
2163 timing reifyNode:node_modules/npm-package-arg Completed in 30340ms
2164 http fetch GET 200 https://registry.npmjs.org/string-width/-/string-width-4.2.3.tgz 28340ms (cache miss)
2165 timing reifyNode:node_modules/string-width Completed in 30359ms
2166 timing reifyNode:node_modules/supports-preserve-symlinks-flag Completed in 30361ms
2167 http fetch GET 200 https://registry.npmjs.org/keyv/-/keyv-4.5.4.tgz 28081ms (cache miss)
2168 timing reifyNode:node_modules/keyv Completed in 30341ms
2169 http fetch GET 200 https://registry.npmjs.org/npm-packlist/-/npm-packlist-7.0.4.tgz 28141ms (cache miss)
2170 timing reifyNode:node_modules/npm-packlist Completed in 30350ms
2171 http fetch GET 200 https://registry.npmjs.org/minizlib/-/minizlib-2.1.2.tgz 28125ms (cache miss)
2172 timing reifyNode:node_modules/minizlib Completed in 30349ms
2173 http fetch GET 200 https://registry.npmjs.org/npm-pick-manifest/-/npm-pick-manifest-8.0.2.tgz 28147ms (cache miss)
2174 timing reifyNode:node_modules/npm-pick-manifest Completed in 30356ms
2175 http fetch GET 200 https://registry.npmjs.org/leven/-/leven-3.1.0.tgz 28106ms (cache miss)
2176 timing reifyNode:node_modules/leven Completed in 30361ms
2177 http fetch GET 200 https://registry.npmjs.org/node-gyp-build/-/node-gyp-build-4.8.0.tgz 28152ms (cache miss)
2178 timing reifyNode:node_modules/node-gyp-build Completed in 30366ms
2179 http fetch GET 200 https://registry.npmjs.org/picocolors/-/picocolors-1.0.0.tgz 28204ms (cache miss)
2180 timing reifyNode:node_modules/picocolors Completed in 30374ms
2181 http fetch GET 200 https://registry.npmjs.org/@babel/plugin-syntax-logical-assignment-operators/-/plugin-syntax-logical-assignment-operators-7.10.4.tgz 27701ms (cache miss)
2182 timing reifyNode:node_modules/@babel/plugin-syntax-logical-assignment-operators Completed in 30336ms
2183 http fetch GET 200 https://registry.npmjs.org/escape-goat/-/escape-goat-4.0.0.tgz 27958ms (cache miss)
2184 timing reifyNode:node_modules/escape-goat Completed in 30374ms
2185 http fetch GET 200 https://registry.npmjs.org/fastify-reverse-routes/-/fastify-reverse-routes-3.0.0.tgz 28003ms (cache miss)
2186 timing reifyNode:node_modules/fastify-reverse-routes Completed in 30391ms
2187 http fetch GET 200 https://registry.npmjs.org/colorette/-/colorette-2.0.19.tgz 27912ms (cache miss)
2188 timing reifyNode:node_modules/colorette Completed in 30385ms
2189 http fetch GET 200 https://registry.npmjs.org/babel-plugin-jest-hoist/-/babel-plugin-jest-hoist-29.6.3.tgz 27877ms (cache miss)
2190 timing reifyNode:node_modules/babel-plugin-jest-hoist Completed in 30382ms
2191 http fetch GET 200 https://registry.npmjs.org/@webassemblyjs/floating-point-hex-parser/-/floating-point-hex-parser-1.11.6.tgz 27833ms (cache miss)
2192 timing reifyNode:node_modules/@webassemblyjs/floating-point-hex-parser Completed in 30379ms
2193 http fetch GET 200 https://registry.npmjs.org/@types/keyv/-/keyv-3.1.4.tgz 27829ms (cache miss)
2194 timing reifyNode:node_modules/@types/keyv Completed in 30381ms
2195 http fetch GET 200 https://registry.npmjs.org/define-properties/-/define-properties-1.2.1.tgz 27946ms (cache miss)
2196 timing reifyNode:node_modules/define-properties Completed in 30394ms
2197 http fetch GET 200 https://registry.npmjs.org/eastasianwidth/-/eastasianwidth-0.2.0.tgz 27963ms (cache miss)
2198 timing reifyNode:node_modules/eastasianwidth Completed in 30397ms
2199 http fetch GET 200 https://registry.npmjs.org/@webpack-cli/serve/-/serve-2.0.5.tgz 27857ms (cache miss)
2200 timing reifyNode:node_modules/@webpack-cli/serve Completed in 30389ms
2201 http fetch GET 200 https://registry.npmjs.org/@types/eslint-scope/-/eslint-scope-3.7.4.tgz 27824ms (cache miss)
2202 timing reifyNode:node_modules/@types/eslint-scope Completed in 30394ms
2203 http fetch GET 200 https://registry.npmjs.org/@types/estree/-/estree-1.0.5.tgz 27827ms (cache miss)
2204 timing reifyNode:node_modules/@types/estree Completed in 30395ms
2205 http fetch GET 200 https://registry.npmjs.org/detect-newline/-/detect-newline-3.1.0.tgz 27970ms (cache miss)
2206 timing reifyNode:node_modules/detect-newline Completed in 30408ms
2207 http fetch GET 200 https://registry.npmjs.org/detect-libc/-/detect-libc-2.0.3.tgz 27970ms (cache miss)
2208 timing reifyNode:node_modules/detect-libc Completed in 30410ms
2209 http fetch GET 200 https://registry.npmjs.org/boxen/-/boxen-7.0.0.tgz 27897ms (cache miss)
2210 timing reifyNode:node_modules/boxen Completed in 30405ms
2211 http fetch GET 200 https://registry.npmjs.org/@xtuc/ieee754/-/ieee754-1.2.0.tgz 27878ms (cache miss)
2212 timing reifyNode:node_modules/@xtuc/ieee754 Completed in 30409ms
2213 http fetch GET 200 https://registry.npmjs.org/ansi-styles/-/ansi-styles-6.1.0.tgz 27752ms (cache miss)
2214 timing reifyNode:node_modules/wrap-ansi/node_modules/ansi-styles Completed in 30478ms
2215 http fetch GET 200 https://registry.npmjs.org/@npmcli/promise-spawn/-/promise-spawn-6.0.2.tgz 27828ms (cache miss)
2216 timing reifyNode:node_modules/@npmcli/promise-spawn Completed in 30418ms
2217 http fetch GET 200 https://registry.npmjs.org/estraverse/-/estraverse-4.3.0.tgz 27752ms (cache miss)
2218 timing reifyNode:node_modules/webpack/node_modules/estraverse Completed in 30480ms
2219 http fetch GET 200 https://registry.npmjs.org/@npmcli/installed-package-contents/-/installed-package-contents-2.0.2.tgz 27835ms (cache miss)
2220 timing reifyNode:node_modules/@npmcli/installed-package-contents Completed in 30426ms
2221 http fetch GET 200 https://registry.npmjs.org/@szmarczak/http-timer/-/http-timer-5.0.1.tgz 27850ms (cache miss)
2222 timing reifyNode:node_modules/@szmarczak/http-timer Completed in 30441ms
2223 http fetch GET 200 https://registry.npmjs.org/@babel/plugin-syntax-class-properties/-/plugin-syntax-class-properties-7.12.13.tgz 27796ms (cache miss)
2224 timing reifyNode:node_modules/@babel/plugin-syntax-class-properties Completed in 30434ms
2225 http fetch GET 200 https://registry.npmjs.org/has-property-descriptors/-/has-property-descriptors-1.0.2.tgz 28117ms (cache miss)
2226 timing reifyNode:node_modules/has-property-descriptors Completed in 30476ms
2227 http fetch GET 200 https://registry.npmjs.org/hashlru/-/hashlru-2.3.0.tgz 28130ms (cache miss)
2228 timing reifyNode:node_modules/hashlru Completed in 30484ms
2229 http fetch GET 200 https://registry.npmjs.org/glob-to-regexp/-/glob-to-regexp-0.4.1.tgz 28124ms (cache miss)
2230 timing reifyNode:node_modules/glob-to-regexp Completed in 30490ms
2231 http fetch GET 200 https://registry.npmjs.org/fb-watchman/-/fb-watchman-2.0.2.tgz 28104ms (cache miss)
2232 timing reifyNode:node_modules/fb-watchman Completed in 30490ms
2233 http fetch GET 200 https://registry.npmjs.org/humanize-ms/-/humanize-ms-1.2.1.tgz 28150ms (cache miss)
2234 timing reifyNode:node_modules/humanize-ms Completed in 30497ms
2235 http fetch GET 200 https://registry.npmjs.org/js-stringify/-/js-stringify-1.0.2.tgz 28229ms (cache miss)
2236 timing reifyNode:node_modules/js-stringify Completed in 30504ms
2237 http fetch GET 200 https://registry.npmjs.org/fs-minipass/-/fs-minipass-2.1.0.tgz 28125ms (cache miss)
2238 timing reifyNode:node_modules/fs-minipass Completed in 30499ms
2239 http fetch GET 200 https://registry.npmjs.org/is-path-inside/-/is-path-inside-3.0.3.tgz 28198ms (cache miss)
2240 timing reifyNode:node_modules/is-path-inside Completed in 30516ms
2241 http fetch GET 200 https://registry.npmjs.org/@istanbuljs/load-nyc-config/-/load-nyc-config-1.1.0.tgz 27878ms (cache miss)
2242 timing reifyNode:node_modules/@istanbuljs/load-nyc-config Completed in 30487ms
2243 http fetch GET 200 https://registry.npmjs.org/@babel/helper-hoist-variables/-/helper-hoist-variables-7.22.5.tgz 27839ms (cache miss)
2244 timing reifyNode:node_modules/@babel/helper-hoist-variables Completed in 30483ms
2245 http fetch GET 200 https://registry.npmjs.org/@babel/helper-split-export-declaration/-/helper-split-export-declaration-7.22.6.tgz 27847ms (cache miss)
2246 timing reifyNode:node_modules/@babel/helper-split-export-declaration Completed in 30489ms
2247 http fetch GET 200 https://registry.npmjs.org/@jest/test-sequencer/-/test-sequencer-29.7.0.tgz 27896ms (cache miss)
2248 timing reifyNode:node_modules/@jest/test-sequencer Completed in 30498ms
2249 http fetch GET 200 https://registry.npmjs.org/lowercase-keys/-/lowercase-keys-2.0.0.tgz 27718ms (cache miss)
2250 timing reifyNode:node_modules/cacheable-request/node_modules/lowercase-keys Completed in 30511ms
2251 timing reifyNode:node_modules/@babel/helper-validator-option Completed in 30495ms
2252 http fetch GET 200 https://registry.npmjs.org/@tootallnate/once/-/once-1.1.2.tgz 27813ms (cache miss)
2253 timing reifyNode:node_modules/sqlite3/node_modules/@tootallnate/once Completed in 30557ms
2254 http fetch GET 200 https://registry.npmjs.org/hosted-git-info/-/hosted-git-info-6.1.1.tgz 27810ms (cache miss)
2255 timing reifyNode:node_modules/normalize-package-data/node_modules/hosted-git-info Completed in 30584ms
2256 http fetch GET 200 https://registry.npmjs.org/yallist/-/yallist-3.1.1.tgz 27827ms (cache miss)
2257 timing reifyNode:node_modules/lru-cache/node_modules/yallist Completed in 30603ms
2258 http fetch GET 200 https://registry.npmjs.org/typed-array-buffer/-/typed-array-buffer-1.0.2.tgz 28642ms (cache miss)
2259 timing reifyNode:node_modules/typed-array-buffer Completed in 30631ms
2260 http fetch GET 200 https://registry.npmjs.org/type-check/-/type-check-0.4.0.tgz 28639ms (cache miss)
2261 timing reifyNode:node_modules/type-check Completed in 30636ms
2262 http fetch GET 200 https://registry.npmjs.org/parse-github-url/-/parse-github-url-1.0.2.tgz 28443ms (cache miss)
2263 timing reifyNode:node_modules/parse-github-url Completed in 30621ms
2264 http fetch GET 200 https://registry.npmjs.org/brace-expansion 28939ms (cache miss)
2265 timing metavuln:packument:brace-expansion Completed in 28941ms
2266 timing metavuln:load:security-advisory:brace-expansion:1105443 Completed in 0ms
2267 timing metavuln:load:security-advisory:brace-expansion:1105444 Completed in 0ms
2268 timing metavuln:load:security-advisory:brace-expansion:1115540 Completed in 0ms
2269 timing metavuln:load:security-advisory:brace-expansion:1115541 Completed in 1ms
2270 http fetch GET 200 https://registry.npmjs.org/@babel/helper-function-name/-/helper-function-name-7.23.0.tgz 27940ms (cache miss)
2271 timing reifyNode:node_modules/@babel/helper-function-name Completed in 30591ms
2272 http fetch GET 200 https://registry.npmjs.org/socks-proxy-agent/-/socks-proxy-agent-7.0.0.tgz 28638ms (cache miss)
2273 timing reifyNode:node_modules/socks-proxy-agent Completed in 30667ms
2274 http fetch GET 200 https://registry.npmjs.org/spawn-please/-/spawn-please-2.0.2.tgz 28650ms (cache miss)
2275 http fetch GET 200 https://registry.npmjs.org/react-is/-/react-is-18.2.0.tgz 28553ms (cache miss)
2276 timing reifyNode:node_modules/react-is Completed in 30678ms
2277 http fetch GET 200 https://registry.npmjs.org/es-object-atoms/-/es-object-atoms-1.0.0.tgz 28229ms (cache miss)
2278 http fetch GET 200 https://registry.npmjs.org/string-width/-/string-width-4.2.3.tgz 28683ms (cache miss)
2279 timing reifyNode:node_modules/string-width-cjs Completed in 30702ms
2280 http fetch GET 200 https://registry.npmjs.org/p-cancelable/-/p-cancelable-3.0.0.tgz 28499ms (cache miss)
2281 timing reifyNode:node_modules/p-cancelable Completed in 30691ms
2282 http fetch GET 200 https://registry.npmjs.org/pug-code-gen 29006ms (cache miss)
2283 timing metavuln:packument:pug-code-gen Completed in 29008ms
2284 timing metavuln:load:security-advisory:pug-code-gen:1104107 Completed in 1ms
2285 http fetch GET 200 https://registry.npmjs.org/json-schema-traverse/-/json-schema-traverse-0.4.1.tgz 28424ms (cache miss)
2286 timing reifyNode:node_modules/json-schema-traverse Completed in 30691ms
2287 http fetch GET 200 https://registry.npmjs.org/signal-exit/-/signal-exit-3.0.7.tgz 28679ms (cache miss)
2288 timing reifyNode:node_modules/signal-exit Completed in 30716ms
2289 http fetch GET 200 https://registry.npmjs.org/pgpass/-/pgpass-1.0.5.tgz 28543ms (cache miss)
2290 timing reifyNode:node_modules/pgpass Completed in 30711ms
2291 timing reifyNode:node_modules/eslint-visitor-keys Completed in 30688ms
2292 http fetch GET 200 https://registry.npmjs.org/@isaacs/cliui/-/cliui-8.0.2.tgz 28052ms (cache miss)
2293 http fetch GET 200 https://registry.npmjs.org/fast-memoize/-/fast-memoize-2.5.2.tgz 28316ms (cache miss)
2294 timing reifyNode:node_modules/fast-memoize Completed in 30709ms
2295 http fetch GET 200 https://registry.npmjs.org/bser/-/bser-2.1.1.tgz 28210ms (cache miss)
2296 timing reifyNode:node_modules/bser Completed in 30706ms
2297 http fetch GET 200 https://registry.npmjs.org/dedent/-/dedent-1.5.3.tgz 28264ms (cache miss)
2298 timing reifyNode:node_modules/dedent Completed in 30717ms
2299 http fetch GET 200 https://registry.npmjs.org/character-parser/-/character-parser-2.2.0.tgz 28238ms (cache miss)
2300 timing reifyNode:node_modules/character-parser Completed in 30721ms
2301 http fetch GET 200 https://registry.npmjs.org/commist/-/commist-3.0.0.tgz 28273ms (cache miss)
2302 timing reifyNode:node_modules/commist Completed in 30745ms
2303 http fetch GET 200 https://registry.npmjs.org/string-width/-/string-width-5.1.2.tgz 28066ms (cache miss)
2304 timing reifyNode:node_modules/widest-line/node_modules/string-width Completed in 30794ms
2305 http fetch GET 200 https://registry.npmjs.org/socks-proxy-agent/-/socks-proxy-agent-6.2.1.tgz 28065ms (cache miss)
2306 timing reifyNode:node_modules/sqlite3/node_modules/socks-proxy-agent Completed in 30802ms
2307 http fetch GET 200 https://registry.npmjs.org/@jest/source-map/-/source-map-29.6.3.tgz 28142ms (cache miss)
2308 timing reifyNode:node_modules/@jest/source-map Completed in 30758ms
2309 http fetch GET 200 https://registry.npmjs.org/cliui/-/cliui-7.0.4.tgz 28053ms (cache miss)
2310 timing reifyNode:node_modules/sequelize-cli/node_modules/cliui Completed in 30812ms
2311 http fetch GET 200 https://registry.npmjs.org/jest-message-util/-/jest-message-util-29.7.0.tgz 28518ms (cache miss)
2312 timing reifyNode:node_modules/jest-message-util Completed in 30811ms
2313 http fetch GET 200 https://registry.npmjs.org/graceful-fs/-/graceful-fs-4.2.10.tgz 28449ms (cache miss)
2314 timing reifyNode:node_modules/graceful-fs Completed in 30806ms
2315 http fetch GET 200 https://registry.npmjs.org/joycon/-/joycon-3.1.1.tgz 28526ms (cache miss)
2316 timing reifyNode:node_modules/joycon Completed in 30815ms
2317 http fetch GET 200 https://registry.npmjs.org/http-proxy-agent/-/http-proxy-agent-5.0.0.tgz 28461ms (cache miss)
2318 timing reifyNode:node_modules/http-proxy-agent Completed in 30810ms
2319 http fetch GET 200 https://registry.npmjs.org/@lukeed/ms/-/ms-2.0.2.tgz 28206ms (cache miss)
2320 timing reifyNode:node_modules/@lukeed/ms Completed in 30801ms
2321 timing reifyNode:node_modules/@fastify/flash Completed in 30796ms
2322 http fetch GET 200 https://registry.npmjs.org/ansi-styles/-/ansi-styles-5.2.0.tgz 28096ms (cache miss)
2323 timing reifyNode:node_modules/pretty-format/node_modules/ansi-styles Completed in 30848ms
2324 http fetch GET 200 https://registry.npmjs.org/@eslint/js/-/js-9.1.1.tgz 28181ms (cache miss)
2325 timing reifyNode:node_modules/@eslint/js Completed in 30801ms
2326 http fetch GET 200 https://registry.npmjs.org/p-limit/-/p-limit-2.3.0.tgz 28094ms (cache miss)
2327 timing reifyNode:node_modules/pkg-dir/node_modules/p-limit Completed in 30854ms
2328 http fetch GET 200 https://registry.npmjs.org/p-limit/-/p-limit-2.3.0.tgz 28009ms (cache miss)
2329 timing reifyNode:node_modules/@istanbuljs/load-nyc-config/node_modules/p-limit Completed in 30809ms
2330 http fetch GET 200 https://registry.npmjs.org/@istanbuljs/schema/-/schema-0.1.3.tgz 28203ms (cache miss)
2331 timing reifyNode:node_modules/@istanbuljs/schema Completed in 30812ms
2332 http fetch GET 200 https://registry.npmjs.org/p-locate/-/p-locate-4.1.0.tgz 28021ms (cache miss)
2333 timing reifyNode:node_modules/@istanbuljs/load-nyc-config/node_modules/p-locate Completed in 30821ms
2334 http fetch GET 200 https://registry.npmjs.org/split2/-/split2-4.2.0.tgz 28108ms (cache miss)
2335 timing reifyNode:node_modules/pgpass/node_modules/split2 Completed in 30867ms
2336 http fetch GET 200 https://registry.npmjs.org/pg-connection-string/-/pg-connection-string-2.6.1.tgz 28074ms (cache miss)
2337 timing reifyNode:node_modules/fastify-objectionjs/node_modules/pg-connection-string Completed in 30851ms
2338 http fetch GET 200 https://registry.npmjs.org/which/-/which-3.0.1.tgz 28029ms (cache miss)
2339 timing reifyNode:node_modules/@npmcli/promise-spawn/node_modules/which Completed in 30832ms
2340 http fetch GET 200 https://registry.npmjs.org/which/-/which-3.0.1.tgz 28031ms (cache miss)
2341 timing reifyNode:node_modules/@npmcli/git/node_modules/which Completed in 30833ms
2342 http fetch GET 200 https://registry.npmjs.org/locate-path/-/locate-path-5.0.0.tgz 28129ms (cache miss)
2343 timing reifyNode:node_modules/pkg-dir/node_modules/locate-path Completed in 30882ms
2344 http fetch GET 200 https://registry.npmjs.org/ini/-/ini-4.1.2.tgz 28124ms (cache miss)
2345 timing reifyNode:node_modules/npm-check-updates/node_modules/ini Completed in 30892ms
2346 http fetch GET 200 https://registry.npmjs.org/write-file-atomic/-/write-file-atomic-3.0.3.tgz 28082ms (cache miss)
2347 timing reifyNode:node_modules/configstore/node_modules/write-file-atomic Completed in 30875ms
2348 http fetch GET 200 https://registry.npmjs.org/unique-slug/-/unique-slug-3.0.0.tgz 28133ms (cache miss)
2349 timing reifyNode:node_modules/node-gyp/node_modules/unique-slug Completed in 30901ms
2350 http fetch GET 200 https://registry.npmjs.org/toad-cache/-/toad-cache-3.7.0.tgz 28925ms (cache miss)
2351 timing reifyNode:node_modules/toad-cache Completed in 30927ms
2352 http fetch GET 200 https://registry.npmjs.org/fastest-levenshtein/-/fastest-levenshtein-1.0.16.tgz 28502ms (cache miss)
2353 http fetch GET 200 https://registry.npmjs.org/retry-as-promised/-/retry-as-promised-7.0.4.tgz 28867ms (cache miss)
2354 timing reifyNode:node_modules/retry-as-promised Completed in 30925ms
2355 http fetch GET 200 https://registry.npmjs.org/cross-spawn 29233ms (cache miss)
2356 timing metavuln:packument:cross-spawn Completed in 29233ms
2357 timing metavuln:load:security-advisory:cross-spawn:1104664 Completed in 1ms
2358 http fetch GET 200 https://registry.npmjs.org/ip 29233ms (cache miss)
2359 timing metavuln:packument:ip Completed in 29233ms
2360 timing metavuln:load:security-advisory:ip:1101851 Completed in 0ms
2361 timing metavuln:load:security-advisory:ip:1114832 Completed in 1ms
2362 http fetch GET 200 https://registry.npmjs.org/typed-array-byte-length/-/typed-array-byte-length-1.0.1.tgz 28949ms (cache miss)
2363 timing reifyNode:node_modules/typed-array-byte-length Completed in 30940ms
2364 http fetch GET 200 https://registry.npmjs.org/data-view-byte-offset/-/data-view-byte-offset-1.0.0.tgz 28442ms (cache miss)
2365 timing reifyNode:node_modules/data-view-byte-offset Completed in 30898ms
2366 http fetch GET 200 https://registry.npmjs.org/data-view-buffer/-/data-view-buffer-1.0.1.tgz 28445ms (cache miss)
2367 timing reifyNode:node_modules/data-view-buffer Completed in 30901ms
2368 http fetch GET 200 https://registry.npmjs.org/pug 29240ms (cache miss)
2369 timing metavuln:packument:pug Completed in 29242ms
2370 timing metavuln:load:security-advisory:pug:1104111 Completed in 1ms
2371 http fetch GET 200 https://registry.npmjs.org/toposort-class/-/toposort-class-1.0.1.tgz 28950ms (cache miss)
2372 http fetch GET 200 https://registry.npmjs.org/nopt/-/nopt-5.0.0.tgz 28722ms (cache miss)
2373 timing reifyNode:node_modules/nopt Completed in 30936ms
2374 http fetch GET 200 https://registry.npmjs.org/pug-runtime/-/pug-runtime-3.0.1.tgz 28810ms (cache miss)
2375 timing reifyNode:node_modules/pug-runtime Completed in 30944ms
2376 http fetch GET 200 https://registry.npmjs.org/getopts/-/getopts-2.3.0.tgz 28562ms (cache miss)
2377 timing reifyNode:node_modules/getopts Completed in 30930ms
2378 http fetch GET 200 https://registry.npmjs.org/reusify/-/reusify-1.0.4.tgz 28914ms (cache miss)
2379 timing reifyNode:node_modules/reusify Completed in 30972ms
2380 http fetch GET 200 https://registry.npmjs.org/regenerator-runtime/-/regenerator-runtime-0.14.1.tgz 28853ms (cache miss)
2381 timing reifyNode:node_modules/regenerator-runtime Completed in 30973ms
2382 http fetch GET 200 https://registry.npmjs.org/kind-of/-/kind-of-6.0.3.tgz 28700ms (cache miss)
2383 timing reifyNode:node_modules/kind-of Completed in 30958ms
2384 http fetch GET 200 https://registry.npmjs.org/resolve.exports/-/resolve.exports-2.0.2.tgz 28916ms (cache miss)
2385 timing reifyNode:node_modules/resolve.exports Completed in 30976ms
2386 http fetch GET 200 https://registry.npmjs.org/lodash.merge/-/lodash.merge-4.6.2.tgz 28730ms (cache miss)
2387 timing reifyNode:node_modules/lodash.merge Completed in 30975ms
2388 http fetch GET 200 https://registry.npmjs.org/statuses/-/statuses-2.0.1.tgz 28977ms (cache miss)
2389 timing reifyNode:node_modules/statuses Completed in 30998ms
2390 timing reifyNode:node_modules/text-table Completed in 31001ms
2391 http fetch GET 200 https://registry.npmjs.org/minimatch/-/minimatch-3.1.2.tgz 28747ms (cache miss)
2392 timing reifyNode:node_modules/minimatch Completed in 30993ms
2393 timing reifyNode:node_modules/json-stable-stringify-without-jsonify Completed in 30990ms
2394 http fetch GET 200 https://registry.npmjs.org/set-cookie-parser/-/set-cookie-parser-2.6.0.tgz 28969ms (cache miss)
2395 timing reifyNode:node_modules/set-cookie-parser Completed in 31012ms
2396 http fetch GET 200 https://registry.npmjs.org/pg-cloudflare/-/pg-cloudflare-1.1.1.tgz 28838ms (cache miss)
2397 http fetch GET 200 https://registry.npmjs.org/@humanwhocodes/module-importer/-/module-importer-1.0.1.tgz 28361ms (cache miss)
2398 timing reifyNode:node_modules/@isaacs/cliui Completed in 30973ms
2399 http fetch GET 200 https://registry.npmjs.org/functions-have-names/-/functions-have-names-1.2.3.tgz 28642ms (cache miss)
2400 timing reifyNode:node_modules/functions-have-names Completed in 31013ms
2401 http fetch GET 200 https://registry.npmjs.org/fast-querystring/-/fast-querystring-1.0.0.tgz 28620ms (cache miss)
2402 timing reifyNode:node_modules/fast-querystring Completed in 31012ms
2403 http fetch GET 200 https://registry.npmjs.org/dateformat/-/dateformat-4.6.3.tgz 28551ms (cache miss)
2404 timing reifyNode:node_modules/dateformat Completed in 31007ms
2405 http fetch GET 200 https://registry.npmjs.org/acorn-import-assertions/-/acorn-import-assertions-1.9.0.tgz 28473ms (cache miss)
2406 timing reifyNode:node_modules/acorn-import-assertions Completed in 31003ms
2407 http fetch GET 200 https://registry.npmjs.org/cacheable-lookup/-/cacheable-lookup-6.1.0.tgz 28528ms (cache miss)
2408 timing reifyNode:node_modules/cacheable-lookup Completed in 31015ms
2409 http fetch GET 200 https://registry.npmjs.org/chrome-trace-event/-/chrome-trace-event-1.0.3.tgz 28539ms (cache miss)
2410 timing reifyNode:node_modules/chrome-trace-event Completed in 31023ms
2411 http fetch GET 200 https://registry.npmjs.org/cliui/-/cliui-8.0.1.tgz 28559ms (cache miss)
2412 timing reifyNode:node_modules/cliui Completed in 31036ms
2413 http fetch GET 200 https://registry.npmjs.org/define-data-property/-/define-data-property-1.1.4.tgz 28603ms (cache miss)
2414 timing reifyNode:node_modules/define-data-property Completed in 31045ms
2415 http fetch GET 200 https://registry.npmjs.org/@rails/ujs/-/ujs-7.1.3-2.tgz 28468ms (cache miss)
2416 timing reifyNode:node_modules/@rails/ujs Completed in 31051ms
2417 http fetch GET 200 https://registry.npmjs.org/json-parse-even-better-errors/-/json-parse-even-better-errors-3.0.1.tgz 28353ms (cache miss)
2418 timing reifyNode:node_modules/read-package-json/node_modules/json-parse-even-better-errors Completed in 31097ms
2419 http fetch GET 200 https://registry.npmjs.org/interpret/-/interpret-2.2.0.tgz 28754ms (cache miss)
2420 timing reifyNode:node_modules/interpret Completed in 31087ms
2421 http fetch GET 200 https://registry.npmjs.org/estraverse/-/estraverse-5.3.0.tgz 28672ms (cache miss)
2422 timing reifyNode:node_modules/estraverse Completed in 31080ms
2423 http fetch GET 200 https://registry.npmjs.org/html-escaper/-/html-escaper-2.0.2.tgz 28747ms (cache miss)
2424 timing reifyNode:node_modules/html-escaper Completed in 31098ms
2425 http fetch GET 200 https://registry.npmjs.org/has-bigints/-/has-bigints-1.0.2.tgz 28747ms (cache miss)
2426 timing reifyNode:node_modules/has-bigints Completed in 31105ms
2427 http fetch GET 200 https://registry.npmjs.org/hasown/-/hasown-2.0.2.tgz 28769ms (cache miss)
2428 timing reifyNode:node_modules/hasown Completed in 31121ms
2429 http fetch GET 200 https://registry.npmjs.org/gensync/-/gensync-1.0.0-beta.2.tgz 28750ms (cache miss)
2430 timing reifyNode:node_modules/gensync Completed in 31120ms
2431 http fetch GET 200 https://registry.npmjs.org/kleur/-/kleur-4.1.5.tgz 28394ms (cache miss)
2432 timing reifyNode:node_modules/prompts-ncu/node_modules/kleur Completed in 31144ms
2433 http fetch GET 200 https://registry.npmjs.org/@babel/helper-simple-access/-/helper-simple-access-7.22.5.tgz 28452ms (cache miss)
2434 timing reifyNode:node_modules/@babel/helper-simple-access Completed in 31092ms
2435 http fetch GET 200 https://registry.npmjs.org/@jest/fake-timers/-/fake-timers-29.7.0.tgz 28497ms (cache miss)
2436 timing reifyNode:node_modules/@jest/fake-timers Completed in 31100ms
2437 http fetch GET 200 https://registry.npmjs.org/@jest/environment/-/environment-29.7.0.tgz 28497ms (cache miss)
2438 timing reifyNode:node_modules/@jest/environment Completed in 31099ms
2439 http fetch GET 200 https://registry.npmjs.org/ini/-/ini-1.3.8.tgz 28327ms (cache miss)
2440 timing reifyNode:node_modules/config-chain/node_modules/ini Completed in 31122ms
2441 http fetch GET 200 https://registry.npmjs.org/find-up/-/find-up-4.1.0.tgz 28304ms (cache miss)
2442 timing reifyNode:node_modules/@istanbuljs/load-nyc-config/node_modules/find-up Completed in 31105ms
2443 http fetch GET 200 https://registry.npmjs.org/brace-expansion/-/brace-expansion-2.0.1.tgz 28311ms (cache miss)
2444 timing reifyNode:node_modules/@tufjs/models/node_modules/brace-expansion Completed in 31112ms
2445 http fetch GET 200 https://registry.npmjs.org/brace-expansion/-/brace-expansion-2.0.1.tgz 28359ms (cache miss)
2446 timing reifyNode:node_modules/help-me/node_modules/brace-expansion Completed in 31137ms
2447 http fetch GET 200 https://registry.npmjs.org/brace-expansion/-/brace-expansion-2.0.1.tgz 28375ms (cache miss)
2448 timing reifyNode:node_modules/node-gyp/node_modules/brace-expansion Completed in 31150ms
2449 http fetch GET 200 https://registry.npmjs.org/brace-expansion/-/brace-expansion-2.0.1.tgz 28358ms (cache miss)
2450 timing reifyNode:node_modules/glob/node_modules/brace-expansion Completed in 31135ms
2451 http fetch GET 200 https://registry.npmjs.org/brace-expansion/-/brace-expansion-2.0.1.tgz 28384ms (cache miss)
2452 timing reifyNode:node_modules/npm-check-updates/node_modules/brace-expansion Completed in 31152ms
2453 http fetch GET 200 https://registry.npmjs.org/brace-expansion/-/brace-expansion-2.0.1.tgz 28363ms (cache miss)
2454 timing reifyNode:node_modules/ignore-walk/node_modules/brace-expansion Completed in 31141ms
2455 http fetch GET 200 https://registry.npmjs.org/split2/-/split2-4.2.0.tgz 28404ms (cache miss)
2456 timing reifyNode:node_modules/pino-abstract-transport/node_modules/split2 Completed in 31160ms
2457 http fetch GET 200 https://registry.npmjs.org/nopt/-/nopt-7.2.0.tgz 28380ms (cache miss)
2458 timing reifyNode:node_modules/js-beautify/node_modules/nopt Completed in 31154ms
2459 http fetch GET 200 https://registry.npmjs.org/fs-minipass/-/fs-minipass-3.0.3.tgz 28423ms (cache miss)
2460 timing reifyNode:node_modules/pacote/node_modules/fs-minipass Completed in 31180ms
2461 http fetch GET 200 https://registry.npmjs.org/glob-parent/-/glob-parent-5.1.2.tgz 28379ms (cache miss)
2462 timing reifyNode:node_modules/fast-glob/node_modules/glob-parent Completed in 31163ms
2463 http fetch GET 200 https://registry.npmjs.org/camelcase/-/camelcase-6.3.0.tgz 28415ms (cache miss)
2464 timing reifyNode:node_modules/jest-validate/node_modules/camelcase Completed in 31191ms
2465 http fetch GET 200 https://registry.npmjs.org/jest-matcher-utils/-/jest-matcher-utils-29.7.0.tgz 28902ms (cache miss)
2466 timing reifyNode:node_modules/jest-matcher-utils Completed in 31197ms
2467 http fetch GET 200 https://registry.npmjs.org/pug-lexer/-/pug-lexer-5.0.1.tgz 29080ms (cache miss)
2468 timing reifyNode:node_modules/pug-lexer Completed in 31223ms
2469 http fetch GET 200 https://registry.npmjs.org/nopt/-/nopt-6.0.0.tgz 28459ms (cache miss)
2470 timing reifyNode:node_modules/node-gyp/node_modules/nopt Completed in 31230ms
2471 http fetch GET 200 https://registry.npmjs.org/negotiator/-/negotiator-0.6.3.tgz 29018ms (cache miss)
2472 timing reifyNode:node_modules/negotiator Completed in 31236ms
2473 http fetch GET 200 https://registry.npmjs.org/semver-utils/-/semver-utils-1.1.4.tgz 29220ms (cache miss)
2474 timing reifyNode:node_modules/semver-utils Completed in 31265ms
2475 http fetch GET 200 https://registry.npmjs.org/@types/babel__core/-/babel__core-7.20.5.tgz 28646ms (cache miss)
2476 timing reifyNode:node_modules/@types/babel__core Completed in 31217ms
2477 http fetch GET 200 https://registry.npmjs.org/test-exclude/-/test-exclude-6.0.0.tgz 29284ms (cache miss)
2478 timing reifyNode:node_modules/test-exclude Completed in 31289ms
2479 http fetch GET 200 https://registry.npmjs.org/on-exit-leak-free/-/on-exit-leak-free-2.1.2.tgz 29092ms (cache miss)
2480 http fetch GET 200 https://registry.npmjs.org/rc/-/rc-1.2.8.tgz 29157ms (cache miss)
2481 timing reifyNode:node_modules/rc Completed in 31299ms
2482 http fetch GET 200 https://registry.npmjs.org/@webassemblyjs/wasm-edit/-/wasm-edit-1.12.1.tgz 28744ms (cache miss)
2483 timing reifyNode:node_modules/@webassemblyjs/wasm-edit Completed in 31288ms
2484 http fetch GET 200 https://registry.npmjs.org/acorn-jsx/-/acorn-jsx-5.3.2.tgz 28779ms (cache miss)
2485 timing reifyNode:node_modules/acorn-jsx Completed in 31308ms
2486 http fetch GET 200 https://registry.npmjs.org/color-convert/-/color-convert-2.0.1.tgz 28832ms (cache miss)
2487 timing reifyNode:node_modules/color-convert Completed in 31320ms
2488 http fetch GET 200 https://registry.npmjs.org/@webassemblyjs/wasm-gen/-/wasm-gen-1.12.1.tgz 28770ms (cache miss)
2489 timing reifyNode:node_modules/@webassemblyjs/wasm-gen Completed in 31313ms
2490 http fetch GET 200 https://registry.npmjs.org/string-width/-/string-width-5.1.2.tgz 28522ms (cache miss)
2491 timing reifyNode:node_modules/boxen/node_modules/string-width Completed in 31319ms
2492 http fetch GET 200 https://registry.npmjs.org/string-width/-/string-width-5.1.2.tgz 28503ms (cache miss)
2493 timing reifyNode:node_modules/@isaacs/cliui/node_modules/string-width Completed in 31307ms
2494 http fetch GET 200 https://registry.npmjs.org/ci-info/-/ci-info-3.3.2.tgz 28842ms (cache miss)
2495 timing reifyNode:node_modules/ci-info Completed in 31321ms
2496 http fetch GET 200 https://registry.npmjs.org/string-width/-/string-width-5.1.2.tgz 28649ms (cache miss)
2497 timing reifyNode:node_modules/wrap-ansi/node_modules/string-width Completed in 31376ms
2498 http fetch GET 200 https://registry.npmjs.org/supports-color/-/supports-color-8.1.1.tgz 28533ms (cache miss)
2499 timing reifyNode:node_modules/concurrently/node_modules/supports-color Completed in 31327ms
2500 http fetch GET 200 https://registry.npmjs.org/ansi-regex/-/ansi-regex-6.0.1.tgz 28650ms (cache miss)
2501 timing reifyNode:node_modules/wrap-ansi/node_modules/ansi-regex Completed in 31377ms
2502 http fetch GET 200 https://registry.npmjs.org/supports-color/-/supports-color-8.1.1.tgz 28573ms (cache miss)
2503 timing reifyNode:node_modules/jest-worker/node_modules/supports-color Completed in 31348ms
2504 http fetch GET 200 https://registry.npmjs.org/ansi-regex/-/ansi-regex-6.0.1.tgz 28587ms (cache miss)
2505 timing reifyNode:node_modules/npm-check-updates/node_modules/ansi-regex Completed in 31355ms
2506 http fetch GET 200 https://registry.npmjs.org/ansi-regex/-/ansi-regex-6.0.1.tgz 28522ms (cache miss)
2507 timing reifyNode:node_modules/boxen/node_modules/ansi-regex Completed in 31325ms
2508 http fetch GET 200 https://registry.npmjs.org/ansi-regex/-/ansi-regex-6.0.1.tgz 28510ms (cache miss)
2509 timing reifyNode:node_modules/@isaacs/cliui/node_modules/ansi-regex Completed in 31314ms
2510 http fetch GET 200 https://registry.npmjs.org/jsesc/-/jsesc-2.5.2.tgz 29134ms (cache miss)
2511 timing reifyNode:node_modules/jsesc Completed in 31409ms
2512 http fetch GET 200 https://registry.npmjs.org/is-bigint/-/is-bigint-1.0.4.tgz 29073ms (cache miss)
2513 timing reifyNode:node_modules/is-bigint Completed in 31405ms
2514 http fetch GET 200 https://registry.npmjs.org/flat-cache/-/flat-cache-3.2.0.tgz 29024ms (cache miss)
2515 timing reifyNode:node_modules/flat-cache Completed in 31400ms
2516 http fetch GET 200 https://registry.npmjs.org/lru-cache/-/lru-cache-6.0.0.tgz 28695ms (cache miss)
2517 timing reifyNode:node_modules/semver/node_modules/lru-cache Completed in 31441ms
2518 http fetch GET 200 https://registry.npmjs.org/strip-ansi/-/strip-ansi-7.1.0.tgz 28672ms (cache miss)
2519 timing reifyNode:node_modules/npm-check-updates/node_modules/strip-ansi Completed in 31431ms
2520 http fetch GET 200 https://registry.npmjs.org/color-convert/-/color-convert-1.9.3.tgz 28569ms (cache miss)
2521 timing reifyNode:node_modules/@babel/highlight/node_modules/color-convert Completed in 31388ms
2522 http fetch GET 200 https://registry.npmjs.org/globals/-/globals-11.12.0.tgz 28572ms (cache miss)
2523 timing reifyNode:node_modules/@babel/traverse/node_modules/globals Completed in 31398ms
2524 http fetch GET 200 https://registry.npmjs.org/depd/-/depd-1.1.2.tgz 28606ms (cache miss)
2525 timing reifyNode:node_modules/fastest-levenshtein Completed in 31589ms
2526 http fetch GET 200 https://registry.npmjs.org/safe-array-concat/-/safe-array-concat-1.1.2.tgz 29567ms (cache miss)
2527 timing reifyNode:node_modules/safe-array-concat Completed in 31622ms
2528 http fetch GET 200 https://registry.npmjs.org/function-bind/-/function-bind-1.1.2.tgz 29228ms (cache miss)
2529 timing reifyNode:node_modules/function-bind Completed in 31602ms
2530 http fetch GET 200 https://registry.npmjs.org/emittery/-/emittery-0.13.1.tgz 29164ms (cache miss)
2531 timing reifyNode:node_modules/emittery Completed in 31597ms
2532 http fetch GET 200 https://registry.npmjs.org/rc-config-loader/-/rc-config-loader-4.1.3.tgz 29518ms (cache miss)
2533 timing reifyNode:node_modules/rc-config-loader Completed in 31641ms
2534 http fetch GET 200 https://registry.npmjs.org/safe-buffer/-/safe-buffer-5.2.1.tgz 29596ms (cache miss)
2535 timing reifyNode:node_modules/safe-buffer Completed in 31653ms
2536 timing reifyNode:node_modules/spawn-please Completed in 31661ms
2537 timing reifyNode:node_modules/es-object-atoms Completed in 31636ms
2538 http fetch GET 200 https://registry.npmjs.org/linkify-it/-/linkify-it-4.0.1.tgz 29414ms (cache miss)
2539 timing reifyNode:node_modules/linkify-it Completed in 31666ms
2540 http fetch GET 200 https://registry.npmjs.org/safer-buffer/-/safer-buffer-2.1.2.tgz 29637ms (cache miss)
2541 timing reifyNode:node_modules/safer-buffer Completed in 31690ms
2542 http fetch GET 200 https://registry.npmjs.org/ssri/-/ssri-10.0.5.tgz 29674ms (cache miss)
2543 timing reifyNode:node_modules/ssri Completed in 31695ms
2544 timing reifyNode:node_modules/pg-cloudflare Completed in 31684ms
2545 http fetch GET 200 https://registry.npmjs.org/cookie/-/cookie-0.6.0.tgz 29237ms (cache miss)
2546 timing reifyNode:node_modules/cookie Completed in 31701ms
2547 http fetch GET 200 https://registry.npmjs.org/array-buffer-byte-length/-/array-buffer-byte-length-1.0.1.tgz 29176ms (cache miss)
2548 timing reifyNode:node_modules/array-buffer-byte-length Completed in 31696ms
2549 http fetch GET 200 https://registry.npmjs.org/jest-runner/-/jest-runner-29.7.0.tgz 29476ms (cache miss)
2550 timing reifyNode:node_modules/jest-runner Completed in 31766ms
2551 http fetch GET 200 https://registry.npmjs.org/@jest/test-result/-/test-result-29.7.0.tgz 29135ms (cache miss)
2552 timing reifyNode:node_modules/@jest/test-result Completed in 31736ms
2553 http fetch GET 200 https://registry.npmjs.org/globby/-/globby-11.1.0.tgz 29405ms (cache miss)
2554 timing reifyNode:node_modules/globby Completed in 31765ms
2555 http fetch GET 200 https://registry.npmjs.org/http-cache-semantics/-/http-cache-semantics-4.1.1.tgz 29417ms (cache miss)
2556 timing reifyNode:node_modules/http-cache-semantics Completed in 31769ms
2557 http fetch GET 200 https://registry.npmjs.org/is-data-view/-/is-data-view-1.0.1.tgz 29444ms (cache miss)
2558 timing reifyNode:node_modules/is-data-view Completed in 31773ms
2559 http fetch GET 200 https://registry.npmjs.org/is-date-object/-/is-date-object-1.0.5.tgz 29460ms (cache miss)
2560 timing reifyNode:node_modules/is-date-object Completed in 31795ms
2561 http fetch GET 200 https://registry.npmjs.org/hosted-git-info/-/hosted-git-info-6.1.1.tgz 29092ms (cache miss)
2562 timing reifyNode:node_modules/npm-package-arg/node_modules/hosted-git-info Completed in 31852ms
2563 http fetch GET 200 https://registry.npmjs.org/serialize-javascript 30190ms (cache miss)
2564 timing metavuln:packument:serialize-javascript Completed in 30190ms
2565 timing metavuln:load:security-advisory:serialize-javascript:1113686 Completed in 1ms
2566 timing metavuln:load:security-advisory:serialize-javascript:1115519 Completed in 0ms
2567 http fetch GET 200 https://registry.npmjs.org/tar-fs 30191ms (cache miss)
2568 timing metavuln:packument:tar-fs Completed in 30193ms
2569 timing metavuln:load:security-advisory:tar-fs:1109532 Completed in 1ms
2570 timing metavuln:load:security-advisory:tar-fs:1109543 Completed in 1ms
2571 timing metavuln:load:security-advisory:tar-fs:1109552 Completed in 1ms
2572 timing reifyNode:node_modules/toposort-class Completed in 31906ms
2573 http fetch GET 200 https://registry.npmjs.org/micromatch 30204ms (cache miss)
2574 timing metavuln:packument:micromatch Completed in 30206ms
2575 timing metavuln:load:security-advisory:micromatch:1098681 Completed in 1ms
2576 http fetch GET 200 https://registry.npmjs.org/js-cookie/-/js-cookie-3.0.5.tgz 29617ms (cache miss)
2577 timing reifyNode:node_modules/js-cookie Completed in 31893ms
2578 http fetch GET 200 https://registry.npmjs.org/es-define-property/-/es-define-property-1.0.0.tgz 29453ms (cache miss)
2579 timing reifyNode:node_modules/es-define-property Completed in 31878ms
2580 http fetch GET 200 https://registry.npmjs.org/set-function-name/-/set-function-name-2.0.2.tgz 29884ms (cache miss)
2581 timing reifyNode:node_modules/set-function-name Completed in 31924ms
2582 http fetch GET 200 https://registry.npmjs.org/side-channel/-/side-channel-1.0.6.tgz 29888ms (cache miss)
2583 timing reifyNode:node_modules/side-channel Completed in 31928ms
2584 http fetch GET 200 https://registry.npmjs.org/es-set-tostringtag/-/es-set-tostringtag-2.0.3.tgz 29469ms (cache miss)
2585 timing reifyNode:node_modules/es-set-tostringtag Completed in 31894ms
2586 http fetch GET 200 https://registry.npmjs.org/tar-stream/-/tar-stream-2.2.0.tgz 29928ms (cache miss)
2587 timing reifyNode:node_modules/tar-stream Completed in 31936ms
2588 http fetch GET 200 https://registry.npmjs.org/object-keys/-/object-keys-1.1.1.tgz 29706ms (cache miss)
2589 timing reifyNode:node_modules/object-keys Completed in 31926ms
2590 http fetch GET 200 https://registry.npmjs.org/mdurl/-/mdurl-1.0.1.tgz 29690ms (cache miss)
2591 timing reifyNode:node_modules/mdurl Completed in 31928ms
2592 timing reifyNode:node_modules/@humanwhocodes/module-importer Completed in 31904ms
2593 http fetch GET 200 https://registry.npmjs.org/@humanwhocodes/object-schema/-/object-schema-2.0.3.tgz 29298ms (cache miss)
2594 timing reifyNode:node_modules/@humanwhocodes/object-schema Completed in 31908ms
2595 http fetch GET 200 https://registry.npmjs.org/@babel/highlight/-/highlight-7.24.2.tgz 29266ms (cache miss)
2596 timing reifyNode:node_modules/@babel/highlight Completed in 31906ms
2597 http fetch GET 200 https://registry.npmjs.org/esutils/-/esutils-2.0.3.tgz 29538ms (cache miss)
2598 timing reifyNode:node_modules/esutils Completed in 31945ms
2599 http fetch GET 200 https://registry.npmjs.org/create-jest/-/create-jest-29.7.0.tgz 29480ms (cache miss)
2600 timing reifyNode:node_modules/create-jest Completed in 31943ms
2601 http fetch GET 200 https://registry.npmjs.org/deepmerge/-/deepmerge-4.3.1.tgz 29500ms (cache miss)
2602 timing reifyNode:node_modules/deepmerge Completed in 31950ms
2603 http fetch GET 200 https://registry.npmjs.org/are-we-there-yet/-/are-we-there-yet-3.0.1.tgz 29423ms (cache miss)
2604 timing reifyNode:node_modules/are-we-there-yet Completed in 31946ms
2605 http fetch GET 200 https://registry.npmjs.org/agent-base/-/agent-base-6.0.2.tgz 29418ms (cache miss)
2606 timing reifyNode:node_modules/agent-base Completed in 31945ms
2607 http fetch GET 200 https://registry.npmjs.org/diff-sequences/-/diff-sequences-29.6.3.tgz 29522ms (cache miss)
2608 timing reifyNode:node_modules/diff-sequences Completed in 31960ms
2609 http fetch GET 200 https://registry.npmjs.org/babel-plugin-istanbul/-/babel-plugin-istanbul-6.1.1.tgz 29449ms (cache miss)
2610 timing reifyNode:node_modules/babel-plugin-istanbul Completed in 31956ms
2611 http fetch GET 200 https://registry.npmjs.org/@babel/code-frame/-/code-frame-7.24.2.tgz 29287ms (cache miss)
2612 timing reifyNode:node_modules/@babel/code-frame Completed in 31949ms
2613 http fetch GET 200 https://registry.npmjs.org/@sigstore/bundle/-/bundle-1.1.0.tgz 29381ms (cache miss)
2614 http fetch GET 200 https://registry.npmjs.org/graceful-fs/-/graceful-fs-4.2.11.tgz 29292ms (cache miss)
2615 timing reifyNode:node_modules/webpack/node_modules/graceful-fs Completed in 32021ms
2616 http fetch GET 200 https://registry.npmjs.org/@jest/expect-utils/-/expect-utils-29.7.0.tgz 29369ms (cache miss)
2617 timing reifyNode:node_modules/@jest/expect-utils Completed in 31974ms
2618 http fetch GET 200 https://registry.npmjs.org/@jridgewell/sourcemap-codec/-/sourcemap-codec-1.4.15.tgz 29380ms (cache miss)
2619 timing reifyNode:node_modules/@jridgewell/sourcemap-codec Completed in 31977ms
2620 http fetch GET 200 https://registry.npmjs.org/has-proto/-/has-proto-1.0.3.tgz 29648ms (cache miss)
2621 timing reifyNode:node_modules/has-proto Completed in 32005ms
2622 http fetch GET 200 https://registry.npmjs.org/internal-slot/-/internal-slot-1.0.7.tgz 29675ms (cache miss)
2623 timing reifyNode:node_modules/internal-slot Completed in 32011ms
2624 http fetch GET 200 https://registry.npmjs.org/es6-weak-map/-/es6-weak-map-2.0.3.tgz 29593ms (cache miss)
2625 timing reifyNode:node_modules/es6-weak-map Completed in 32010ms
2626 http fetch GET 200 https://registry.npmjs.org/jest-watcher/-/jest-watcher-29.7.0.tgz 29737ms (cache miss)
2627 timing reifyNode:node_modules/jest-watcher Completed in 32027ms
2628 http fetch GET 200 https://registry.npmjs.org/is-weakref/-/is-weakref-1.0.2.tgz 29713ms (cache miss)
2629 timing reifyNode:node_modules/is-weakref Completed in 32025ms
2630 http fetch GET 200 https://registry.npmjs.org/is-number-object/-/is-number-object-1.0.7.tgz 29713ms (cache miss)
2631 timing reifyNode:node_modules/is-number-object Completed in 32029ms
2632 http fetch GET 200 https://registry.npmjs.org/file-entry-cache/-/file-entry-cache-6.0.1.tgz 29643ms (cache miss)
2633 timing reifyNode:node_modules/file-entry-cache Completed in 32026ms
2634 http fetch GET 200 https://registry.npmjs.org/@fastify/formbody/-/formbody-7.4.0.tgz 29393ms (cache miss)
2635 http fetch GET 200 https://registry.npmjs.org/@jridgewell/set-array/-/set-array-1.2.1.tgz 29418ms (cache miss)
2636 timing reifyNode:node_modules/@jridgewell/set-array Completed in 32016ms
2637 http fetch GET 200 https://registry.npmjs.org/json-schema-traverse/-/json-schema-traverse-1.0.0.tgz 29333ms (cache miss)
2638 timing reifyNode:node_modules/agentkeepalive/node_modules/depd Completed in 32043ms
2639 http fetch GET 200 https://registry.npmjs.org/minimatch/-/minimatch-5.1.6.tgz 29290ms (cache miss)
2640 timing reifyNode:node_modules/help-me/node_modules/minimatch Completed in 32067ms
2641 http fetch GET 200 https://registry.npmjs.org/js-yaml 30452ms (cache miss)
2642 timing metavuln:packument:js-yaml Completed in 30454ms
2643 timing metavuln:load:security-advisory:js-yaml:1112714 Completed in 1ms
2644 timing metavuln:load:security-advisory:js-yaml:1112715 Completed in 0ms
2645 http fetch GET 200 https://registry.npmjs.org/picomatch 30448ms (cache miss)
2646 timing metavuln:packument:picomatch Completed in 30448ms
2647 timing metavuln:load:security-advisory:picomatch:1115549 Completed in 0ms
2648 timing metavuln:load:security-advisory:picomatch:1115552 Completed in 1ms
2649 http fetch GET 200 https://registry.npmjs.org/editorconfig/-/editorconfig-1.0.4.tgz 29682ms (cache miss)
2650 timing reifyNode:node_modules/editorconfig Completed in 32115ms
2651 http fetch GET 200 https://registry.npmjs.org/get-symbol-description/-/get-symbol-description-1.0.2.tgz 29787ms (cache miss)
2652 timing reifyNode:node_modules/get-symbol-description Completed in 32154ms
2653 http fetch GET 200 https://registry.npmjs.org/object.fromentries/-/object.fromentries-2.0.8.tgz 29973ms (cache miss)
2654 timing reifyNode:node_modules/object.fromentries Completed in 32177ms
2655 http fetch GET 200 https://registry.npmjs.org/jsonparse/-/jsonparse-1.3.1.tgz 29907ms (cache miss)
2656 http fetch GET 200 https://registry.npmjs.org/mkdirp/-/mkdirp-1.0.4.tgz 29964ms (cache miss)
2657 timing reifyNode:node_modules/mkdirp Completed in 32186ms
2658 timing reifyNode:node_modules/on-exit-leak-free Completed in 32191ms
2659 http fetch GET 200 https://registry.npmjs.org/levn/-/levn-0.4.1.tgz 29933ms (cache miss)
2660 timing reifyNode:node_modules/levn Completed in 32188ms
2661 http fetch GET 200 https://registry.npmjs.org/cross-spawn/-/cross-spawn-7.0.3.tgz 29728ms (cache miss)
2662 timing reifyNode:node_modules/cross-spawn Completed in 32189ms
2663 http fetch GET 200 https://registry.npmjs.org/@pnpm/npm-conf/-/npm-conf-1.0.5.tgz 29631ms (cache miss)
2664 timing reifyNode:node_modules/@pnpm/npm-conf Completed in 32212ms
2665 http fetch GET 200 https://registry.npmjs.org/@fastify/fast-json-stringify-compiler/-/fast-json-stringify-compiler-4.3.0.tgz 29596ms (cache miss)
2666 http fetch GET 200 https://registry.npmjs.org/ipaddr.js/-/ipaddr.js-1.9.1.tgz 29915ms (cache miss)
2667 timing reifyNode:node_modules/ipaddr.js Completed in 32250ms
2668 http fetch GET 200 https://registry.npmjs.org/https-proxy-agent/-/https-proxy-agent-5.0.1.tgz 29909ms (cache miss)
2669 timing reifyNode:node_modules/https-proxy-agent Completed in 32259ms
2670 http fetch GET 200 https://registry.npmjs.org/is-boolean-object/-/is-boolean-object-1.1.2.tgz 29938ms (cache miss)
2671 timing reifyNode:node_modules/is-boolean-object Completed in 32268ms
2672 http fetch GET 200 https://registry.npmjs.org/@babel/helper-string-parser/-/helper-string-parser-7.24.1.tgz 29599ms (cache miss)
2673 timing reifyNode:node_modules/@babel/helper-string-parser Completed in 32240ms
2674 http fetch GET 200 https://registry.npmjs.org/@nodelib/fs.stat/-/fs.stat-2.0.5.tgz 29659ms (cache miss)
2675 http fetch GET 200 https://registry.npmjs.org/eslint-visitor-keys/-/eslint-visitor-keys-4.0.0.tgz 29501ms (cache miss)
2676 timing reifyNode:node_modules/espree/node_modules/eslint-visitor-keys Completed in 32283ms
2677 http fetch GET 200 https://registry.npmjs.org/globals/-/globals-13.24.0.tgz 29504ms (cache miss)
2678 timing reifyNode:node_modules/eslint/node_modules/globals Completed in 32306ms
2679 http fetch GET 200 https://registry.npmjs.org/prelude-ls/-/prelude-ls-1.2.1.tgz 30207ms (cache miss)
2680 timing reifyNode:node_modules/prelude-ls Completed in 32359ms
2681 http fetch GET 200 https://registry.npmjs.org/normalize-package-data/-/normalize-package-data-5.0.0.tgz 30145ms (cache miss)
2682 timing reifyNode:node_modules/normalize-package-data Completed in 32359ms
2683 http fetch GET 200 https://registry.npmjs.org/object.groupby/-/object.groupby-1.0.3.tgz 30202ms (cache miss)
2684 timing reifyNode:node_modules/object.groupby Completed in 32403ms
2685 http fetch GET 200 https://registry.npmjs.org/fastq/-/fastq-1.17.1.tgz 30020ms (cache miss)
2686 http fetch GET 200 https://registry.npmjs.org/asap/-/asap-2.0.6.tgz 29897ms (cache miss)
2687 timing reifyNode:node_modules/asap Completed in 32414ms
2688 http fetch GET 200 https://registry.npmjs.org/call-bind/-/call-bind-1.0.7.tgz 29935ms (cache miss)
2689 timing reifyNode:node_modules/call-bind Completed in 32421ms
2690 http fetch GET 200 https://registry.npmjs.org/available-typed-arrays/-/available-typed-arrays-1.0.7.tgz 29921ms (cache miss)
2691 timing reifyNode:node_modules/available-typed-arrays Completed in 32427ms
2692 timing reifyNode:node_modules/@sigstore/bundle Completed in 32427ms
2693 http fetch GET 200 https://registry.npmjs.org/ssri/-/ssri-8.0.1.tgz 29747ms (cache miss)
2694 timing reifyNode:node_modules/sqlite3/node_modules/ssri Completed in 32483ms
2695 http fetch GET 200 https://registry.npmjs.org/is-core-module/-/is-core-module-2.13.1.tgz 30145ms (cache miss)
2696 timing reifyNode:node_modules/is-core-module Completed in 32474ms
2697 http fetch GET 200 https://registry.npmjs.org/ignore/-/ignore-5.2.0.tgz 30132ms (cache miss)
2698 timing reifyNode:node_modules/ignore Completed in 32476ms
2699 http fetch GET 200 https://registry.npmjs.org/jest-cli/-/jest-cli-29.7.0.tgz 30178ms (cache miss)
2700 timing reifyNode:node_modules/jest-cli Completed in 32486ms
2701 http fetch GET 200 https://registry.npmjs.org/is-shared-array-buffer/-/is-shared-array-buffer-1.0.3.tgz 30174ms (cache miss)
2702 timing reifyNode:node_modules/is-shared-array-buffer Completed in 32489ms
2703 http fetch GET 200 https://registry.npmjs.org/@jridgewell/resolve-uri/-/resolve-uri-3.1.2.tgz 29870ms (cache miss)
2704 timing reifyNode:node_modules/@jridgewell/resolve-uri Completed in 32467ms
2705 http fetch GET 200 https://registry.npmjs.org/json-schema-traverse/-/json-schema-traverse-1.0.0.tgz 29744ms (cache miss)
2706 http fetch GET 200 https://registry.npmjs.org/json-schema-traverse/-/json-schema-traverse-1.0.0.tgz 29665ms (cache miss)
2707 http fetch GET 200 https://registry.npmjs.org/json-schema-traverse/-/json-schema-traverse-1.0.0.tgz 29680ms (cache miss)
2708 http fetch GET 200 https://registry.npmjs.org/json-schema-traverse/-/json-schema-traverse-1.0.0.tgz 29720ms (cache miss)
2709 http fetch GET 200 https://registry.npmjs.org/flatted 30868ms (cache miss)
2710 timing metavuln:packument:flatted Completed in 30868ms
2711 timing metavuln:load:security-advisory:flatted:1114526 Completed in 0ms
2712 timing metavuln:load:security-advisory:flatted:1115357 Completed in 0ms
2713 http fetch GET 200 https://registry.npmjs.org/es-errors/-/es-errors-1.3.0.tgz 30146ms (cache miss)
2714 http fetch GET 200 https://registry.npmjs.org/jest-each/-/jest-each-29.7.0.tgz 30307ms (cache miss)
2715 timing reifyNode:node_modules/jest-each Completed in 32605ms
2716 http fetch GET 200 https://registry.npmjs.org/postcss-value-parser/-/postcss-value-parser-4.2.0.tgz 30471ms (cache miss)
2717 timing reifyNode:node_modules/postcss-value-parser Completed in 32627ms
2718 http fetch GET 200 https://registry.npmjs.org/arraybuffer.prototype.slice/-/arraybuffer.prototype.slice-1.0.3.tgz 30115ms (cache miss)
2719 timing reifyNode:node_modules/arraybuffer.prototype.slice Completed in 32624ms
2720 http fetch GET 200 https://registry.npmjs.org/fast-content-type-parse/-/fast-content-type-parse-1.1.0.tgz 30242ms (cache miss)
2721 timing reifyNode:node_modules/@fastify/fast-json-stringify-compiler Completed in 32648ms
2722 http fetch GET 200 https://registry.npmjs.org/is-typed-array/-/is-typed-array-1.1.13.tgz 30376ms (cache miss)
2723 timing reifyNode:node_modules/is-typed-array Completed in 32691ms
2724 http fetch GET 200 https://registry.npmjs.org/is-symbol/-/is-symbol-1.0.4.tgz 30388ms (cache miss)
2725 timing reifyNode:node_modules/is-symbol Completed in 32704ms
2726 http fetch GET 200 https://registry.npmjs.org/fast-safe-stringify/-/fast-safe-stringify-2.1.1.tgz 30308ms (cache miss)
2727 timing reifyNode:node_modules/fast-safe-stringify Completed in 32699ms
2728 timing reifyNode:node_modules/@fastify/formbody Completed in 32675ms
2729 timing reifyNode:node_modules/schema-utils/node_modules/json-schema-traverse Completed in 32743ms
2730 http fetch GET 200 https://registry.npmjs.org/chalk/-/chalk-2.4.2.tgz 29871ms (cache miss)
2731 timing reifyNode:node_modules/@babel/highlight/node_modules/chalk Completed in 32691ms
2732 timing reifyNode:node_modules/objection/node_modules/json-schema-traverse Completed in 32739ms
2733 timing reifyNode:node_modules/@fastify/ajv-compiler/node_modules/json-schema-traverse Completed in 32717ms
2734 timing reifyNode:node_modules/ajv-formats/node_modules/json-schema-traverse Completed in 32731ms
2735 http fetch GET 200 https://registry.npmjs.org/agentkeepalive/-/agentkeepalive-4.2.1.tgz 30210ms (cache miss)
2736 timing reifyNode:node_modules/agentkeepalive Completed in 32736ms
2737 http fetch GET 200 https://registry.npmjs.org/objection-unique/-/objection-unique-1.2.2.tgz 30592ms (cache miss)
2738 timing reifyNode:node_modules/objection-unique Completed in 32788ms
2739 http fetch GET 200 https://registry.npmjs.org/minipass-fetch/-/minipass-fetch-3.0.4.tgz 30570ms (cache miss)
2740 timing reifyNode:node_modules/minipass-fetch Completed in 32796ms
2741 http fetch GET 200 https://registry.npmjs.org/pino-abstract-transport/-/pino-abstract-transport-1.2.0.tgz 30639ms (cache miss)
2742 http fetch GET 200 https://registry.npmjs.org/get-intrinsic/-/get-intrinsic-1.2.4.tgz 30430ms (cache miss)
2743 timing reifyNode:node_modules/get-intrinsic Completed in 32799ms
2744 http fetch GET 200 https://registry.npmjs.org/@types/babel__traverse/-/babel__traverse-7.20.5.tgz 30215ms (cache miss)
2745 timing reifyNode:node_modules/@types/babel__traverse Completed in 32787ms
2746 timing reifyNode:node_modules/jsonparse Completed in 32821ms
2747 http fetch GET 200 https://registry.npmjs.org/minipass/-/minipass-3.3.4.tgz 30609ms (cache miss)
2748 timing reifyNode:node_modules/minipass Completed in 32836ms
2749 timing reifyNode:node_modules/fastq Completed in 32836ms
2750 http fetch GET 200 https://registry.npmjs.org/@webassemblyjs/leb128/-/leb128-1.11.6.tgz 30372ms (cache miss)
2751 timing reifyNode:node_modules/@webassemblyjs/leb128 Completed in 32917ms
2752 http fetch GET 200 https://registry.npmjs.org/constantinople/-/constantinople-4.0.1.tgz 30463ms (cache miss)
2753 timing reifyNode:node_modules/constantinople Completed in 32926ms
2754 http fetch GET 200 https://registry.npmjs.org/close-with-grace/-/close-with-grace-1.1.0.tgz 30450ms (cache miss)
2755 timing reifyNode:node_modules/close-with-grace Completed in 32926ms
2756 http fetch GET 200 https://registry.npmjs.org/array.prototype.flat/-/array.prototype.flat-1.3.2.tgz 30411ms (cache miss)
2757 timing reifyNode:node_modules/array.prototype.flat Completed in 32922ms
2758 http fetch GET 200 https://registry.npmjs.org/emoji-regex/-/emoji-regex-9.2.2.tgz 30253ms (cache miss)
2759 timing reifyNode:node_modules/wrap-ansi/node_modules/emoji-regex Completed in 32980ms
2760 http fetch GET 200 https://registry.npmjs.org/@jest/types/-/types-29.6.3.tgz 30321ms (cache miss)
2761 timing reifyNode:node_modules/@jest/types Completed in 32920ms
2762 http fetch GET 200 https://registry.npmjs.org/is-callable/-/is-callable-1.2.7.tgz 30620ms (cache miss)
2763 timing reifyNode:node_modules/is-callable Completed in 32949ms
2764 http fetch GET 200 https://registry.npmjs.org/is-string/-/is-string-1.0.7.tgz 30640ms (cache miss)
2765 timing reifyNode:node_modules/is-string Completed in 32952ms
2766 http fetch GET 200 https://registry.npmjs.org/is-array-buffer/-/is-array-buffer-3.0.4.tgz 30620ms (cache miss)
2767 timing reifyNode:node_modules/is-array-buffer Completed in 32954ms
2768 timing reifyNode:node_modules/@nodelib/fs.stat Completed in 32927ms
2769 http fetch GET 200 https://registry.npmjs.org/minimatch/-/minimatch-5.1.6.tgz 30192ms (cache miss)
2770 timing reifyNode:node_modules/node-gyp/node_modules/cacache/node_modules/minimatch Completed in 32968ms
2771 http fetch GET 200 https://registry.npmjs.org/path-to-regexp 31299ms (cache miss)
2772 timing metavuln:packument:path-to-regexp Completed in 31300ms
2773 timing metavuln:load:security-advisory:path-to-regexp:1101846 Completed in 1ms
2774 timing reifyNode:node_modules/es-errors Completed in 32985ms
2775 http fetch GET 200 https://registry.npmjs.org/tarn/-/tarn-3.0.2.tgz 31026ms (cache miss)
2776 timing reifyNode:node_modules/tarn Completed in 33033ms
2777 http fetch GET 200 https://registry.npmjs.org/micromatch/-/micromatch-4.0.5.tgz 30796ms (cache miss)
2778 timing reifyNode:node_modules/micromatch Completed in 33031ms
2779 http fetch GET 200 https://registry.npmjs.org/fast-json-stable-stringify/-/fast-json-stable-stringify-2.1.0.tgz 30637ms (cache miss)
2780 timing reifyNode:node_modules/fast-json-stable-stringify Completed in 33031ms
2781 http fetch GET 200 https://registry.npmjs.org/@fastify/error/-/error-3.4.1.tgz 30393ms (cache miss)
2782 http fetch GET 200 https://registry.npmjs.org/@types/jest/-/jest-29.5.12.tgz 30475ms (cache miss)
2783 timing reifyNode:node_modules/@types/jest Completed in 33042ms
2784 http fetch GET 200 https://registry.npmjs.org/@types/yargs/-/yargs-17.0.32.tgz 30497ms (cache miss)
2785 timing reifyNode:node_modules/@types/yargs Completed in 33048ms
2786 http fetch GET 200 https://registry.npmjs.org/array.prototype.flatmap/-/array.prototype.flatmap-1.3.2.tgz 30533ms (cache miss)
2787 timing reifyNode:node_modules/array.prototype.flatmap Completed in 33053ms
2788 http fetch GET 200 https://registry.npmjs.org/@sigstore/tuf/-/tuf-1.0.3.tgz 30473ms (cache miss)
2789 timing reifyNode:node_modules/@sigstore/tuf Completed in 33054ms
2790 http fetch GET 200 https://registry.npmjs.org/@babel/helper-validator-identifier/-/helper-validator-identifier-7.22.20.tgz 30405ms (cache miss)
2791 timing reifyNode:node_modules/@babel/helper-validator-identifier Completed in 33046ms
2792 http fetch GET 200 https://registry.npmjs.org/@pnpm/network.ca-file/-/network.ca-file-1.0.1.tgz 30476ms (cache miss)
2793 http fetch GET 200 https://registry.npmjs.org/is-negative-zero/-/is-negative-zero-2.0.3.tgz 30775ms (cache miss)
2794 timing reifyNode:node_modules/is-negative-zero Completed in 33096ms
2795 http fetch GET 200 https://registry.npmjs.org/@humanwhocodes/config-array/-/config-array-0.11.14.tgz 30477ms (cache miss)
2796 timing reifyNode:node_modules/@humanwhocodes/config-array Completed in 33089ms
2797 timing reifyNode:node_modules/fast-json-stringify/node_modules/json-schema-traverse Completed in 33114ms
2798 http fetch GET 200 https://registry.npmjs.org/ssri/-/ssri-9.0.1.tgz 30366ms (cache miss)
2799 timing reifyNode:node_modules/node-gyp/node_modules/ssri Completed in 33136ms
2800 http fetch GET 200 https://registry.npmjs.org/pg-types/-/pg-types-2.2.0.tgz 31006ms (cache miss)
2801 timing reifyNode:node_modules/pg-types Completed in 33187ms
2802 timing reifyNode:node_modules/pino-abstract-transport Completed in 33189ms
2803 http fetch GET 200 https://registry.npmjs.org/secure-json-parse/-/secure-json-parse-2.7.0.tgz 31154ms (cache miss)
2804 http fetch GET 200 https://registry.npmjs.org/string.prototype.trimend/-/string.prototype.trimend-1.0.8.tgz 31197ms (cache miss)
2805 timing reifyNode:node_modules/string.prototype.trimend Completed in 33214ms
2806 http fetch GET 200 https://registry.npmjs.org/optionator/-/optionator-0.9.3.tgz 31011ms (cache miss)
2807 timing reifyNode:node_modules/optionator Completed in 33203ms
2808 http fetch GET 200 https://registry.npmjs.org/prebuild-install/-/prebuild-install-7.1.2.tgz 31059ms (cache miss)
2809 timing reifyNode:node_modules/prebuild-install Completed in 33211ms
2810 http fetch GET 200 https://registry.npmjs.org/timers-ext/-/timers-ext-0.1.7.tgz 31224ms (cache miss)
2811 http fetch GET 200 https://registry.npmjs.org/event-emitter/-/event-emitter-0.3.5.tgz 30799ms (cache miss)
2812 timing reifyNode:node_modules/fast-content-type-parse Completed in 33218ms
2813 http fetch GET 200 https://registry.npmjs.org/array-includes/-/array-includes-3.1.8.tgz 30695ms (cache miss)
2814 timing reifyNode:node_modules/array-includes Completed in 33215ms
2815 http fetch GET 200 https://registry.npmjs.org/chalk/-/chalk-4.1.2.tgz 30742ms (cache miss)
2816 timing reifyNode:node_modules/chalk Completed in 33224ms
2817 http fetch GET 200 https://registry.npmjs.org/debug/-/debug-4.3.4.tgz 30776ms (cache miss)
2818 timing reifyNode:node_modules/debug Completed in 33229ms
2819 http fetch GET 200 https://registry.npmjs.org/@ungap/structured-clone/-/structured-clone-1.2.0.tgz 30672ms (cache miss)
2820 timing reifyNode:node_modules/@ungap/structured-clone Completed in 33222ms
2821 http fetch GET 200 https://registry.npmjs.org/array.prototype.findlastindex/-/array.prototype.findlastindex-1.2.5.tgz 30709ms (cache miss)
2822 timing reifyNode:node_modules/array.prototype.findlastindex Completed in 33226ms
2823 http fetch GET 200 https://registry.npmjs.org/@ampproject/remapping/-/remapping-2.3.0.tgz 30563ms (cache miss)
2824 http fetch GET 200 https://registry.npmjs.org/@sindresorhus/is/-/is-5.3.0.tgz 30653ms (cache miss)
2825 timing reifyNode:node_modules/@sindresorhus/is Completed in 33233ms
2826 http fetch GET 200 https://registry.npmjs.org/istanbul-lib-source-maps/-/istanbul-lib-source-maps-4.0.1.tgz 30965ms (cache miss)
2827 timing reifyNode:node_modules/istanbul-lib-source-maps Completed in 33270ms
2828 http fetch GET 200 https://registry.npmjs.org/is-regex/-/is-regex-1.1.4.tgz 30957ms (cache miss)
2829 timing reifyNode:node_modules/is-regex Completed in 33272ms
2830 http fetch GET 200 https://registry.npmjs.org/has-tostringtag/-/has-tostringtag-1.0.2.tgz 30917ms (cache miss)
2831 timing reifyNode:node_modules/has-tostringtag Completed in 33272ms
2832 http fetch GET 200 https://registry.npmjs.org/fastify-plugin/-/fastify-plugin-4.2.0.tgz 30474ms (cache miss)
2833 http fetch GET 200 https://registry.npmjs.org/lodash 31663ms (cache miss)
2834 timing metavuln:packument:lodash Completed in 31665ms
2835 timing metavuln:load:security-advisory:lodash:1112455 Completed in 1ms
2836 http fetch GET 200 https://registry.npmjs.org/es6-symbol/-/es6-symbol-3.1.4.tgz 30945ms (cache miss)
2837 timing reifyNode:node_modules/es6-symbol Completed in 33364ms
2838 http fetch GET 200 https://registry.npmjs.org/semver/-/semver-6.3.1.tgz 30404ms (cache miss)
2839 timing reifyNode:node_modules/@babel/core/node_modules/semver Completed in 33341ms
2840 http fetch GET 200 https://registry.npmjs.org/retry/-/retry-0.12.0.tgz 31342ms (cache miss)
2841 http fetch GET 200 https://registry.npmjs.org/@sinonjs/fake-timers/-/fake-timers-10.3.0.tgz 30780ms (cache miss)
2842 timing reifyNode:node_modules/@sinonjs/fake-timers Completed in 33358ms
2843 http fetch GET 200 https://registry.npmjs.org/pug/-/pug-3.0.2.tgz 31275ms (cache miss)
2844 timing reifyNode:node_modules/pug Completed in 33418ms
2845 http fetch GET 200 https://registry.npmjs.org/browserslist/-/browserslist-4.23.0.tgz 30910ms (cache miss)
2846 timing reifyNode:node_modules/browserslist Completed in 33407ms
2847 http fetch GET 200 https://registry.npmjs.org/bl/-/bl-4.1.0.tgz 30923ms (cache miss)
2848 timing reifyNode:node_modules/bl Completed in 33424ms
2849 http fetch GET 200 https://registry.npmjs.org/minipass-fetch/-/minipass-fetch-1.4.1.tgz 30740ms (cache miss)
2850 timing reifyNode:node_modules/sqlite3/node_modules/minipass-fetch Completed in 33479ms
2851 http fetch GET 200 https://registry.npmjs.org/jest-mock/-/jest-mock-29.7.0.tgz 31173ms (cache miss)
2852 timing reifyNode:node_modules/jest-mock Completed in 33465ms
2853 http fetch GET 200 https://registry.npmjs.org/istanbul-lib-coverage/-/istanbul-lib-coverage-3.2.2.tgz 31164ms (cache miss)
2854 timing reifyNode:node_modules/istanbul-lib-coverage Completed in 33473ms
2855 http fetch GET 200 https://registry.npmjs.org/@babel/compat-data/-/compat-data-7.24.4.tgz 30785ms (cache miss)
2856 timing reifyNode:node_modules/@babel/compat-data Completed in 33437ms
2857 http fetch GET 200 https://registry.npmjs.org/@babel/helper-module-imports/-/helper-module-imports-7.24.3.tgz 30802ms (cache miss)
2858 timing reifyNode:node_modules/@babel/helper-module-imports Completed in 33446ms
2859 http fetch GET 200 https://registry.npmjs.org/minipass-fetch/-/minipass-fetch-2.1.2.tgz 30743ms (cache miss)
2860 timing reifyNode:node_modules/node-gyp/node_modules/minipass-fetch Completed in 33514ms
2861 http fetch GET 200 https://registry.npmjs.org/glob/-/glob-8.1.0.tgz 30728ms (cache miss)
2862 timing reifyNode:node_modules/help-me/node_modules/glob Completed in 33507ms
2863 http fetch GET 200 https://registry.npmjs.org/globalthis/-/globalthis-1.0.3.tgz 31155ms (cache miss)
2864 timing reifyNode:node_modules/globalthis Completed in 33527ms
2865 http fetch GET 200 https://registry.npmjs.org/tuf-js/-/tuf-js-1.1.7.tgz 31566ms (cache miss)
2866 timing reifyNode:node_modules/tuf-js Completed in 33564ms
2867 http fetch GET 200 https://registry.npmjs.org/markdown-it 31862ms (cache miss)
2868 timing metavuln:packument:markdown-it Completed in 31864ms
2869 timing metavuln:load:security-advisory:markdown-it:1113190 Completed in 1ms
2870 http fetch GET 200 https://registry.npmjs.org/string.prototype.trimstart/-/string.prototype.trimstart-1.0.8.tgz 31566ms (cache miss)
2871 timing reifyNode:node_modules/string.prototype.trimstart Completed in 33590ms
2872 http fetch GET 200 https://registry.npmjs.org/string.prototype.trim/-/string.prototype.trim-1.2.9.tgz 31581ms (cache miss)
2873 timing reifyNode:node_modules/string.prototype.trim Completed in 33598ms
2874 timing reifyNode:node_modules/@fastify/error Completed in 33549ms
2875 http fetch GET 200 https://registry.npmjs.org/@npmcli/fs/-/fs-3.1.0.tgz 30965ms (cache miss)
2876 timing reifyNode:node_modules/@npmcli/fs Completed in 33560ms
2877 http fetch GET 200 https://registry.npmjs.org/es6-iterator/-/es6-iterator-2.0.3.tgz 31162ms (cache miss)
2878 http fetch GET 200 https://registry.npmjs.org/fastify-plugin/-/fastify-plugin-3.0.1.tgz 31203ms (cache miss)
2879 timing reifyNode:node_modules/@ampproject/remapping Completed in 33580ms
2880 http fetch GET 200 https://registry.npmjs.org/emoji-regex/-/emoji-regex-9.2.2.tgz 30921ms (cache miss)
2881 timing reifyNode:node_modules/widest-line/node_modules/emoji-regex Completed in 33650ms
2882 http fetch GET 200 https://registry.npmjs.org/emoji-regex/-/emoji-regex-9.2.2.tgz 30800ms (cache miss)
2883 timing reifyNode:node_modules/boxen/node_modules/emoji-regex Completed in 33598ms
2884 http fetch GET 200 https://registry.npmjs.org/emoji-regex/-/emoji-regex-9.2.2.tgz 30781ms (cache miss)
2885 timing reifyNode:node_modules/@isaacs/cliui/node_modules/emoji-regex Completed in 33586ms
2886 timing reifyNode:node_modules/@pnpm/network.ca-file Completed in 33592ms
2887 http fetch GET 200 https://registry.npmjs.org/commander/-/commander-2.20.3.tgz 30918ms (cache miss)
2888 timing reifyNode:node_modules/terser/node_modules/commander Completed in 33649ms
2889 http fetch GET 200 https://registry.npmjs.org/json-schema-ref-resolver/-/json-schema-ref-resolver-1.0.1.tgz 31371ms (cache miss)
2890 timing reifyNode:node_modules/json-schema-ref-resolver Completed in 33641ms
2891 http fetch GET 200 https://registry.npmjs.org/inflection/-/inflection-1.13.4.tgz 31308ms (cache miss)
2892 timing reifyNode:node_modules/inflection Completed in 33646ms
2893 http fetch GET 200 https://registry.npmjs.org/@jest/transform/-/transform-29.7.0.tgz 31021ms (cache miss)
2894 timing reifyNode:node_modules/@jest/transform Completed in 33619ms
2895 http fetch GET 200 https://registry.npmjs.org/@jridgewell/gen-mapping/-/gen-mapping-0.3.5.tgz 31022ms (cache miss)
2896 timing reifyNode:node_modules/@jridgewell/gen-mapping Completed in 33621ms
2897 http fetch GET 200 https://registry.npmjs.org/fastify-plugin/-/fastify-plugin-2.3.4.tgz 30887ms (cache miss)
2898 http fetch GET 200 https://registry.npmjs.org/path-to-regexp/-/path-to-regexp-6.2.1.tgz 31545ms (cache miss)
2899 timing reifyNode:node_modules/path-to-regexp Completed in 33719ms
2900 http fetch GET 200 https://registry.npmjs.org/sequelize-pool/-/sequelize-pool-7.1.0.tgz 31685ms (cache miss)
2901 timing reifyNode:node_modules/sequelize-pool Completed in 33730ms
2902 timing reifyNode:node_modules/secure-json-parse Completed in 33729ms
2903 timing reifyNode:node_modules/timers-ext Completed in 33752ms
2904 http fetch GET 200 https://registry.npmjs.org/mime-db/-/mime-db-1.52.0.tgz 31500ms (cache miss)
2905 timing reifyNode:node_modules/mime-db Completed in 33731ms
2906 timing reifyNode:node_modules/event-emitter Completed in 33731ms
2907 http fetch GET 200 https://registry.npmjs.org/regexp.prototype.flags/-/regexp.prototype.flags-1.5.2.tgz 31643ms (cache miss)
2908 timing reifyNode:node_modules/regexp.prototype.flags Completed in 33762ms
2909 http fetch GET 200 https://registry.npmjs.org/@npmcli/run-script/-/run-script-6.0.2.tgz 31171ms (cache miss)
2910 timing reifyNode:node_modules/@npmcli/run-script Completed in 33753ms
2911 http fetch GET 200 https://registry.npmjs.org/jest-runtime/-/jest-runtime-29.7.0.tgz 31505ms (cache miss)
2912 timing reifyNode:node_modules/jest-runtime Completed in 33793ms
2913 http fetch GET 200 https://registry.npmjs.org/istanbul-lib-instrument/-/istanbul-lib-instrument-6.0.2.tgz 31491ms (cache miss)
2914 timing reifyNode:node_modules/istanbul-lib-instrument Completed in 33798ms
2915 http fetch GET 200 https://registry.npmjs.org/glob/-/glob-7.2.3.tgz 31083ms (cache miss)
2916 timing reifyNode:node_modules/rimraf/node_modules/glob Completed in 33829ms
2917 http fetch GET 200 https://registry.npmjs.org/globals/-/globals-14.0.0.tgz 30913ms (cache miss)
2918 timing reifyNode:node_modules/@eslint/eslintrc/node_modules/globals Completed in 33778ms
2919 http fetch GET 200 https://registry.npmjs.org/minipass/-/minipass-5.0.0.tgz 31072ms (cache miss)
2920 timing reifyNode:node_modules/pacote/node_modules/minipass Completed in 33829ms
2921 timing reifyNode:node_modules/@fastify/view/node_modules/fastify-plugin Completed in 33784ms
2922 timing reifyNode:node_modules/fastify-error-page/node_modules/fastify-plugin Completed in 33820ms
2923 timing metavuln:cache:put:security-advisory:cookie:EFt7h/FZLeopARa06+F2CBY5ItUm007mP/cHgZjTJZX1MeIwg3JD7toSioRoDeE8wm5VdkimqlS+CnuPhZqbIg== Completed in 3982ms
2924 timing metavuln:calculate:security-advisory:cookie:1103907 Completed in 32170ms
2925 timing metavuln:cache:put:security-advisory:braces:JiXBFkEDkUnBQLw3PO6emUmmm2JXqgEbh+FhB3SNDS8k6Z0wM20irrfaOjjxYuMxZaKaDudvR037mtEoeqZzXw== Completed in 3974ms
2926 timing metavuln:calculate:security-advisory:braces:1098094 Completed in 32177ms
2927 timing metavuln:cache:put:security-advisory:@tootallnate/once:Bij+qufwr7God+MYI0JIFJYEDFT3IlGllIhDaMb6DB6UZOYpGBBfXc1Jq59Wdg/M2NdGRUO2+zYnIEZHW42YDw== Completed in 3972ms
2928 timing metavuln:calculate:security-advisory:@tootallnate/once:1113977 Completed in 32191ms
2929 timing reifyNode:node_modules/retry Completed in 33891ms
2930 http fetch GET 200 https://registry.npmjs.org/nanoid/-/nanoid-3.3.7.tgz 31662ms (cache miss)
2931 timing reifyNode:node_modules/nanoid Completed in 33883ms
2932 http fetch GET 200 https://registry.npmjs.org/es-to-primitive/-/es-to-primitive-1.2.1.tgz 31452ms (cache miss)
2933 timing reifyNode:node_modules/es-to-primitive Completed in 33872ms
2934 timing metavuln:cache:put:security-advisory:dottie:0ACVlgh2XixrZ76V6Aw4AGmXe/vScI8AGIUQKFGZaYZxp4MyNabKSDBfLcT9XlERSFeHYQ9hiMRtZaHo1b3mTw== Completed in 3926ms
2935 timing metavuln:calculate:security-advisory:dottie:1113536 Completed in 32218ms
2936 http fetch GET 200 https://registry.npmjs.org/source-map-support/-/source-map-support-0.5.13.tgz 31890ms (cache miss)
2937 timing reifyNode:node_modules/source-map-support Completed in 33916ms
2938 http fetch GET 200 https://registry.npmjs.org/execa/-/execa-5.1.1.tgz 31494ms (cache miss)
2939 timing reifyNode:node_modules/execa Completed in 33898ms
2940 http fetch GET 200 https://registry.npmjs.org/cli-table3/-/cli-table3-0.6.4.tgz 31422ms (cache miss)
2941 timing reifyNode:node_modules/cli-table3 Completed in 33900ms
2942 http fetch GET 200 https://registry.npmjs.org/has-symbols/-/has-symbols-1.0.3.tgz 31584ms (cache miss)
2943 timing reifyNode:node_modules/has-symbols Completed in 33939ms
2944 http fetch GET 200 https://registry.npmjs.org/jest-validate/-/jest-validate-29.7.0.tgz 31666ms (cache miss)
2945 timing reifyNode:node_modules/jest-validate Completed in 33953ms
2946 http fetch GET 200 https://registry.npmjs.org/human-signals/-/human-signals-2.1.0.tgz 31595ms (cache miss)
2947 timing reifyNode:node_modules/human-signals Completed in 33952ms
2948 http fetch GET 200 https://registry.npmjs.org/@npmcli/git/-/git-4.1.0.tgz 31345ms (cache miss)
2949 timing reifyNode:node_modules/@npmcli/git Completed in 33938ms
2950 http fetch GET 200 https://registry.npmjs.org/fastify-plugin/-/fastify-plugin-4.2.0.tgz 31122ms (cache miss)
2951 timing reifyNode:node_modules/@fastify/static/node_modules/fastify-plugin Completed in 33942ms
2952 http fetch GET 200 https://registry.npmjs.org/process-warning/-/process-warning-3.0.0.tgz 31884ms (cache miss)
2953 http fetch GET 200 https://registry.npmjs.org/semver/-/semver-6.3.1.tgz 31232ms (cache miss)
2954 timing reifyNode:node_modules/eslint-plugin-import/node_modules/semver Completed in 34012ms
2955 http fetch GET 200 https://registry.npmjs.org/semver/-/semver-6.3.1.tgz 31199ms (cache miss)
2956 timing reifyNode:node_modules/babel-plugin-istanbul/node_modules/semver Completed in 34003ms
2957 http fetch GET 200 https://registry.npmjs.org/semver/-/semver-6.3.1.tgz 31164ms (cache miss)
2958 timing reifyNode:node_modules/@babel/helper-compilation-targets/node_modules/semver Completed in 33988ms
2959 http fetch GET 200 https://registry.npmjs.org/semver/-/semver-6.3.1.tgz 31222ms (cache miss)
2960 timing reifyNode:node_modules/eslint-config-airbnb-base/node_modules/semver Completed in 34015ms
2961 http fetch GET 200 https://registry.npmjs.org/npm-registry-fetch/-/npm-registry-fetch-14.0.5.tgz 31846ms (cache miss)
2962 timing reifyNode:node_modules/npm-registry-fetch Completed in 34054ms
2963 http fetch GET 200 https://registry.npmjs.org/object.values/-/object.values-1.2.0.tgz 31855ms (cache miss)
2964 timing reifyNode:node_modules/object.values Completed in 34056ms
2965 timing reifyNode:node_modules/es6-iterator Completed in 34050ms
2966 timing reifyNode:node_modules/fastify-plugin Completed in 34055ms
2967 http fetch GET 200 https://registry.npmjs.org/function.prototype.name/-/function.prototype.name-1.1.6.tgz 31688ms (cache miss)
2968 timing reifyNode:node_modules/function.prototype.name Completed in 34061ms
2969 http fetch GET 200 https://registry.npmjs.org/braces/-/braces-3.0.2.tgz 31558ms (cache miss)
2970 timing reifyNode:node_modules/braces Completed in 34057ms
2971 http fetch GET 200 https://registry.npmjs.org/@nodelib/fs.scandir/-/fs.scandir-2.1.5.tgz 31472ms (cache miss)
2972 http fetch GET 200 https://registry.npmjs.org/istanbul-lib-report/-/istanbul-lib-report-3.0.1.tgz 31796ms (cache miss)
2973 timing reifyNode:node_modules/istanbul-lib-report Completed in 34105ms
2974 http fetch GET 200 https://registry.npmjs.org/glob/-/glob-8.1.0.tgz 31360ms (cache miss)
2975 timing reifyNode:node_modules/node-gyp/node_modules/cacache/node_modules/glob Completed in 34138ms
2976 timing metavuln:cache:put:security-advisory:brace-expansion:mClmYqWawCNXseeTBHWiIwZH/2CmFUqPCmosJIeOhAgD9z1v3SayhHAwaWVo8wmeKU/JN9VP4zDBeXaqy3Ay2A== Completed in 3540ms
2977 timing metavuln:calculate:security-advisory:brace-expansion:1105444 Completed in 32481ms
2978 http fetch GET 200 https://registry.npmjs.org/eslint-scope/-/eslint-scope-5.1.1.tgz 31454ms (cache miss)
2979 timing reifyNode:node_modules/webpack/node_modules/eslint-scope Completed in 34183ms
2980 timing metavuln:cache:put:security-advisory:brace-expansion:kIHgu1L8zIy7pY0wp6wYzUm7tst3xTM2tiSYrstcGK/XsO7o4p6zyuUSjq93oH1dvU2tbEvlSW+gaNbGIbeudw== Completed in 3542ms
2981 timing metavuln:calculate:security-advisory:brace-expansion:1115540 Completed in 32484ms
2982 timing metavuln:cache:put:security-advisory:brace-expansion:ZHzAtnciS42HIMtUGajCifTIrkCUkWb93u/V1lJEt9HzdJ+ypMofn/dKgSOaziPQj+WGAcGS7t7WdPUHJBz0LA== Completed in 3542ms
2983 timing metavuln:calculate:security-advisory:brace-expansion:1115541 Completed in 32485ms
2984 http fetch GET 200 https://registry.npmjs.org/object.entries/-/object.entries-1.1.8.tgz 31976ms (cache miss)
2985 timing reifyNode:node_modules/object.entries Completed in 34179ms
2986 http fetch GET 200 https://registry.npmjs.org/mime/-/mime-3.0.0.tgz 31950ms (cache miss)
2987 timing reifyNode:node_modules/mime Completed in 34183ms
2988 http fetch GET 200 https://registry.npmjs.org/sprintf-js/-/sprintf-js-1.0.3.tgz 32191ms (cache miss)
2989 timing reifyNode:node_modules/sprintf-js Completed in 34213ms
2990 timing metavuln:cache:put:security-advisory:pug-code-gen:jYtA+ua4XfswkuObBtnwWn2fYvQUK4ca+Iv1+bqgs4mXRLiX4zUdwwNSawL0T4CvKtEq8q6TFgvFydQ8OKg+/Q== Completed in 3503ms
2991 timing metavuln:calculate:security-advisory:pug-code-gen:1104107 Completed in 32512ms
2992 http fetch GET 200 https://registry.npmjs.org/@babel/helper-compilation-targets/-/helper-compilation-targets-7.23.6.tgz 31679ms (cache miss)
2993 timing reifyNode:node_modules/@babel/helper-compilation-targets Completed in 34324ms
2994 http fetch GET 200 https://registry.npmjs.org/debug/-/debug-3.2.7.tgz 31597ms (cache miss)
2995 timing reifyNode:node_modules/eslint-plugin-import/node_modules/debug Completed in 34381ms
2996 timing metavuln:cache:put:security-advisory:ip:FcMhhitnipE8n5zCPiVRq2NLRNmu7UZkoO9lrM5CRC/emGwY5wSoa1+q1Q1Z8SPpfXO9tzox/MNRv7luhyJvqg== Completed in 3515ms
2997 timing metavuln:calculate:security-advisory:ip:1101851 Completed in 32749ms
2998 timing metavuln:cache:put:security-advisory:ip:kueZWtHx2OlOfcgg7jCuzsMg1G+hSWSz46I4qS9A9YkI1yyLIkm6qmb9EAp6afwx9qKW96Z5AKmkLgtElUvJrg== Completed in 3517ms
2999 timing metavuln:calculate:security-advisory:ip:1114832 Completed in 32752ms
3000 timing metavuln:cache:put:security-advisory:cross-spawn:PBcc/5P1UEO/1Ba/jUNR65wOzs1wU0Y+m+OOSfB57dG5EajzjbqRMRm0l7MWqcJgHDYM5GoZ36Hm7qAYFlIH3A== Completed in 3519ms
3001 timing metavuln:calculate:security-advisory:cross-spawn:1104664 Completed in 32755ms
3002 timing reifyNode:node_modules/process-warning Completed in 34450ms
3003 http fetch GET 200 https://registry.npmjs.org/pino-std-serializers/-/pino-std-serializers-6.2.2.tgz 32284ms (cache miss)
3004 timing metavuln:cache:put:security-advisory:pug:q1QCNIb5doZm6I3eRGcu7TI0K8fyc7dAf2McLW9B8u9n+aVFF2mdYrDZecswkGEqvp/OYAJdtseKaRANUQq8pQ== Completed in 3515ms
3005 timing metavuln:calculate:security-advisory:pug:1104111 Completed in 32759ms
3006 http fetch GET 200 https://registry.npmjs.org/minimist/-/minimist-1.2.6.tgz 32215ms (cache miss)
3007 timing reifyNode:node_modules/minimist Completed in 34443ms
3008 http fetch GET 200 https://registry.npmjs.org/schema-utils/-/schema-utils-4.0.0.tgz 32420ms (cache miss)
3009 http fetch GET 200 https://registry.npmjs.org/tslib/-/tslib-2.6.2.tgz 32482ms (cache miss)
3010 timing reifyNode:node_modules/tslib Completed in 34489ms
3011 http fetch GET 200 https://registry.npmjs.org/ajv-formats/-/ajv-formats-2.1.1.tgz 31928ms (cache miss)
3012 timing reifyNode:node_modules/ajv-formats Completed in 34461ms
3013 http fetch GET 200 https://registry.npmjs.org/doctrine/-/doctrine-3.0.0.tgz 32037ms (cache miss)
3014 timing reifyNode:node_modules/doctrine Completed in 34474ms
3015 http fetch GET 200 https://registry.npmjs.org/buffer/-/buffer-5.7.1.tgz 31972ms (cache miss)
3016 timing reifyNode:node_modules/buffer Completed in 34469ms
3017 http fetch GET 200 https://registry.npmjs.org/json5/-/json5-1.0.2.tgz 31797ms (cache miss)
3018 timing reifyNode:node_modules/tsconfig-paths/node_modules/json5 Completed in 34526ms
3019 http fetch GET 200 https://registry.npmjs.org/glob/-/glob-7.2.3.tgz 31752ms (cache miss)
3020 timing reifyNode:node_modules/node-gyp/node_modules/glob Completed in 34527ms
3021 http fetch GET 200 https://registry.npmjs.org/glob/-/glob-7.2.3.tgz 31803ms (cache miss)
3022 timing reifyNode:node_modules/sqlite3/node_modules/glob Completed in 34544ms
3023 http fetch GET 200 https://registry.npmjs.org/glob/-/glob-7.2.3.tgz 31816ms (cache miss)
3024 timing reifyNode:node_modules/test-exclude/node_modules/glob Completed in 34548ms
3025 http fetch GET 200 https://registry.npmjs.org/glob/-/glob-7.2.3.tgz 31684ms (cache miss)
3026 timing reifyNode:node_modules/@jest/reporters/node_modules/glob Completed in 34491ms
3027 http fetch GET 200 https://registry.npmjs.org/glob/-/glob-7.2.3.tgz 31749ms (cache miss)
3028 timing reifyNode:node_modules/jest-config/node_modules/glob Completed in 34523ms
3029 http fetch GET 200 https://registry.npmjs.org/glob/-/glob-7.2.3.tgz 31744ms (cache miss)
3030 timing reifyNode:node_modules/jest-runtime/node_modules/glob Completed in 34525ms
3031 http fetch GET 200 https://registry.npmjs.org/buffer/-/buffer-6.0.3.tgz 31785ms (cache miss)
3032 timing reifyNode:node_modules/pino-abstract-transport/node_modules/buffer Completed in 34539ms
3033 http fetch GET 200 https://registry.npmjs.org/minipass/-/minipass-5.0.0.tgz 31770ms (cache miss)
3034 timing reifyNode:node_modules/npm-registry-fetch/node_modules/minipass Completed in 34538ms
3035 http fetch GET 200 https://registry.npmjs.org/minipass/-/minipass-5.0.0.tgz 31761ms (cache miss)
3036 timing reifyNode:node_modules/make-fetch-happen/node_modules/minipass Completed in 34535ms
3037 http fetch GET 200 https://registry.npmjs.org/make-fetch-happen/-/make-fetch-happen-10.2.1.tgz 31778ms (cache miss)
3038 timing reifyNode:node_modules/node-gyp/node_modules/make-fetch-happen Completed in 34552ms
3039 http fetch GET 200 https://registry.npmjs.org/terser-webpack-plugin/-/terser-webpack-plugin-5.3.10.tgz 32592ms (cache miss)
3040 timing reifyNode:node_modules/terser-webpack-plugin Completed in 34596ms
3041 http fetch GET 200 https://registry.npmjs.org/help-me/-/help-me-5.0.0.tgz 31777ms (cache miss)
3042 http fetch GET 200 https://registry.npmjs.org/tapable/-/tapable-2.2.1.tgz 32612ms (cache miss)
3043 timing reifyNode:node_modules/tapable Completed in 34622ms
3044 http fetch GET 200 https://registry.npmjs.org/babel-walk/-/babel-walk-3.0.0-canary-5.tgz 32089ms (cache miss)
3045 timing reifyNode:node_modules/babel-walk Completed in 34594ms
3046 http fetch GET 200 https://registry.npmjs.org/@webassemblyjs/wasm-parser/-/wasm-parser-1.12.1.tgz 32052ms (cache miss)
3047 timing reifyNode:node_modules/@webassemblyjs/wasm-parser Completed in 34591ms
3048 http fetch GET 200 https://registry.npmjs.org/source-map-support/-/source-map-support-0.5.21.tgz 31915ms (cache miss)
3049 timing reifyNode:node_modules/terser/node_modules/source-map-support Completed in 34652ms
3050 timing reifyNode:node_modules/@nodelib/fs.scandir Completed in 34599ms
3051 http fetch GET 200 https://registry.npmjs.org/globals/-/globals-15.0.0.tgz 32268ms (cache miss)
3052 timing reifyNode:node_modules/globals Completed in 34630ms
3053 http fetch GET 200 https://registry.npmjs.org/jest-resolve/-/jest-resolve-29.7.0.tgz 32358ms (cache miss)
3054 timing reifyNode:node_modules/jest-resolve Completed in 34646ms
3055 timing metavuln:cache:put:security-advisory:brace-expansion:7IQMvcVTr+svbh5KCx4Kl6FQKJ1GciM03BnJAve/5WYJjUeRzKAIrStVpfachbl3T6a7o8nYlQEVG6Ih0TNXRg== Completed in 4064ms
3056 timing metavuln:calculate:security-advisory:brace-expansion:1105443 Completed in 33007ms
3057 timing reifyNode:node_modules/pino-std-serializers Completed in 34700ms
3058 http fetch GET 200 https://registry.npmjs.org/gauge/-/gauge-4.0.4.tgz 32359ms (cache miss)
3059 timing reifyNode:node_modules/gauge Completed in 34730ms
3060 http fetch GET 200 https://registry.npmjs.org/jju/-/jju-1.4.0.tgz 32485ms (cache miss)
3061 timing reifyNode:node_modules/jju Completed in 34765ms
3062 http fetch GET 200 https://registry.npmjs.org/help-me/-/help-me-4.2.0.tgz 32412ms (cache miss)
3063 http fetch GET 200 https://registry.npmjs.org/@nodelib/fs.walk/-/fs.walk-1.2.8.tgz 32150ms (cache miss)
3064 http fetch GET 200 https://registry.npmjs.org/doctrine/-/doctrine-2.1.0.tgz 31984ms (cache miss)
3065 timing reifyNode:node_modules/eslint-plugin-import/node_modules/doctrine Completed in 34765ms
3066 http fetch GET 200 https://registry.npmjs.org/istanbul-lib-instrument/-/istanbul-lib-instrument-5.2.1.tgz 31952ms (cache miss)
3067 timing reifyNode:node_modules/babel-plugin-istanbul/node_modules/istanbul-lib-instrument Completed in 34756ms
3068 http fetch GET 200 https://registry.npmjs.org/minipass-sized/-/minipass-sized-1.0.3.tgz 32587ms (cache miss)
3069 timing reifyNode:node_modules/minipass-sized Completed in 34812ms
3070 timing metavuln:cache:put:security-advisory:serialize-javascript:VNhzhjSQJJPSfVWQUXMpEy6hsW23faurQllLlGbSJ7QrUHjncb9PKDTQYw8APRVBzMug+7YJc5EWXV6SYvPIiw== Completed in 2941ms
3071 timing metavuln:calculate:security-advisory:serialize-javascript:1113686 Completed in 33132ms
3072 timing metavuln:cache:put:security-advisory:serialize-javascript:YrpAzJikcaEK6U7y11zmmRITGnSTqoXdMRbxLiMf/nPn9B5sJrSY0SS0JQJpCtWZWBD1YeLrOPjFv5fBwOa8Rw== Completed in 2940ms
3073 timing metavuln:calculate:security-advisory:serialize-javascript:1115519 Completed in 33133ms
3074 timing metavuln:cache:put:security-advisory:tar-fs:cvuUIK3mvYU/u7TShVqDjuuoWy7Jgl2iyysqZzndeGLLwvbCDiePQ/rot9wwSNqpYc8yRaszF/7dU1Uelp1dUw== Completed in 2937ms
3075 timing metavuln:calculate:security-advisory:tar-fs:1109532 Completed in 33132ms
3076 timing metavuln:cache:put:security-advisory:tar-fs:1dRVXY1/KAgNRzluJejkcnnY74RNVCtUBdSLW4DLR6KPpPmll6CDT96fyxIYOX7Nsq4AChUF8ivPlQmppqQqYw== Completed in 2936ms
3077 timing metavuln:calculate:security-advisory:tar-fs:1109552 Completed in 33132ms
3078 timing metavuln:cache:put:security-advisory:tar-fs:Ix/Js08sk80rCM814qr/o6ab9zjh7+H8VVJui+xRbBltVjhzX21eodMzpIt77aC2gIFcrK8EEBkOSiDgsanD1w== Completed in 2938ms
3079 timing metavuln:calculate:security-advisory:tar-fs:1109543 Completed in 33133ms
3080 timing reifyNode:node_modules/schema-utils Completed in 34846ms
3081 http fetch GET 200 https://registry.npmjs.org/foreground-child/-/foreground-child-3.1.1.tgz 32474ms (cache miss)
3082 http fetch GET 200 https://registry.npmjs.org/espree/-/espree-10.0.1.tgz 32440ms (cache miss)
3083 timing reifyNode:node_modules/espree Completed in 34849ms
3084 http fetch GET 200 https://registry.npmjs.org/chokidar/-/chokidar-3.5.3.tgz 32374ms (cache miss)
3085 timing reifyNode:node_modules/chokidar Completed in 34856ms
3086 http fetch GET 200 https://registry.npmjs.org/jest-snapshot/-/jest-snapshot-29.7.0.tgz 32599ms (cache miss)
3087 timing reifyNode:node_modules/jest-snapshot Completed in 34899ms
3088 http fetch GET 200 https://registry.npmjs.org/debug/-/debug-3.2.7.tgz 32104ms (cache miss)
3089 timing reifyNode:node_modules/eslint-import-resolver-node/node_modules/debug Completed in 34898ms
3090 http fetch GET 200 https://registry.npmjs.org/debug/-/debug-3.2.7.tgz 32103ms (cache miss)
3091 timing reifyNode:node_modules/eslint-module-utils/node_modules/debug Completed in 34898ms
3092 http fetch GET 200 https://registry.npmjs.org/help-me/-/help-me-5.0.0.tgz 32179ms (cache miss)
3093 http fetch GET 200 https://registry.npmjs.org/jest-diff/-/jest-diff-29.7.0.tgz 32644ms (cache miss)
3094 timing reifyNode:node_modules/jest-diff Completed in 34943ms
3095 timing metavuln:cache:put:security-advisory:js-yaml:MQ5RokLIvrWmT8/NQU0dD+jQ+6pFslHlaXx1Z5q7mESITohR8AwLT525ddIc2KvKZYbB1p5yclW3kV4xeRYXEg== Completed in 2820ms
3096 timing metavuln:calculate:security-advisory:js-yaml:1112714 Completed in 33275ms
3097 timing metavuln:cache:put:security-advisory:picomatch:H8EHkZXRRUdil3DyUl8tc8lCQUliQzjc5H5D4llqFojH152sBqO1suz3XiNiRQT++wJdWkgXe/zFc/Bbrrz6ng== Completed in 2817ms
3098 timing metavuln:calculate:security-advisory:picomatch:1115552 Completed in 33267ms
3099 timing metavuln:cache:put:security-advisory:js-yaml:621IdjBdZEeVoUcjWGl1jXN0jFDGaf7dIQMeaPVKf5MxqYprJztiOC0OHOUPVoayh7Cq/fTC8L5CqEb98qlE7w== Completed in 2821ms
3100 timing metavuln:calculate:security-advisory:js-yaml:1112715 Completed in 33276ms
3101 timing metavuln:cache:put:security-advisory:picomatch:GSQ5ghUF1JWDKMssoydWDVRebjlPePRwktLhrdWzXCq5xeBXdo4Cm9HGHnH2b6P1Nq93YjwPmimVjAx6kge32A== Completed in 2823ms
3102 timing metavuln:calculate:security-advisory:picomatch:1115549 Completed in 33273ms
3103 timing metavuln:cache:put:security-advisory:micromatch:TlYHmS8BZBwkbsPHbTfH2/e91KJnOnqfC63ZoKdiRy+yt6biPd8BwjBdyfPUht1+ZO675I3Gg00RQPYaWiOm8Q== Completed in 3069ms
3104 timing metavuln:calculate:security-advisory:micromatch:1098681 Completed in 33276ms
3105 timing reifyNode:node_modules/fastify-cli/node_modules/pino-pretty/node_modules/help-me Completed in 34955ms
3106 http fetch GET 200 https://registry.npmjs.org/flatted/-/flatted-3.3.1.tgz 32609ms (cache miss)
3107 timing reifyNode:node_modules/flatted Completed in 34987ms
3108 http fetch GET 200 https://registry.npmjs.org/abort-controller/-/abort-controller-3.0.0.tgz 32443ms (cache miss)
3109 timing reifyNode:node_modules/abort-controller Completed in 34973ms
3110 http fetch GET 200 https://registry.npmjs.org/make-fetch-happen/-/make-fetch-happen-9.1.0.tgz 32289ms (cache miss)
3111 timing reifyNode:node_modules/sqlite3/node_modules/make-fetch-happen Completed in 35030ms
3112 http fetch GET 200 https://registry.npmjs.org/chalk/-/chalk-5.0.1.tgz 32309ms (cache miss)
3113 timing reifyNode:node_modules/update-notifier/node_modules/chalk Completed in 35041ms
3114 http fetch GET 200 https://registry.npmjs.org/buffer/-/buffer-6.0.3.tgz 32283ms (cache miss)
3115 timing reifyNode:node_modules/pino-pretty/node_modules/buffer Completed in 35040ms
3116 http fetch GET 200 https://registry.npmjs.org/buffer/-/buffer-6.0.3.tgz 32238ms (cache miss)
3117 timing reifyNode:node_modules/fastify-cli/node_modules/buffer Completed in 35018ms
3118 http fetch GET 200 https://registry.npmjs.org/ajv-formats/-/ajv-formats-3.0.1.tgz 32254ms (cache miss)
3119 timing reifyNode:node_modules/fast-json-stringify/node_modules/ajv-formats Completed in 35034ms
3120 http fetch GET 200 https://registry.npmjs.org/exit/-/exit-0.1.2.tgz 32693ms (cache miss)
3121 timing reifyNode:node_modules/exit Completed in 35093ms
3122 http fetch GET 200 https://registry.npmjs.org/source-map-support/-/source-map-support-0.5.21.tgz 32365ms (cache miss)
3123 timing reifyNode:node_modules/npm-check-updates/node_modules/source-map-support Completed in 35130ms
3124 timing reifyNode:node_modules/help-me Completed in 35128ms
3125 http fetch GET 200 https://registry.npmjs.org/@fastify/ajv-compiler/-/ajv-compiler-3.5.0.tgz 32473ms (cache miss)
3126 timing reifyNode:node_modules/@nodelib/fs.walk Completed in 35110ms
3127 http fetch GET 200 https://registry.npmjs.org/fastify-plugin/-/fastify-plugin-4.5.1.tgz 32300ms (cache miss)
3128 timing reifyNode:node_modules/@fastify/flash/node_modules/fastify-plugin Completed in 35113ms
3129 timing metavuln:cache:put:security-advisory:flatted:oa7V2KnuHnLCPcrXFvcQLRAa1NASGJm9yZ+B92xpfwxan7PZyVrZjYAHt6LB51PFfA2mM8KGE+VHR+U5X/2uZw== Completed in 2615ms
3130 timing metavuln:calculate:security-advisory:flatted:1114526 Completed in 33485ms
3131 timing metavuln:cache:put:security-advisory:flatted:uMG/3R828PE31LVzr7SnM2pFAXessH3XoRtonZYiGJtZfR5a//VWhmdMxy/RepstCydCDFxkci7fqEuzEvhnAA== Completed in 2617ms
3132 timing metavuln:calculate:security-advisory:flatted:1115357 Completed in 33486ms
3133 http fetch GET 200 https://registry.npmjs.org/chalk/-/chalk-5.3.0.tgz 32405ms (cache miss)
3134 timing reifyNode:node_modules/npm-check-updates/node_modules/chalk Completed in 35172ms
3135 http fetch GET 200 https://registry.npmjs.org/style-loader/-/style-loader-4.0.0.tgz 33195ms (cache miss)
3136 timing reifyNode:node_modules/style-loader Completed in 35205ms
3137 http fetch GET 200 https://registry.npmjs.org/object.assign/-/object.assign-4.1.5.tgz 32996ms (cache miss)
3138 timing reifyNode:node_modules/object.assign Completed in 35200ms
3139 timing reifyNode:node_modules/foreground-child Completed in 35194ms
3140 http fetch GET 200 https://registry.npmjs.org/fast-uri/-/fast-uri-2.3.0.tgz 32807ms (cache miss)
3141 http fetch GET 200 https://registry.npmjs.org/dotenv/-/dotenv-16.4.5.tgz 32770ms (cache miss)
3142 timing reifyNode:node_modules/dotenv Completed in 35205ms
3143 http fetch GET 200 https://registry.npmjs.org/jest-circus/-/jest-circus-29.7.0.tgz 32937ms (cache miss)
3144 timing reifyNode:node_modules/jest-circus Completed in 35240ms
3145 timing reifyNode:node_modules/pino-pretty/node_modules/help-me Completed in 35275ms
3146 http fetch GET 200 https://registry.npmjs.org/@npmcli/fs/-/fs-2.1.2.tgz 32499ms (cache miss)
3147 timing reifyNode:node_modules/node-gyp/node_modules/@npmcli/fs Completed in 35275ms
3148 http fetch GET 200 https://registry.npmjs.org/qs 33591ms (cache miss)
3149 timing metavuln:packument:qs Completed in 33595ms
3150 timing metavuln:load:security-advisory:qs:1113161 Completed in 1ms
3151 timing metavuln:load:security-advisory:qs:1113719 Completed in 2ms
3152 http fetch GET 200 https://registry.npmjs.org/pretty-format/-/pretty-format-29.7.0.tgz 33150ms (cache miss)
3153 timing reifyNode:node_modules/pretty-format Completed in 35299ms
3154 http fetch GET 200 https://registry.npmjs.org/es-module-lexer/-/es-module-lexer-1.5.0.tgz 32856ms (cache miss)
3155 timing reifyNode:node_modules/es-module-lexer Completed in 35282ms
3156 http fetch GET 200 https://registry.npmjs.org/shell-quote/-/shell-quote-1.8.1.tgz 33278ms (cache miss)
3157 timing reifyNode:node_modules/shell-quote Completed in 35327ms
3158 http fetch GET 200 https://registry.npmjs.org/@fastify/sensible/-/sensible-5.5.0.tgz 32670ms (cache miss)
3159 http fetch GET 200 https://registry.npmjs.org/eslint-module-utils/-/eslint-module-utils-2.8.1.tgz 32894ms (cache miss)
3160 http fetch GET 200 https://registry.npmjs.org/jest-util/-/jest-util-29.7.0.tgz 33063ms (cache miss)
3161 timing reifyNode:node_modules/jest-util Completed in 35350ms
3162 http fetch GET 200 https://registry.npmjs.org/lru-cache/-/lru-cache-7.18.3.tgz 32596ms (cache miss)
3163 timing reifyNode:node_modules/normalize-package-data/node_modules/lru-cache Completed in 35368ms
3164 http fetch GET 200 https://registry.npmjs.org/espree/-/espree-9.6.1.tgz 32571ms (cache miss)
3165 timing reifyNode:node_modules/eslint/node_modules/espree Completed in 35360ms
3166 timing metavuln:cache:put:security-advisory:path-to-regexp:TmkHz1g6xKc2pnDD1h6+ZDKMikxz0M1BBY/wyR9ER8446AKOUk6gXjoSR2douZ5enAllzNSKaynTW1H+LBi1CA== Completed in 2405ms
3167 timing metavuln:calculate:security-advisory:path-to-regexp:1101846 Completed in 33706ms
3168 http fetch GET 200 https://registry.npmjs.org/eslint-scope/-/eslint-scope-7.2.2.tgz 32993ms (cache miss)
3169 timing reifyNode:node_modules/eslint-scope Completed in 35404ms
3170 http fetch GET 200 https://registry.npmjs.org/cli-color/-/cli-color-2.0.4.tgz 32935ms (cache miss)
3171 timing reifyNode:node_modules/cli-color Completed in 35414ms
3172 http fetch GET 200 https://registry.npmjs.org/@one-ini/wasm/-/wasm-0.1.1.tgz 32822ms (cache miss)
3173 timing reifyNode:node_modules/@one-ini/wasm Completed in 35405ms
3174 http fetch GET 200 https://registry.npmjs.org/chalk/-/chalk-5.0.1.tgz 32613ms (cache miss)
3175 timing reifyNode:node_modules/boxen/node_modules/chalk Completed in 35416ms
3176 timing reifyNode:node_modules/@fastify/ajv-compiler Completed in 35417ms
3177 http fetch GET 200 https://registry.npmjs.org/@discoveryjs/json-ext/-/json-ext-0.5.7.tgz 32802ms (cache miss)
3178 timing reifyNode:node_modules/@discoveryjs/json-ext Completed in 35423ms
3179 http fetch GET 200 https://registry.npmjs.org/picomatch/-/picomatch-2.3.1.tgz 33332ms (cache miss)
3180 timing reifyNode:node_modules/picomatch Completed in 35500ms
3181 http fetch GET 200 https://registry.npmjs.org/smart-buffer/-/smart-buffer-4.2.0.tgz 33481ms (cache miss)
3182 timing reifyNode:node_modules/smart-buffer Completed in 35516ms
3183 http fetch GET 200 https://registry.npmjs.org/make-fetch-happen/-/make-fetch-happen-11.1.1.tgz 33260ms (cache miss)
3184 timing reifyNode:node_modules/make-fetch-happen Completed in 35506ms
3185 http fetch GET 200 https://registry.npmjs.org/expect/-/expect-29.7.0.tgz 33100ms (cache miss)
3186 timing reifyNode:node_modules/expect Completed in 35500ms
3187 timing reifyNode:node_modules/@fastify/sensible Completed in 35477ms
3188 timing reifyNode:node_modules/fast-uri Completed in 35503ms
3189 http fetch GET 200 https://registry.npmjs.org/form-data-encoder/-/form-data-encoder-2.1.0.tgz 33132ms (cache miss)
3190 http fetch GET 200 https://registry.npmjs.org/@pkgjs/parseargs/-/parseargs-0.11.0.tgz 32901ms (cache miss)
3191 timing reifyNode:node_modules/@pkgjs/parseargs Completed in 35502ms
3192 http fetch GET 200 https://registry.npmjs.org/@npmcli/fs/-/fs-1.1.1.tgz 32816ms (cache miss)
3193 timing reifyNode:node_modules/sqlite3/node_modules/@npmcli/fs Completed in 35558ms
3194 http fetch GET 200 https://registry.npmjs.org/@babel/template/-/template-7.24.0.tgz 32871ms (cache miss)
3195 timing reifyNode:node_modules/@babel/template Completed in 35499ms
3196 http fetch GET 200 https://registry.npmjs.org/@colors/colors/-/colors-1.5.0.tgz 32892ms (cache miss)
3197 timing reifyNode:node_modules/@colors/colors Completed in 35514ms
3198 http fetch GET 200 https://registry.npmjs.org/fastify-plugin/-/fastify-plugin-4.5.1.tgz 32708ms (cache miss)
3199 timing reifyNode:node_modules/@fastify/formbody/node_modules/fastify-plugin Completed in 35516ms
3200 http fetch GET 200 https://registry.npmjs.org/fastify-plugin/-/fastify-plugin-4.5.1.tgz 32764ms (cache miss)
3201 timing reifyNode:node_modules/fastify-objectionjs/node_modules/fastify-plugin Completed in 35543ms
3202 http fetch GET 200 https://registry.npmjs.org/fastify-plugin/-/fastify-plugin-4.5.1.tgz 32712ms (cache miss)
3203 timing reifyNode:node_modules/@fastify/sensible/node_modules/fastify-plugin Completed in 35519ms
3204 http fetch GET 200 https://registry.npmjs.org/fastify-plugin/-/fastify-plugin-4.5.1.tgz 32764ms (cache miss)
3205 timing reifyNode:node_modules/fastify-cli/node_modules/fastify-plugin Completed in 35543ms
3206 http fetch GET 200 https://registry.npmjs.org/fastify-plugin/-/fastify-plugin-4.5.1.tgz 32707ms (cache miss)
3207 timing reifyNode:node_modules/@fastify/cookie/node_modules/fastify-plugin Completed in 35519ms
3208 http fetch GET 200 https://registry.npmjs.org/fastify-plugin/-/fastify-plugin-4.5.1.tgz 32716ms (cache miss)
3209 timing reifyNode:node_modules/@fastify/secure-session/node_modules/fastify-plugin Completed in 35520ms
3210 http fetch GET 200 https://registry.npmjs.org/fastify-plugin/-/fastify-plugin-4.5.1.tgz 32765ms (cache miss)
3211 timing reifyNode:node_modules/fastify-method-override/node_modules/fastify-plugin Completed in 35547ms
3212 http fetch GET 200 https://registry.npmjs.org/glob 33890ms (cache miss)
3213 timing metavuln:packument:glob Completed in 33891ms
3214 timing metavuln:load:security-advisory:glob:1109842 Completed in 1ms
3215 timing metavuln:cache:put:security-advisory:lodash:OGNA5lR8rR8aeucWHqvJLBV5oaroI/lF2JfG9J2l63dx9uiGUyHuI4ymC6nv+dqWwxtqCIMcqBukiWYEiF5/RQ== Completed in 2228ms
3216 timing metavuln:calculate:security-advisory:lodash:1112455 Completed in 33895ms
3217 http fetch GET 200 https://registry.npmjs.org/sonic-boom/-/sonic-boom-3.8.1.tgz 33588ms (cache miss)
3218 timing reifyNode:node_modules/sonic-boom Completed in 35615ms
3219 http fetch GET 200 https://registry.npmjs.org/pg/-/pg-8.11.5.tgz 33442ms (cache miss)
3220 timing reifyNode:node_modules/pg Completed in 35614ms
3221 timing reifyNode:node_modules/eslint-module-utils Completed in 35592ms
3222 http fetch GET 200 https://registry.npmjs.org/pg-pool/-/pg-pool-3.6.2.tgz 33505ms (cache miss)
3223 timing reifyNode:node_modules/pg-pool Completed in 35678ms
3224 timing metavuln:cache:put:security-advisory:markdown-it:745Vt4mrHCdT8gFHVh7oHROmP4aH4fErXXhbpeVBhtIHmsxTVI7P3rJSdfXZ1iZTBS6GEnTERL4OWUfc4Co9jQ== Completed in 2128ms
3225 timing metavuln:calculate:security-advisory:markdown-it:1113190 Completed in 33993ms
3226 http fetch GET 200 https://registry.npmjs.org/@types/eslint/-/eslint-8.4.6.tgz 33079ms (cache miss)
3227 timing reifyNode:node_modules/@types/eslint Completed in 35650ms
3228 timing reifyNode:node_modules/form-data-encoder Completed in 35694ms
3229 http fetch GET 200 https://registry.npmjs.org/yargs-parser/-/yargs-parser-20.2.9.tgz 33009ms (cache miss)
3230 timing reifyNode:node_modules/sequelize-cli/node_modules/yargs-parser Completed in 35751ms
3231 http fetch GET 200 https://registry.npmjs.org/lru-cache/-/lru-cache-7.18.3.tgz 32946ms (cache miss)
3232 timing reifyNode:node_modules/hosted-git-info/node_modules/lru-cache Completed in 35725ms
3233 http fetch GET 200 https://registry.npmjs.org/lru-cache/-/lru-cache-7.18.3.tgz 32899ms (cache miss)
3234 timing reifyNode:node_modules/@npmcli/git/node_modules/lru-cache Completed in 35701ms
3235 http fetch GET 200 https://registry.npmjs.org/lru-cache/-/lru-cache-7.18.3.tgz 32967ms (cache miss)
3236 timing reifyNode:node_modules/node-gyp/node_modules/lru-cache Completed in 35739ms
3237 http fetch GET 200 https://registry.npmjs.org/lru-cache/-/lru-cache-7.18.3.tgz 32985ms (cache miss)
3238 timing reifyNode:node_modules/npm-package-arg/node_modules/lru-cache Completed in 35742ms
3239 http fetch GET 200 https://registry.npmjs.org/lru-cache/-/lru-cache-7.18.3.tgz 32962ms (cache miss)
3240 timing reifyNode:node_modules/make-fetch-happen/node_modules/lru-cache Completed in 35738ms
3241 http fetch GET 200 https://registry.npmjs.org/lru-cache/-/lru-cache-7.18.3.tgz 32917ms (cache miss)
3242 timing reifyNode:node_modules/cacache/node_modules/lru-cache Completed in 35713ms
3243 http fetch GET 200 https://registry.npmjs.org/@jridgewell/trace-mapping/-/trace-mapping-0.3.25.tgz 33109ms (cache miss)
3244 http fetch GET 200 https://registry.npmjs.org/electron-to-chromium/-/electron-to-chromium-1.4.746.tgz 33297ms (cache miss)
3245 timing reifyNode:node_modules/electron-to-chromium Completed in 35730ms
3246 http fetch GET 200 https://registry.npmjs.org/fast-redact/-/fast-redact-3.5.0.tgz 33346ms (cache miss)
3247 timing reifyNode:node_modules/fast-redact Completed in 35738ms
3248 http fetch GET 200 https://registry.npmjs.org/eslint-config-airbnb-base/-/eslint-config-airbnb-base-15.0.0.tgz 33354ms (cache miss)
3249 timing reifyNode:node_modules/eslint-config-airbnb-base Completed in 35768ms
3250 http fetch GET 200 https://registry.npmjs.org/argparse/-/argparse-2.0.1.tgz 33266ms (cache miss)
3251 timing reifyNode:node_modules/argparse Completed in 35784ms
3252 http fetch GET 200 https://registry.npmjs.org/@xtuc/long/-/long-4.2.2.tgz 33257ms (cache miss)
3253 timing reifyNode:node_modules/@xtuc/long Completed in 35789ms
3254 http fetch GET 200 https://registry.npmjs.org/signal-exit/-/signal-exit-4.1.0.tgz 33046ms (cache miss)
3255 timing reifyNode:node_modules/foreground-child/node_modules/signal-exit Completed in 35824ms
3256 http fetch GET 200 https://registry.npmjs.org/pacote/-/pacote-15.2.0.tgz 33674ms (cache miss)
3257 timing reifyNode:node_modules/pacote Completed in 35852ms
3258 http fetch GET 200 https://registry.npmjs.org/@fastify/cookie/-/cookie-9.3.1.tgz 33220ms (cache miss)
3259 timing reifyNode:node_modules/@fastify/cookie Completed in 35839ms
3260 http fetch GET 200 https://registry.npmjs.org/validator 34247ms (cache miss)
3261 timing metavuln:packument:validator Completed in 34249ms
3262 timing metavuln:load:security-advisory:validator:1109241 Completed in 2ms
3263 timing metavuln:load:security-advisory:validator:1112713 Completed in 3ms
3264 http fetch GET 200 https://registry.npmjs.org/ajv-keywords/-/ajv-keywords-3.5.2.tgz 33388ms (cache miss)
3265 timing reifyNode:node_modules/ajv-keywords Completed in 35914ms
3266 http fetch GET 200 https://registry.npmjs.org/cacache/-/cacache-17.1.4.tgz 33472ms (cache miss)
3267 timing reifyNode:node_modules/cacache Completed in 35967ms
3268 timing reifyNode:node_modules/@jridgewell/trace-mapping Completed in 35972ms
3269 http fetch GET 200 https://registry.npmjs.org/esniff/-/esniff-2.0.1.tgz 33650ms (cache miss)
3270 timing reifyNode:node_modules/esniff Completed in 36059ms
3271 http fetch GET 200 https://registry.npmjs.org/cjs-module-lexer/-/cjs-module-lexer-1.2.3.tgz 33574ms (cache miss)
3272 timing reifyNode:node_modules/cjs-module-lexer Completed in 36055ms
3273 http fetch GET 200 https://registry.npmjs.org/nanoid 34435ms (cache miss)
3274 timing metavuln:packument:nanoid Completed in 34436ms
3275 timing metavuln:load:security-advisory:nanoid:1109563 Completed in 1ms
3276 http fetch GET 200 https://registry.npmjs.org/cacache/-/cacache-16.1.3.tgz 33349ms (cache miss)
3277 timing reifyNode:node_modules/node-gyp/node_modules/cacache Completed in 36123ms
3278 http fetch GET 200 https://registry.npmjs.org/tar 34435ms (cache miss)
3279 timing metavuln:packument:tar Completed in 34438ms
3280 timing metavuln:load:security-advisory:tar:1112659 Completed in 2ms
3281 timing metavuln:load:security-advisory:tar:1113300 Completed in 2ms
3282 timing metavuln:load:security-advisory:tar:1113375 Completed in 5ms
3283 timing metavuln:load:security-advisory:tar:1114200 Completed in 1ms
3284 timing metavuln:load:security-advisory:tar:1114302 Completed in 1ms
3285 timing metavuln:load:security-advisory:tar:1114680 Completed in 2ms
3286 timing metavuln:load:security-advisory:tar:1097493 Completed in 1ms
3287 http fetch GET 200 https://registry.npmjs.org/event-target-shim/-/event-target-shim-5.0.1.tgz 33729ms (cache miss)
3288 timing reifyNode:node_modules/event-target-shim Completed in 36135ms
3289 http fetch GET 200 https://registry.npmjs.org/schema-utils/-/schema-utils-3.3.0.tgz 33460ms (cache miss)
3290 timing reifyNode:node_modules/terser-webpack-plugin/node_modules/schema-utils Completed in 36190ms
3291 http fetch GET 200 https://registry.npmjs.org/@jridgewell/source-map/-/source-map-0.3.6.tgz 33555ms (cache miss)
3292 timing reifyNode:node_modules/@jridgewell/source-map Completed in 36151ms
3293 http fetch GET 200 https://registry.npmjs.org/find-my-way 34523ms (cache miss)
3294 timing metavuln:packument:find-my-way Completed in 34525ms
3295 timing metavuln:load:security-advisory:find-my-way:1099853 Completed in 1ms
3296 http fetch GET 200 https://registry.npmjs.org/envinfo/-/envinfo-7.12.0.tgz 33770ms (cache miss)
3297 timing reifyNode:node_modules/envinfo Completed in 36197ms
3298 http fetch GET 200 https://registry.npmjs.org/tar-fs/-/tar-fs-2.1.1.tgz 34240ms (cache miss)
3299 http fetch GET 200 https://registry.npmjs.org/@fastify/secure-session/-/secure-session-7.5.1.tgz 33600ms (cache miss)
3300 http fetch GET 200 https://registry.npmjs.org/jest-config/-/jest-config-29.7.0.tgz 33959ms (cache miss)
3301 timing reifyNode:node_modules/jest-config Completed in 36259ms
3302 http fetch GET 200 https://registry.npmjs.org/minimatch 34605ms (cache miss)
3303 timing metavuln:packument:minimatch Completed in 34607ms
3304 timing metavuln:load:security-advisory:minimatch:1113459 Completed in 1ms
3305 timing metavuln:load:security-advisory:minimatch:1113461 Completed in 1ms
3306 timing metavuln:load:security-advisory:minimatch:1113465 Completed in 1ms
3307 timing metavuln:load:security-advisory:minimatch:1113538 Completed in 1ms
3308 timing metavuln:load:security-advisory:minimatch:1113540 Completed in 2ms
3309 timing metavuln:load:security-advisory:minimatch:1113544 Completed in 5ms
3310 timing metavuln:load:security-advisory:minimatch:1113546 Completed in 1ms
3311 timing metavuln:load:security-advisory:minimatch:1113548 Completed in 1ms
3312 timing metavuln:load:security-advisory:minimatch:1113552 Completed in 1ms
3313 http fetch GET 200 https://registry.npmjs.org/fastify-error-page/-/fastify-error-page-4.0.0.tgz 33890ms (cache miss)
3314 timing reifyNode:node_modules/fastify-error-page Completed in 36292ms
3315 http fetch GET 200 https://registry.npmjs.org/mini-css-extract-plugin/-/mini-css-extract-plugin-2.9.0.tgz 34080ms (cache miss)
3316 timing reifyNode:node_modules/mini-css-extract-plugin Completed in 36307ms
3317 http fetch GET 200 https://registry.npmjs.org/css-loader/-/css-loader-7.1.1.tgz 33915ms (cache miss)
3318 timing reifyNode:node_modules/css-loader Completed in 36375ms
3319 http fetch GET 200 https://registry.npmjs.org/exponential-backoff/-/exponential-backoff-3.1.1.tgz 33988ms (cache miss)
3320 http fetch GET 200 https://registry.npmjs.org/jest-worker/-/jest-worker-27.5.1.tgz 33703ms (cache miss)
3321 timing reifyNode:node_modules/tar-fs Completed in 36490ms
3322 http fetch GET 200 https://registry.npmjs.org/memoizee/-/memoizee-0.4.15.tgz 34239ms (cache miss)
3323 timing reifyNode:node_modules/memoizee Completed in 36477ms
3324 http fetch GET 200 https://registry.npmjs.org/events/-/events-3.3.0.tgz 34063ms (cache miss)
3325 timing reifyNode:node_modules/events Completed in 36469ms
3326 http fetch GET 200 https://registry.npmjs.org/schema-utils/-/schema-utils-3.3.0.tgz 33785ms (cache miss)
3327 timing reifyNode:node_modules/webpack/node_modules/schema-utils Completed in 36513ms
3328 timing reifyNode:node_modules/@fastify/secure-session Completed in 36450ms
3329 timing reifyNode:node_modules/terser-webpack-plugin/node_modules/jest-worker Completed in 36593ms
3330 http fetch GET 200 https://registry.npmjs.org/cacache/-/cacache-15.3.0.tgz 33856ms (cache miss)
3331 timing reifyNode:node_modules/sqlite3/node_modules/cacache Completed in 36597ms
3332 http fetch GET 200 https://registry.npmjs.org/jest-worker/-/jest-worker-29.7.0.tgz 34293ms (cache miss)
3333 timing reifyNode:node_modules/jest-worker Completed in 36578ms
3334 timing reifyNode:node_modules/exponential-backoff Completed in 36629ms
3335 http fetch GET 200 https://registry.npmjs.org/@babel/helper-module-transforms/-/helper-module-transforms-7.23.3.tgz 33975ms (cache miss)
3336 timing reifyNode:node_modules/@babel/helper-module-transforms Completed in 36618ms
3337 timing metavuln:cache:put:security-advisory:qs:iChjlXxtVMTpyXsUse674XoeCayLW4gF6rE7sQcXvHRFegwpM44fUr9Eqlmsmu+S9udu9w9eZmpzcAcyiUJMIQ== Completed in 1397ms
3338 timing metavuln:calculate:security-advisory:qs:1113719 Completed in 34996ms
3339 timing metavuln:cache:put:security-advisory:qs:vVSN+MRVpdux32gCUfPGidHUGmS/0G5Ziwtmb1YXw3NARw1r47LtySeR7yFf/LZ4sKzi41443WWDDZzPHuCh9g== Completed in 1409ms
3340 timing metavuln:calculate:security-advisory:qs:1113161 Completed in 35005ms
3341 http fetch GET 200 https://registry.npmjs.org/http2-wrapper/-/http2-wrapper-2.1.11.tgz 34388ms (cache miss)
3342 timing reifyNode:node_modules/http2-wrapper Completed in 36738ms
3343 http fetch GET 200 https://registry.npmjs.org/@babel%2fruntime 35082ms (cache miss)
3344 timing metavuln:packument:@babel/runtime Completed in 35083ms
3345 timing metavuln:load:security-advisory:@babel/runtime:1104000 Completed in 3ms
3346 http fetch GET 200 https://registry.npmjs.org/@tufjs/models/-/models-1.0.4.tgz 34176ms (cache miss)
3347 http fetch GET 200 https://registry.npmjs.org/source-map-js/-/source-map-js-1.2.0.tgz 34775ms (cache miss)
3348 timing reifyNode:node_modules/source-map-js Completed in 36801ms
3349 http fetch GET 200 https://registry.npmjs.org/argparse/-/argparse-1.0.10.tgz 33988ms (cache miss)
3350 timing reifyNode:node_modules/@istanbuljs/load-nyc-config/node_modules/argparse Completed in 36790ms
3351 timing metavuln:cache:put:security-advisory:glob:NTB2XjbDOgk4lkd8PZ3tUAm1F3E/ohGF6rl9/3LEO7Z0FDzSR5nWwzd3nUENA3NCNdyeR+35DOC12wPml2IV+g== Completed in 1334ms
3352 timing metavuln:calculate:security-advisory:glob:1109842 Completed in 35227ms
3353 http fetch GET 200 https://registry.npmjs.org/promise/-/promise-7.3.1.tgz 34795ms (cache miss)
3354 http fetch GET 200 https://registry.npmjs.org/esprima/-/esprima-4.0.1.tgz 34537ms (cache miss)
3355 timing reifyNode:node_modules/esprima Completed in 36948ms
3356 timing reifyNode:node_modules/@tufjs/models Completed in 36972ms
3357 http fetch GET 200 https://registry.npmjs.org/commander/-/commander-10.0.1.tgz 34526ms (cache miss)
3358 timing reifyNode:node_modules/commander Completed in 37000ms
3359 http fetch GET 200 https://registry.npmjs.org/@eslint-community/eslint-utils/-/eslint-utils-4.4.0.tgz 34374ms (cache miss)
3360 timing reifyNode:node_modules/@eslint-community/eslint-utils Completed in 36993ms
3361 http fetch GET 200 https://registry.npmjs.org/jest-haste-map/-/jest-haste-map-29.7.0.tgz 34748ms (cache miss)
3362 timing reifyNode:node_modules/jest-haste-map Completed in 37043ms
3363 http fetch GET 200 https://registry.npmjs.org/entities/-/entities-3.0.1.tgz 34681ms (cache miss)
3364 timing reifyNode:node_modules/entities Completed in 37110ms
3365 http fetch GET 200 https://registry.npmjs.org/sequelize-cli/-/sequelize-cli-6.6.2.tgz 35121ms (cache miss)
3366 timing reifyNode:node_modules/sequelize-cli Completed in 37165ms
3367 timing reifyNode:node_modules/promise Completed in 37165ms
3368 http fetch GET 200 https://registry.npmjs.org/@eslint-community/regexpp/-/regexpp-4.10.0.tgz 34502ms (cache miss)
3369 timing reifyNode:node_modules/@eslint-community/regexpp Completed in 37122ms
3370 timing metavuln:cache:put:security-advisory:validator:IkyJOqfhkev0E9tRX4zbgkqtsxJX67cd4upO2f1EheDpncnx522qyf9oLyXwjDcWGeZOQHSqJUAh/kUyYH60qQ== Completed in 1274ms
3371 timing metavuln:calculate:security-advisory:validator:1109241 Completed in 35525ms
3372 http fetch GET 200 https://registry.npmjs.org/esm/-/esm-3.2.25.tgz 34812ms (cache miss)
3373 timing reifyNode:node_modules/esm Completed in 37221ms
3374 http fetch GET 200 https://registry.npmjs.org/@jest/reporters/-/reporters-29.7.0.tgz 34656ms (cache miss)
3375 timing reifyNode:node_modules/@jest/reporters Completed in 37258ms
3376 http fetch GET 200 https://registry.npmjs.org/ajv 35634ms (cache miss)
3377 timing metavuln:packument:ajv Completed in 35639ms
3378 timing metavuln:load:security-advisory:ajv:1113714 Completed in 4ms
3379 timing metavuln:load:security-advisory:ajv:1113715 Completed in 6ms
3380 http fetch GET 200 https://registry.npmjs.org/readable-stream/-/readable-stream-3.6.2.tgz 35217ms (cache miss)
3381 timing reifyNode:node_modules/readable-stream Completed in 37340ms
3382 timing metavuln:cache:put:security-advisory:validator:K8tnmsGw+QkTexUmTWxKwuHjWuT7Hea3z5nNI9JdW3F0rI0+n7L2rpU8PIPJJVMbPs2Qmf97TEHw10QorOnMzQ== Completed in 1437ms
3383 timing metavuln:calculate:security-advisory:validator:1112713 Completed in 35691ms
3384 timing metavuln:cache:put:security-advisory:tar:Bbf0Br7FJ1lJBIJDoLLFwjsDrbaYgLVqfrwr0ATzSQWEKW7Xp073S+5zxU9imRf4OqRJHo2MsCDeyKR0KRVsdA== Completed in 1250ms
3385 timing metavuln:calculate:security-advisory:tar:1113375 Completed in 35696ms
3386 timing metavuln:cache:put:security-advisory:nanoid:SvMVdtEUVO5ESues2DL9aEFMy6oMG+saOn/tNitKJcx7q7CvMfC5ZcstpC8dbnZl5KL/q/3pYBvQrAPBFsC+nQ== Completed in 1262ms
3387 timing metavuln:calculate:security-advisory:nanoid:1109563 Completed in 35701ms
3388 timing metavuln:cache:put:security-advisory:tar:cbwMpzkxWE086TmEbj2aUk80Z6hlvP0jzlWS+XiX15JwqEtFzUgHyHj3QX4I6EZYk8tgcYPuNr3hYFVCQY6e3Q== Completed in 1256ms
3389 timing metavuln:calculate:security-advisory:tar:1113300 Completed in 35697ms
3390 timing metavuln:cache:put:security-advisory:tar:qPQeYPFDBIedTWfYK3sbnScF6Ha7ouTs+wgndnz4PT5P+/K+GBD4epoPcYpXlu6AC7gSJlCJTJeuKbYAFoK9PA== Completed in 1260ms
3391 timing metavuln:calculate:security-advisory:tar:1112659 Completed in 35701ms
3392 timing metavuln:cache:put:security-advisory:tar:UWW3Y4BpqE/fE3Qp2/QBaix5a7TZZoP7gM6asxPYL9ED9MweoK3ryao+Bp0Y6Y8Xds/rmjAafpG21YRYkP3N4g== Completed in 1250ms
3393 timing metavuln:calculate:security-advisory:tar:1114302 Completed in 35701ms
3394 timing metavuln:cache:put:security-advisory:tar:eeMx7uxRjV2T2ub1XcSZGVUMDQllh5SgBOjApRXoDwccZb2xPyoJEKCNDkl/ZQGHcurw9K/Nf+wQF6u7SWH6CQ== Completed in 1252ms
3395 timing metavuln:calculate:security-advisory:tar:1114200 Completed in 35702ms
3396 timing metavuln:cache:put:security-advisory:tar:vbDW3SJe6e2hhLv65iuyXehzCzEAirdu2MloZluu8ApJ5S0mpjZNCz+7tMRaz8WDOzMKfYQKi/M/IfcFNOa3Cw== Completed in 1253ms
3397 timing metavuln:calculate:security-advisory:tar:1114680 Completed in 35705ms
3398 timing metavuln:cache:put:security-advisory:tar:xsfciMtNhQn+Vb692L8h5HEYBYUJ5Lhjy3bF//LOsKSn8tp0f1hbuDX26k9UtKJNPZjM5uuq2Cxlz3KwL19oJg== Completed in 1258ms
3399 timing metavuln:calculate:security-advisory:tar:1097493 Completed in 35711ms
3400 timing metavuln:cache:put:security-advisory:find-my-way:ncPGiupWBmuLy3osYbi6NeA3zAkV0H2ETbz204QySGfjGMvhOUrckXpvAqjVyzsYU9NNJZrPHuMSulTPi+/bfw== Completed in 1242ms
3401 timing metavuln:calculate:security-advisory:find-my-way:1099853 Completed in 35769ms
3402 http fetch GET 200 https://registry.npmjs.org/object-inspect/-/object-inspect-1.13.1.tgz 35262ms (cache miss)
3403 timing reifyNode:node_modules/object-inspect Completed in 37468ms
3404 http fetch GET 200 https://registry.npmjs.org/light-my-request/-/light-my-request-5.13.0.tgz 35214ms (cache miss)
3405 timing reifyNode:node_modules/light-my-request Completed in 37467ms
3406 timing metavuln:cache:put:security-advisory:minimatch:V/3cIcyAQcG1bwuH0e0PI9Qt5WRtbvb/WOz2mBxAfNzXf+Dvs9G1X05eHjnPq2b0TJY4zXXpqhCAkRAipgk3iQ== Completed in 1226ms
3407 timing metavuln:calculate:security-advisory:minimatch:1113459 Completed in 35836ms
3408 timing metavuln:cache:put:security-advisory:minimatch:txOieOIAfgHfBPiN09+pYAjPLRzgUOz3D3illtf9vTzeqs41QJZjfj5jVXCi/3ICpBX0YlJi/ghdWSjCJwNtwA== Completed in 1222ms
3409 timing metavuln:calculate:security-advisory:minimatch:1113540 Completed in 35837ms
3410 timing metavuln:cache:put:security-advisory:minimatch:kx7kRjUmjSYmgQBpfsU82Na4xORZqvqpRRSlOyPLadasPBl0YfFJCjIETC00BG7Gd2omQLizgz8/GnnE/hk+Jw== Completed in 1226ms
3411 timing metavuln:calculate:security-advisory:minimatch:1113538 Completed in 35839ms
3412 timing metavuln:cache:put:security-advisory:minimatch:B00WbbnnDNaFGA7l9BgrTioYpRMzU4+U8SUF8cn65LwArJAK0O380QwyP/UyxPr7i9XUjX9/AADC41/edu9OrA== Completed in 1231ms
3413 timing metavuln:calculate:security-advisory:minimatch:1113465 Completed in 35841ms
3414 timing metavuln:cache:put:security-advisory:minimatch:tdaAHfWGUw/nl/W8ALWVH+LvG2E3gvo3P2FI/fVPxm3aZteLxWMOEuk/9iDk5O0/cZN/GRXnabt/mW/bfUoL/g== Completed in 1221ms
3415 timing metavuln:calculate:security-advisory:minimatch:1113546 Completed in 35843ms
3416 timing metavuln:cache:put:security-advisory:minimatch:IBqefxF0lKwSFXzwGHp5L8khqSaPYY99x0GHtXNH4YxtdIexeL4FFPzrnnBvkhgmGDEWHo3XAgpPYGyM1jidQQ== Completed in 1223ms
3417 timing metavuln:calculate:security-advisory:minimatch:1113552 Completed in 35846ms
3418 http fetch GET 200 https://registry.npmjs.org/ext/-/ext-1.7.0.tgz 35129ms (cache miss)
3419 timing metavuln:cache:put:security-advisory:minimatch:tJ9Z2VGWqiQfLaVKxc9K/6Rz1g70Mpl3An4UK+K1lyHdz27vYPzhMIkC4jRGAN2wpssY+8l13Ql259B6zkaX/Q== Completed in 1287ms
3420 timing metavuln:calculate:security-advisory:minimatch:1113544 Completed in 35906ms
3421 http fetch GET 200 https://registry.npmjs.org/node-addon-api/-/node-addon-api-4.3.0.tgz 35371ms (cache miss)
3422 timing reifyNode:node_modules/node-addon-api Completed in 37587ms
3423 http fetch GET 200 https://registry.npmjs.org/@sinonjs/commons/-/commons-3.0.1.tgz 34978ms (cache miss)
3424 http fetch GET 200 https://registry.npmjs.org/json5/-/json5-2.2.3.tgz 35358ms (cache miss)
3425 timing reifyNode:node_modules/json5 Completed in 37622ms
3426 timing metavuln:cache:put:security-advisory:minimatch:/utMkAt3a6jSPsaWIJ1J7tAb7G+ccGxNsymbhFTVWOMIyhRZOJ9QR0zn1SNtejrdUO5fsO4RDJKDMI6C5/bkuw== Completed in 1352ms
3427 timing metavuln:calculate:security-advisory:minimatch:1113461 Completed in 35961ms
3428 timing metavuln:cache:put:security-advisory:minimatch:d1vHbFmApmPZ8D7tU5wibuYDk+ODEPdqBqmhQYykwFs/yMixetMkwY01zYVdWNOsg0NvkvSTlNgJ2ddzclruSA== Completed in 1342ms
3429 timing metavuln:calculate:security-advisory:minimatch:1113548 Completed in 35965ms
3430 http fetch GET 200 https://registry.npmjs.org/node-addon-api/-/node-addon-api-7.1.0.tgz 34961ms (cache miss)
3431 timing reifyNode:node_modules/sqlite3/node_modules/node-addon-api Completed in 37698ms
3432 http fetch GET 200 https://registry.npmjs.org/qs/-/qs-6.12.1.tgz 35593ms (cache miss)
3433 timing reifyNode:node_modules/qs Completed in 37719ms
3434 http fetch GET 200 https://registry.npmjs.org/tar/-/tar-6.1.11.tgz 35724ms (cache miss)
3435 timing reifyNode:node_modules/tar Completed in 37733ms
3436 http fetch GET 200 https://registry.npmjs.org/mustache/-/mustache-4.2.0.tgz 35497ms (cache miss)
3437 timing reifyNode:node_modules/mustache Completed in 37716ms
3438 timing reifyNode:node_modules/ext Completed in 37705ms
3439 http fetch GET 200 https://registry.npmjs.org/jackspeak/-/jackspeak-2.3.6.tgz 35436ms (cache miss)
3440 timing reifyNode:node_modules/jackspeak Completed in 37742ms
3441 timing reifyNode:node_modules/@sinonjs/commons Completed in 37747ms
3442 http fetch GET 200 https://registry.npmjs.org/minipass/-/minipass-7.0.4.tgz 35036ms (cache miss)
3443 timing reifyNode:node_modules/glob/node_modules/minipass Completed in 37815ms
3444 http fetch GET 200 https://registry.npmjs.org/@fastify/merge-json-schemas/-/merge-json-schemas-0.1.1.tgz 35200ms (cache miss)
3445 timing reifyNode:node_modules/@fastify/merge-json-schemas Completed in 37816ms
3446 timing metavuln:cache:put:security-advisory:@babel/runtime:xDaNmlS3J8LRk7IfDb7e9Gp3gcy/xDr1QZXCKC997SMkqKVemm2guY9vQpRI6omD11L5cfCI+STpoAdxUgnVsA== Completed in 1138ms
3447 timing metavuln:calculate:security-advisory:@babel/runtime:1104000 Completed in 36226ms
3448 http fetch GET 200 https://registry.npmjs.org/thread-stream/-/thread-stream-2.6.0.tgz 35936ms (cache miss)
3449 timing reifyNode:node_modules/thread-stream Completed in 37997ms
3450 http fetch GET 200 https://registry.npmjs.org/minipass/-/minipass-7.0.4.tgz 35318ms (cache miss)
3451 timing reifyNode:node_modules/minipass-fetch/node_modules/minipass Completed in 38095ms
3452 http fetch GET 200 https://registry.npmjs.org/minipass/-/minipass-7.0.4.tgz 35309ms (cache miss)
3453 timing reifyNode:node_modules/pacote/node_modules/fs-minipass/node_modules/minipass Completed in 38100ms
3454 http fetch GET 200 https://registry.npmjs.org/minipass/-/minipass-7.0.4.tgz 35346ms (cache miss)
3455 timing reifyNode:node_modules/path-scurry/node_modules/minipass Completed in 38102ms
3456 http fetch GET 200 https://registry.npmjs.org/minipass/-/minipass-7.0.4.tgz 35372ms (cache miss)
3457 timing reifyNode:node_modules/ssri/node_modules/minipass Completed in 38116ms
3458 http fetch GET 200 https://registry.npmjs.org/minipass/-/minipass-7.0.4.tgz 35286ms (cache miss)
3459 timing reifyNode:node_modules/cacache/node_modules/minipass Completed in 38081ms
3460 http fetch GET 200 https://registry.npmjs.org/type-fest/-/type-fest-0.20.2.tgz 36154ms (cache miss)
3461 timing reifyNode:node_modules/type-fest Completed in 38149ms
3462 http fetch GET 200 https://registry.npmjs.org/prompts-ncu/-/prompts-ncu-3.0.0.tgz 36001ms (cache miss)
3463 timing reifyNode:node_modules/prompts-ncu Completed in 38147ms
3464 timing metavuln:cache:put:security-advisory:ajv:u4HOZ0QFYFTDLqnZ5TPSC8VEvP+HMuGcZACJuTqG8bm/gunrgkQwsiiH2pbF9tNIl45RK0sW2ccPzEojb1k0xQ== Completed in 1055ms
3465 timing metavuln:calculate:security-advisory:ajv:1113714 Completed in 36699ms
3466 timing metavuln:cache:put:security-advisory:ajv:URErmxoyazZWR5lFcXpgTkGsbkrUBDlzD8W6txjBw2wZoOC7oHjHFfCrRr/VnGeJvbyUY9E2jxrL8p2XbwfP8g== Completed in 1104ms
3467 timing metavuln:calculate:security-advisory:ajv:1113715 Completed in 36754ms
3468 http fetch GET 200 https://registry.npmjs.org/socks/-/socks-2.7.0.tgz 36545ms (cache miss)
3469 http fetch GET 200 https://registry.npmjs.org/@sigstore/protobuf-specs/-/protobuf-specs-0.2.1.tgz 35976ms (cache miss)
3470 timing reifyNode:node_modules/@sigstore/protobuf-specs Completed in 38556ms
3471 http fetch GET 200 https://registry.npmjs.org/acorn/-/acorn-8.11.3.tgz 36070ms (cache miss)
3472 timing reifyNode:node_modules/acorn Completed in 38597ms
3473 http fetch GET 200 https://registry.npmjs.org/@jest/core/-/core-29.7.0.tgz 36055ms (cache miss)
3474 timing reifyNode:node_modules/@jest/core Completed in 38663ms
3475 http fetch GET 200 https://registry.npmjs.org/lru-cache/-/lru-cache-10.2.0.tgz 35964ms (cache miss)
3476 timing reifyNode:node_modules/path-scurry/node_modules/lru-cache Completed in 38721ms
3477 timing reifyNode:node_modules/socks Completed in 38742ms
3478 http fetch GET 200 https://registry.npmjs.org/type-fest/-/type-fest-0.21.3.tgz 35933ms (cache miss)
3479 timing reifyNode:node_modules/ansi-escapes/node_modules/type-fest Completed in 38736ms
3480 http fetch GET 200 https://registry.npmjs.org/path-scurry/-/path-scurry-1.10.2.tgz 36601ms (cache miss)
3481 timing reifyNode:node_modules/path-scurry Completed in 38776ms
3482 http fetch GET 200 https://registry.npmjs.org/pg-protocol/-/pg-protocol-1.6.1.tgz 36673ms (cache miss)
3483 timing reifyNode:node_modules/pg-protocol Completed in 38843ms
3484 http fetch GET 200 https://registry.npmjs.org/semver/-/semver-7.6.0.tgz 36847ms (cache miss)
3485 timing reifyNode:node_modules/semver Completed in 38892ms
3486 http fetch GET 200 https://registry.npmjs.org/postcss-selector-parser/-/postcss-selector-parser-6.0.16.tgz 36769ms (cache miss)
3487 timing reifyNode:node_modules/postcss-selector-parser Completed in 38925ms
3488 http fetch GET 200 https://registry.npmjs.org/fs-extra/-/fs-extra-9.1.0.tgz 36644ms (cache miss)
3489 timing reifyNode:node_modules/fs-extra Completed in 39019ms
3490 http fetch GET 200 https://registry.npmjs.org/graphemer/-/graphemer-1.4.0.tgz 36671ms (cache miss)
3491 http fetch GET 200 https://registry.npmjs.org/fastify 37393ms (cache miss)
3492 timing metavuln:packument:fastify Completed in 37398ms
3493 timing metavuln:load:security-advisory:fastify:1112876 Completed in 3ms
3494 timing metavuln:load:security-advisory:fastify:1112877 Completed in 3ms
3495 timing metavuln:load:security-advisory:fastify:1115367 Completed in 2ms
3496 timing reifyNode:node_modules/graphemer Completed in 39189ms
3497 http fetch GET 200 https://registry.npmjs.org/fast-copy/-/fast-copy-3.0.2.tgz 36802ms (cache miss)
3498 http fetch GET 200 https://registry.npmjs.org/enhanced-resolve/-/enhanced-resolve-5.16.0.tgz 36843ms (cache miss)
3499 timing reifyNode:node_modules/enhanced-resolve Completed in 39274ms
3500 http fetch GET 200 https://registry.npmjs.org/fast-glob/-/fast-glob-3.2.11.tgz 36921ms (cache miss)
3501 timing reifyNode:node_modules/fast-glob Completed in 39317ms
3502 http fetch GET 200 https://registry.npmjs.org/postcss/-/postcss-8.4.38.tgz 37195ms (cache miss)
3503 timing reifyNode:node_modules/postcss Completed in 39360ms
3504 timing reifyNode:node_modules/fast-copy Completed in 39345ms
3505 http fetch GET 200 https://registry.npmjs.org/@webassemblyjs/ast/-/ast-1.12.1.tgz 36841ms (cache miss)
3506 timing reifyNode:node_modules/@webassemblyjs/ast Completed in 39390ms
3507 http fetch GET 200 https://registry.npmjs.org/readable-stream/-/readable-stream-4.5.2.tgz 36765ms (cache miss)
3508 timing reifyNode:node_modules/fastify-cli/node_modules/readable-stream Completed in 39559ms
3509 http fetch GET 200 https://registry.npmjs.org/got/-/got-12.3.1.tgz 37237ms (cache miss)
3510 timing reifyNode:node_modules/got Completed in 39595ms
3511 http fetch GET 200 https://registry.npmjs.org/avvio/-/avvio-8.3.0.tgz 37074ms (cache miss)
3512 http fetch GET 200 https://registry.npmjs.org/js-yaml/-/js-yaml-4.1.0.tgz 37371ms (cache miss)
3513 timing reifyNode:node_modules/js-yaml Completed in 39645ms
3514 http fetch GET 200 https://registry.npmjs.org/@fastify/send/-/send-2.1.0.tgz 37003ms (cache miss)
3515 timing reifyNode:node_modules/avvio Completed in 39670ms
3516 http fetch GET 200 https://registry.npmjs.org/readable-stream/-/readable-stream-4.5.2.tgz 37018ms (cache miss)
3517 timing reifyNode:node_modules/pino-abstract-transport/node_modules/readable-stream Completed in 39772ms
3518 http fetch GET 200 https://registry.npmjs.org/readable-stream/-/readable-stream-4.5.2.tgz 37019ms (cache miss)
3519 timing reifyNode:node_modules/pino-pretty/node_modules/readable-stream Completed in 39773ms
3520 http fetch GET 200 https://registry.npmjs.org/@sinclair/typebox/-/typebox-0.27.8.tgz 37169ms (cache miss)
3521 timing reifyNode:node_modules/@sinclair/typebox Completed in 39747ms
3522 timing reifyNode:node_modules/@fastify/send Completed in 39762ms
3523 http fetch GET 200 https://registry.npmjs.org/concurrently/-/concurrently-8.2.2.tgz 37313ms (cache miss)
3524 timing reifyNode:node_modules/concurrently Completed in 39781ms
3525 http fetch GET 200 https://registry.npmjs.org/type-fest/-/type-fest-1.4.0.tgz 37001ms (cache miss)
3526 timing reifyNode:node_modules/crypto-random-string/node_modules/type-fest Completed in 39795ms
3527 timing metavuln:cache:put:security-advisory:fastify:Mu3bbsgGIQMzQU+JUqKbxbOdmJ9sahc+8jmwkzzm3/7BqYYzReNvhjLjZ9XT5ElUjr+2gUCz/6X6tV16iM+obQ== Completed in 789ms
3528 timing metavuln:calculate:security-advisory:fastify:1112877 Completed in 38193ms
3529 timing metavuln:cache:put:security-advisory:fastify:5OdrwYv5Xzq+rI3bchsuaHIz85Yyo5gTdhOrQGf2Em7pRhXXR2ur0R7W7qQ6UpWsSxuRBW8Fdp57dyqUhR5/yw== Completed in 794ms
3530 timing metavuln:calculate:security-advisory:fastify:1112876 Completed in 38195ms
3531 timing metavuln:cache:put:security-advisory:fastify:vrddC5kD1iC6bjQC2yMAnNLy1/+VmRDX3Vr+8eGmbbd/ikD6VgNiIpwTn2TMS3TAzr8ZR+5OeLpu/4I5U8QBKA== Completed in 790ms
3532 timing metavuln:calculate:security-advisory:fastify:1115367 Completed in 38198ms
3533 http fetch GET 200 https://registry.npmjs.org/i18next/-/i18next-23.11.2.tgz 37646ms (cache miss)
3534 timing reifyNode:node_modules/i18next Completed in 39994ms
3535 http fetch GET 200 https://registry.npmjs.org/yargs/-/yargs-16.2.0.tgz 37343ms (cache miss)
3536 timing reifyNode:node_modules/sequelize-cli/node_modules/yargs Completed in 40087ms
3537 http fetch GET 200 https://registry.npmjs.org/js-yaml/-/js-yaml-3.14.1.tgz 37231ms (cache miss)
3538 timing reifyNode:node_modules/@istanbuljs/load-nyc-config/node_modules/js-yaml Completed in 40033ms
3539 http fetch GET 200 https://registry.npmjs.org/@babel/generator/-/generator-7.24.4.tgz 37601ms (cache miss)
3540 timing reifyNode:node_modules/@babel/generator Completed in 40254ms
3541 http fetch GET 200 https://registry.npmjs.org/minimatch/-/minimatch-9.0.4.tgz 37641ms (cache miss)
3542 http fetch GET 200 https://registry.npmjs.org/minimatch/-/minimatch-9.0.1.tgz 37600ms (cache miss)
3543 http fetch GET 200 https://registry.npmjs.org/@sigstore/sign/-/sign-1.0.0.tgz 37816ms (cache miss)
3544 http fetch GET 200 https://registry.npmjs.org/esquery/-/esquery-1.5.0.tgz 38012ms (cache miss)
3545 timing reifyNode:node_modules/esquery Completed in 40421ms
3546 http fetch GET 200 https://registry.npmjs.org/@bcoe/v8-coverage/-/v8-coverage-0.2.3.tgz 37798ms (cache miss)
3547 http fetch GET 200 https://registry.npmjs.org/minimatch/-/minimatch-9.0.4.tgz 37666ms (cache miss)
3548 http fetch GET 200 https://registry.npmjs.org/minimatch/-/minimatch-9.0.4.tgz 37714ms (cache miss)
3549 http fetch GET 200 https://registry.npmjs.org/minimatch/-/minimatch-9.0.4.tgz 37711ms (cache miss)
3550 timing reifyNode:node_modules/npm-check-updates/node_modules/minimatch Completed in 40540ms
3551 timing reifyNode:node_modules/@tufjs/models/node_modules/minimatch Completed in 40504ms
3552 timing reifyNode:node_modules/glob/node_modules/minimatch Completed in 40529ms
3553 timing reifyNode:node_modules/ignore-walk/node_modules/minimatch Completed in 40533ms
3554 timing reifyNode:node_modules/editorconfig/node_modules/minimatch Completed in 40524ms
3555 timing reifyNode:node_modules/@sigstore/sign Completed in 40524ms
3556 timing reifyNode:node_modules/@bcoe/v8-coverage Completed in 40553ms
3557 http fetch GET 200 https://registry.npmjs.org/@eslint/eslintrc/-/eslintrc-2.1.4.tgz 37857ms (cache miss)
3558 timing reifyNode:node_modules/eslint/node_modules/@eslint/eslintrc Completed in 40652ms
3559 http fetch GET 200 https://registry.npmjs.org/sequelize 39014ms (cache miss)
3560 timing metavuln:packument:sequelize Completed in 39025ms
3561 timing metavuln:load:security-advisory:sequelize:1114318 Completed in 9ms
3562 http fetch GET 200 https://registry.npmjs.org/source-map/-/source-map-0.6.1.tgz 38715ms (cache miss)
3563 timing reifyNode:node_modules/source-map Completed in 40742ms
3564 http fetch GET 200 https://registry.npmjs.org/@eslint/eslintrc/-/eslintrc-3.0.2.tgz 38090ms (cache miss)
3565 timing reifyNode:node_modules/@eslint/eslintrc Completed in 40709ms
3566 http fetch GET 200 https://registry.npmjs.org/type-fest/-/type-fest-2.19.0.tgz 37938ms (cache miss)
3567 timing reifyNode:node_modules/boxen/node_modules/type-fest Completed in 40735ms
3568 http fetch GET 200 https://registry.npmjs.org/iconv-lite/-/iconv-lite-0.6.3.tgz 38422ms (cache miss)
3569 timing reifyNode:node_modules/iconv-lite Completed in 40769ms
3570 http fetch GET 200 https://registry.npmjs.org/glob/-/glob-10.3.12.tgz 38494ms (cache miss)
3571 http fetch GET 200 https://registry.npmjs.org/prompts/-/prompts-2.4.2.tgz 38763ms (cache miss)
3572 timing reifyNode:node_modules/prompts Completed in 40910ms
3573 http fetch GET 200 https://registry.npmjs.org/bluebird/-/bluebird-3.7.2.tgz 38448ms (cache miss)
3574 timing reifyNode:node_modules/bluebird Completed in 40947ms
3575 timing reifyNode:node_modules/glob Completed in 40982ms
3576 http fetch GET 200 https://registry.npmjs.org/acorn/-/acorn-7.4.1.tgz 38323ms (cache miss)
3577 timing reifyNode:node_modules/is-expression/node_modules/acorn Completed in 41138ms
3578 http fetch GET 200 https://registry.npmjs.org/pure-rand/-/pure-rand-6.1.0.tgz 39066ms (cache miss)
3579 http fetch GET 200 https://registry.npmjs.org/pino-pretty/-/pino-pretty-10.3.1.tgz 38422ms (cache miss)
3580 http fetch GET 200 https://registry.npmjs.org/pino-pretty/-/pino-pretty-11.0.0.tgz 39060ms (cache miss)
3581 timing reifyNode:node_modules/pure-rand Completed in 41259ms
3582 timing reifyNode:node_modules/pino-pretty Completed in 41289ms
3583 timing metavuln:cache:put:security-advisory:sequelize:wjhMoLZiiqIacD4+V2lI9921Z2ZeJryL/EpzUzvbYcIegwFDJzNWjjO/YQBa50uUmoyjfCuJxHX0z9qwD769Dg== Completed in 588ms
3584 timing metavuln:calculate:security-advisory:sequelize:1114318 Completed in 39624ms
3585 timing reifyNode:node_modules/fastify-cli/node_modules/pino-pretty Completed in 41308ms
3586 http fetch GET 200 https://registry.npmjs.org/sigstore/-/sigstore-1.9.0.tgz 39494ms (cache miss)
3587 timing reifyNode:node_modules/sigstore Completed in 41534ms
3588 http fetch GET 200 https://registry.npmjs.org/istanbul-reports/-/istanbul-reports-3.1.7.tgz 39226ms (cache miss)
3589 timing reifyNode:node_modules/istanbul-reports Completed in 41601ms
3590 http fetch GET 200 https://registry.npmjs.org/generify/-/generify-4.2.0.tgz 39228ms (cache miss)
3591 timing reifyNode:node_modules/generify Completed in 41664ms
3592 http fetch GET 200 https://registry.npmjs.org/fast-json-stringify/-/fast-json-stringify-5.14.1.tgz 39375ms (cache miss)
3593 http fetch GET 200 https://registry.npmjs.org/neo-async/-/neo-async-2.6.2.tgz 39602ms (cache miss)
3594 timing reifyNode:node_modules/neo-async Completed in 41820ms
3595 http fetch GET 200 https://registry.npmjs.org/find-my-way/-/find-my-way-8.1.0.tgz 39420ms (cache miss)
3596 timing reifyNode:node_modules/find-my-way Completed in 41808ms
3597 timing reifyNode:node_modules/fast-json-stringify Completed in 41864ms
3598 http fetch GET 200 https://registry.npmjs.org/markdown-it/-/markdown-it-13.0.2.tgz 39771ms (cache miss)
3599 timing reifyNode:node_modules/markdown-it Completed in 42010ms
3600 http fetch GET 200 https://registry.npmjs.org/@fastify/view/-/view-9.0.0.tgz 39402ms (cache miss)
3601 timing reifyNode:node_modules/@fastify/view Completed in 42095ms
3602 http fetch GET 200 https://registry.npmjs.org/@babel/traverse/-/traverse-7.24.1.tgz 39473ms (cache miss)
3603 timing reifyNode:node_modules/@babel/traverse Completed in 42095ms
3604 http fetch GET 200 https://registry.npmjs.org/rimraf/-/rimraf-5.0.5.tgz 39726ms (cache miss)
3605 http fetch GET 200 https://registry.npmjs.org/db-errors/-/db-errors-0.2.3.tgz 40008ms (cache miss)
3606 http fetch GET 200 https://registry.npmjs.org/@babel/helpers/-/helpers-7.24.4.tgz 39823ms (cache miss)
3607 timing reifyNode:node_modules/@babel/helpers Completed in 42477ms
3608 timing reifyNode:node_modules/npm-check-updates/node_modules/rimraf Completed in 42562ms
3609 timing reifyNode:node_modules/db-errors Completed in 42542ms
3610 http fetch GET 200 https://registry.npmjs.org/webpack 40938ms (cache miss)
3611 timing metavuln:packument:webpack Completed in 40957ms
3612 timing metavuln:load:security-advisory:webpack:1113041 Completed in 12ms
3613 timing metavuln:load:security-advisory:webpack:1113042 Completed in 9ms
3614 timing metavuln:load:security-advisory:webpack:1099351 Completed in 7ms
3615 http fetch GET 200 https://registry.npmjs.org/@babel/parser/-/parser-7.24.4.tgz 40039ms (cache miss)
3616 timing reifyNode:node_modules/@babel/parser Completed in 42677ms
3617 http fetch GET 200 https://registry.npmjs.org/js-beautify/-/js-beautify-1.15.1.tgz 40616ms (cache miss)
3618 timing reifyNode:node_modules/js-beautify Completed in 42895ms
3619 timing metavuln:cache:put:security-advisory:webpack:s8eUYzfoKCRSDroeyV91F0huXvDaY4W8tlhzcL2BszFV9dolZHIAn/UZ/7LVU12F35esXqY1PqnhYKHfHcDozQ== Completed in 419ms
3620 timing metavuln:calculate:security-advisory:webpack:1113042 Completed in 41397ms
3621 timing metavuln:cache:put:security-advisory:webpack:7Pl1j4sHKhCQAEccTmt3XZIEEazRzvyC0TOx07N0G7o5OIhhZ0j0Ji3KSCbTwfmCR/2OHJ3Mx5ZmedDQEQeBbg== Completed in 410ms
3622 timing metavuln:calculate:security-advisory:webpack:1099351 Completed in 41398ms
3623 timing metavuln:cache:put:security-advisory:webpack:IzHFkMfHDC+SV3IL23ZHngntgLDUgyESA9Ge8Mh5rKNVcDpaWLuTZIcoUJg4/bAH+BQlnDzJ4nLfJCy6fOIM0A== Completed in 431ms
3624 timing metavuln:calculate:security-advisory:webpack:1113041 Completed in 41401ms
3625 timing metavuln:cache:get:security-advisory:@babel/core:rHFDgAPDp/sCXbJTVH1CD++gRwqnDm1l5hjqv1UshTfFC03lkAXjHj5sWn7bV61VhpDSBibBqnzYuoOuIJuY0Q== Completed in 23ms
3626 http fetch GET 200 https://registry.npmjs.org/ajv-keywords/-/ajv-keywords-5.1.0.tgz 40397ms (cache miss)
3627 timing reifyNode:node_modules/schema-utils/node_modules/ajv-keywords Completed in 43141ms
3628 http fetch GET 200 https://registry.npmjs.org/@types/validator/-/validator-13.11.9.tgz 40601ms (cache miss)
3629 timing reifyNode:node_modules/@types/validator Completed in 43226ms
3630 http fetch GET 200 https://registry.npmjs.org/ajv/-/ajv-6.12.6.tgz 41038ms (cache miss)
3631 timing reifyNode:node_modules/ajv Completed in 43562ms
3632 http fetch GET 200 https://registry.npmjs.org/type/-/type-2.7.2.tgz 41779ms (cache miss)
3633 timing reifyNode:node_modules/type Completed in 43845ms
3634 http fetch GET 200 https://registry.npmjs.org/resolve/-/resolve-1.22.8.tgz 41796ms (cache miss)
3635 timing reifyNode:node_modules/resolve Completed in 43859ms
3636 http fetch GET 200 https://registry.npmjs.org/@fastify/static/-/static-7.0.3.tgz 41580ms (cache miss)
3637 http fetch GET 200 https://registry.npmjs.org/terser/-/terser-5.30.4.tgz 42300ms (cache miss)
3638 timing reifyNode:node_modules/terser Completed in 44306ms
3639 timing reifyNode:node_modules/@fastify/static Completed in 44260ms
3640 http fetch GET 200 https://registry.npmjs.org/@babel%2fcore 1312ms (cache miss)
3641 timing metavuln:packument:@babel/core Completed in 1314ms
3642 timing metavuln:load:security-advisory:@babel/core:+NsF1flAI8VENgJn0XVIWaC4lCe3b89AZgBOx219qXn/BdXH1EWl/yD49aHbhQimIG4kna8zgkunsmpiAVwNPQ== Completed in 48ms
3643 http fetch GET 200 https://registry.npmjs.org/moment-timezone/-/moment-timezone-0.5.45.tgz 42269ms (cache miss)
3644 http fetch GET 200 https://registry.npmjs.org/@types/node/-/node-20.12.7.tgz 41913ms (cache miss)
3645 timing reifyNode:node_modules/moment-timezone Completed in 44550ms
3646 timing reifyNode:node_modules/@types/node Completed in 44533ms
3647 http fetch GET 200 https://registry.npmjs.org/@babel/core/-/core-7.24.4.tgz 41901ms (cache miss)
3648 timing reifyNode:node_modules/@babel/core Completed in 44593ms
3649 http fetch GET 200 https://registry.npmjs.org/eslint-plugin-import/-/eslint-plugin-import-2.29.1.tgz 42316ms (cache miss)
3650 timing metavuln:cache:put:security-advisory:@babel/core:rHFDgAPDp/sCXbJTVH1CD++gRwqnDm1l5hjqv1UshTfFC03lkAXjHj5sWn7bV61VhpDSBibBqnzYuoOuIJuY0Q== Completed in 345ms
3651 timing metavuln:calculate:security-advisory:@babel/core:+NsF1flAI8VENgJn0XVIWaC4lCe3b89AZgBOx219qXn/BdXH1EWl/yD49aHbhQimIG4kna8zgkunsmpiAVwNPQ== Completed in 1709ms
3652 timing reifyNode:node_modules/eslint-plugin-import Completed in 44793ms
3653 timing metavuln:cache:get:security-advisory:date-fns:kHMTVg+O95Y0EFfM2HO1mb7SZ4p5vWeiW1gikHyGe2x3c6+UXU8uqt+wXkUDmiXnjlJPeS0xt/QOsr/K++6P+Q== Completed in 21ms
3654 timing metavuln:cache:get:security-advisory:i18next:l4tbfjbVOZGuH/00FuoHxAf5DtkJBCMqzu0CQ4juWz1pfNe0diGF78qD/NikjjOQugC9THUj3QGPzO/X2ByTaQ== Completed in 20ms
3655 http fetch GET 200 https://registry.npmjs.org/@babel/runtime/-/runtime-7.24.4.tgz 42470ms (cache miss)
3656 timing reifyNode:node_modules/@babel/runtime Completed in 45101ms
3657 http fetch GET 200 https://registry.npmjs.org/@vscode/sqlite3/-/sqlite3-5.1.2.tgz 42603ms (cache miss)
3658 timing reifyNode:node_modules/@vscode/sqlite3 Completed in 45188ms
3659 http fetch GET 200 https://registry.npmjs.org/jquery/-/jquery-3.7.1.tgz 43005ms (cache miss)
3660 timing reifyNode:node_modules/jquery Completed in 45285ms
3661 http fetch GET 200 https://registry.npmjs.org/sqlite3/-/sqlite3-5.1.7.tgz 43311ms (cache miss)
3662 timing reifyNode:node_modules/sqlite3 Completed in 45367ms
3663 http fetch GET 200 https://registry.npmjs.org/date-fns 921ms (cache miss)
3664 timing metavuln:packument:date-fns Completed in 928ms
3665 timing metavuln:load:security-advisory:date-fns:xDaNmlS3J8LRk7IfDb7e9Gp3gcy/xDr1QZXCKC997SMkqKVemm2guY9vQpRI6omD11L5cfCI+STpoAdxUgnVsA== Completed in 2ms
3666 timing metavuln:cache:put:security-advisory:date-fns:kHMTVg+O95Y0EFfM2HO1mb7SZ4p5vWeiW1gikHyGe2x3c6+UXU8uqt+wXkUDmiXnjlJPeS0xt/QOsr/K++6P+Q== Completed in 385ms
3667 timing metavuln:calculate:security-advisory:date-fns:xDaNmlS3J8LRk7IfDb7e9Gp3gcy/xDr1QZXCKC997SMkqKVemm2guY9vQpRI6omD11L5cfCI+STpoAdxUgnVsA== Completed in 1316ms
3668 http fetch GET 200 https://registry.npmjs.org/pino/-/pino-8.20.0.tgz 44141ms (cache miss)
3669 timing reifyNode:node_modules/pino Completed in 46364ms
3670 http fetch GET 200 https://registry.npmjs.org/fastify-cli/-/fastify-cli-6.1.1.tgz 44151ms (cache miss)
3671 timing reifyNode:node_modules/fastify-cli Completed in 46594ms
3672 http fetch GET 200 https://registry.npmjs.org/node-gyp/-/node-gyp-8.4.1.tgz 44012ms (cache miss)
3673 timing reifyNode:node_modules/sqlite3/node_modules/node-gyp Completed in 46799ms
3674 http fetch GET 200 https://registry.npmjs.org/npm-check-updates/-/npm-check-updates-16.14.18.tgz 44579ms (cache miss)
3675 timing reifyNode:node_modules/npm-check-updates Completed in 46790ms
3676 http fetch GET 200 https://registry.npmjs.org/node-gyp/-/node-gyp-9.4.1.tgz 44606ms (cache miss)
3677 http fetch GET 200 https://registry.npmjs.org/objection/-/objection-3.1.4.tgz 44661ms (cache miss)
3678 timing reifyNode:node_modules/objection Completed in 46862ms
3679 timing reifyNode:node_modules/node-gyp Completed in 46870ms
3680 http fetch GET 200 https://registry.npmjs.org/i18next 2073ms (cache miss)
3681 timing metavuln:packument:i18next Completed in 2079ms
3682 timing metavuln:load:security-advisory:i18next:xDaNmlS3J8LRk7IfDb7e9Gp3gcy/xDr1QZXCKC997SMkqKVemm2guY9vQpRI6omD11L5cfCI+STpoAdxUgnVsA== Completed in 10ms
3683 timing metavuln:cache:put:security-advisory:i18next:l4tbfjbVOZGuH/00FuoHxAf5DtkJBCMqzu0CQ4juWz1pfNe0diGF78qD/NikjjOQugC9THUj3QGPzO/X2ByTaQ== Completed in 231ms
3684 timing metavuln:calculate:security-advisory:i18next:xDaNmlS3J8LRk7IfDb7e9Gp3gcy/xDr1QZXCKC997SMkqKVemm2guY9vQpRI6omD11L5cfCI+STpoAdxUgnVsA== Completed in 2321ms
3685 timing metavuln:cache:get:security-advisory:@eslint/eslintrc:aTNWJFSkw5DS4SB2nZgnaAFFdAXCgYakUu7Vnu0VAj0AclpVyjznKIgNeS8Irm+NcHSORmoypttmDbChxemxqA== Completed in 17ms
3686 timing metavuln:cache:get:security-advisory:ajv-keywords:CfFtUnAadfuCbS71yeRl9tl/9HIXJ6js/s7gXlcBmi25TSuj5fGBRan13Z6fruYADIymacHLp/CVDNUa5XJjlQ== Completed in 18ms
3687 timing metavuln:cache:get:security-advisory:eslint:6kRX7Aokk76Jx6XoOHiMSU8BTR90SQMK5AZjmt7HFdN87a8DFzzjuJwsTWoA1xHp5ATdta4R7ud3Xw2YczLZlA== Completed in 17ms
3688 timing metavuln:cache:get:security-advisory:schema-utils:vlNV1ObVfukgjaciZvL6tO81wrIqbupJy3JWyMpfVe/qCIyWAVHkVJWWQRgYkBk00jAcxPQ8I4FgEcesSO9D+Q== Completed in 18ms
3689 http fetch GET 200 https://registry.npmjs.org/@eslint%2feslintrc 499ms (cache miss)
3690 timing metavuln:packument:@eslint/eslintrc Completed in 500ms
3691 timing metavuln:load:security-advisory:@eslint/eslintrc:u4HOZ0QFYFTDLqnZ5TPSC8VEvP+HMuGcZACJuTqG8bm/gunrgkQwsiiH2pbF9tNIl45RK0sW2ccPzEojb1k0xQ== Completed in 1ms
3692 http fetch GET 200 https://registry.npmjs.org/ajv-keywords 548ms (cache miss)
3693 timing metavuln:packument:ajv-keywords Completed in 550ms
3694 timing metavuln:load:security-advisory:ajv-keywords:u4HOZ0QFYFTDLqnZ5TPSC8VEvP+HMuGcZACJuTqG8bm/gunrgkQwsiiH2pbF9tNIl45RK0sW2ccPzEojb1k0xQ== Completed in 14ms
3695 http fetch GET 200 https://registry.npmjs.org/knex/-/knex-3.1.0.tgz 45450ms (cache miss)
3696 timing reifyNode:node_modules/knex Completed in 47708ms
3697 http fetch GET 200 https://registry.npmjs.org/schema-utils 615ms (cache miss)
3698 timing metavuln:packument:schema-utils Completed in 617ms
3699 timing metavuln:load:security-advisory:schema-utils:u4HOZ0QFYFTDLqnZ5TPSC8VEvP+HMuGcZACJuTqG8bm/gunrgkQwsiiH2pbF9tNIl45RK0sW2ccPzEojb1k0xQ== Completed in 5ms
3700 http fetch GET 200 https://registry.npmjs.org/@babel/types/-/types-7.24.0.tgz 45158ms (cache miss)
3701 timing reifyNode:node_modules/@babel/types Completed in 47825ms
3702 timing metavuln:cache:put:security-advisory:@eslint/eslintrc:aTNWJFSkw5DS4SB2nZgnaAFFdAXCgYakUu7Vnu0VAj0AclpVyjznKIgNeS8Irm+NcHSORmoypttmDbChxemxqA== Completed in 270ms
3703 timing metavuln:calculate:security-advisory:@eslint/eslintrc:u4HOZ0QFYFTDLqnZ5TPSC8VEvP+HMuGcZACJuTqG8bm/gunrgkQwsiiH2pbF9tNIl45RK0sW2ccPzEojb1k0xQ== Completed in 773ms
3704 http fetch GET 200 https://registry.npmjs.org/knex/-/knex-2.5.1.tgz 45107ms (cache miss)
3705 timing reifyNode:node_modules/fastify-objectionjs/node_modules/knex Completed in 47887ms
3706 timing metavuln:cache:put:security-advisory:ajv-keywords:CfFtUnAadfuCbS71yeRl9tl/9HIXJ6js/s7gXlcBmi25TSuj5fGBRan13Z6fruYADIymacHLp/CVDNUa5XJjlQ== Completed in 260ms
3707 timing metavuln:calculate:security-advisory:ajv-keywords:u4HOZ0QFYFTDLqnZ5TPSC8VEvP+HMuGcZACJuTqG8bm/gunrgkQwsiiH2pbF9tNIl45RK0sW2ccPzEojb1k0xQ== Completed in 825ms
3708 timing metavuln:cache:put:security-advisory:schema-utils:vlNV1ObVfukgjaciZvL6tO81wrIqbupJy3JWyMpfVe/qCIyWAVHkVJWWQRgYkBk00jAcxPQ8I4FgEcesSO9D+Q== Completed in 262ms
3709 timing metavuln:calculate:security-advisory:schema-utils:u4HOZ0QFYFTDLqnZ5TPSC8VEvP+HMuGcZACJuTqG8bm/gunrgkQwsiiH2pbF9tNIl45RK0sW2ccPzEojb1k0xQ== Completed in 886ms
3710 http fetch GET 200 https://registry.npmjs.org/@popperjs/core/-/core-2.11.8.tgz 45654ms (cache miss)
3711 timing reifyNode:node_modules/@popperjs/core Completed in 48281ms
3712 http fetch GET 200 https://registry.npmjs.org/eslint 1730ms (cache miss)
3713 timing metavuln:packument:eslint Completed in 1739ms
3714 timing metavuln:load:security-advisory:eslint:u4HOZ0QFYFTDLqnZ5TPSC8VEvP+HMuGcZACJuTqG8bm/gunrgkQwsiiH2pbF9tNIl45RK0sW2ccPzEojb1k0xQ== Completed in 10ms
3715 timing metavuln:cache:put:security-advisory:eslint:6kRX7Aokk76Jx6XoOHiMSU8BTR90SQMK5AZjmt7HFdN87a8DFzzjuJwsTWoA1xHp5ATdta4R7ud3Xw2YczLZlA== Completed in 192ms
3716 timing metavuln:calculate:security-advisory:eslint:u4HOZ0QFYFTDLqnZ5TPSC8VEvP+HMuGcZACJuTqG8bm/gunrgkQwsiiH2pbF9tNIl45RK0sW2ccPzEojb1k0xQ== Completed in 1943ms
3717 timing metavuln:cache:get:security-advisory:objection:jeTPYs/kAD6NSRH/MdI7QnU+4Hiwje7WgQEBOjoTX9eJtgPbcSXlxjiVq480QD1AoBjpOEDDxi5b4uTcS/+5FA== Completed in 10ms
3718 timing metavuln:cache:get:security-advisory:@fastify/ajv-compiler:+MLdGrUswLVyvmXiuYG66Nr9N0uWS06Mp2b1NPYRzxFzRanMM4snyVQYmf7jDlBCLmagi+ylWXX6kGn5g5IXJg== Completed in 12ms
3719 timing metavuln:cache:get:security-advisory:fast-json-stringify:XZWsOq+kHn1UjLK/uKvUbRzYGtOQyzV/hW4n+VQ+pUIUFFHT8wgzf3SfcccZ6hMHYV0BuN0TqHOEr1Pvh2AbvQ== Completed in 12ms
3720 timing metavuln:cache:get:security-advisory:ajv-formats:FvZpb7jSNyyWiQIVPGitnU868Mo9VzJTfWeYAHvgwc94UdQjyn/4YC1QV41UK3biKRAfI35CyKmFL3IDemDaKQ== Completed in 12ms
3721 timing metavuln:cache:get:security-advisory:schema-utils:jeD++QW3RmuXUj4724QcitSOqXm1y5wbrmfm8CQ+ksMJQx9x5aXXN4+FC6sDGla6lZbT/KpvddsLwTCnkcqp7w== Completed in 11ms
3722 timing metavuln:load:security-advisory:schema-utils:URErmxoyazZWR5lFcXpgTkGsbkrUBDlzD8W6txjBw2wZoOC7oHjHFfCrRr/VnGeJvbyUY9E2jxrL8p2XbwfP8g== Completed in 7ms
3723 timing metavuln:cache:get:security-advisory:ajv-keywords:2GXRn8zsuxNEY7/qN6wYE4CrPKkAphM+4Wm/OdOGHx+Nj0CLwtJcho1aVT3xUylELIHg6tXqQVmGBKQ2DdlCMA== Completed in 20ms
3724 timing metavuln:load:security-advisory:ajv-keywords:URErmxoyazZWR5lFcXpgTkGsbkrUBDlzD8W6txjBw2wZoOC7oHjHFfCrRr/VnGeJvbyUY9E2jxrL8p2XbwfP8g== Completed in 6ms
3725 timing metavuln:cache:put:security-advisory:schema-utils:jeD++QW3RmuXUj4724QcitSOqXm1y5wbrmfm8CQ+ksMJQx9x5aXXN4+FC6sDGla6lZbT/KpvddsLwTCnkcqp7w== Completed in 179ms
3726 timing metavuln:calculate:security-advisory:schema-utils:URErmxoyazZWR5lFcXpgTkGsbkrUBDlzD8W6txjBw2wZoOC7oHjHFfCrRr/VnGeJvbyUY9E2jxrL8p2XbwfP8g== Completed in 200ms
3727 timing metavuln:cache:put:security-advisory:ajv-keywords:2GXRn8zsuxNEY7/qN6wYE4CrPKkAphM+4Wm/OdOGHx+Nj0CLwtJcho1aVT3xUylELIHg6tXqQVmGBKQ2DdlCMA== Completed in 173ms
3728 timing metavuln:calculate:security-advisory:ajv-keywords:URErmxoyazZWR5lFcXpgTkGsbkrUBDlzD8W6txjBw2wZoOC7oHjHFfCrRr/VnGeJvbyUY9E2jxrL8p2XbwfP8g== Completed in 200ms
3729 http fetch GET 200 https://registry.npmjs.org/@fastify%2fajv-compiler 369ms (cache miss)
3730 timing metavuln:packument:@fastify/ajv-compiler Completed in 371ms
3731 timing metavuln:load:security-advisory:@fastify/ajv-compiler:URErmxoyazZWR5lFcXpgTkGsbkrUBDlzD8W6txjBw2wZoOC7oHjHFfCrRr/VnGeJvbyUY9E2jxrL8p2XbwfP8g== Completed in 4ms
3732 http fetch GET 200 https://registry.npmjs.org/ajv-formats 496ms (cache miss)
3733 timing metavuln:packument:ajv-formats Completed in 497ms
3734 timing metavuln:load:security-advisory:ajv-formats:URErmxoyazZWR5lFcXpgTkGsbkrUBDlzD8W6txjBw2wZoOC7oHjHFfCrRr/VnGeJvbyUY9E2jxrL8p2XbwfP8g== Completed in 5ms
3735 timing metavuln:cache:put:security-advisory:@fastify/ajv-compiler:+MLdGrUswLVyvmXiuYG66Nr9N0uWS06Mp2b1NPYRzxFzRanMM4snyVQYmf7jDlBCLmagi+ylWXX6kGn5g5IXJg== Completed in 208ms
3736 timing metavuln:calculate:security-advisory:@fastify/ajv-compiler:URErmxoyazZWR5lFcXpgTkGsbkrUBDlzD8W6txjBw2wZoOC7oHjHFfCrRr/VnGeJvbyUY9E2jxrL8p2XbwfP8g== Completed in 584ms
3737 timing metavuln:cache:put:security-advisory:ajv-formats:FvZpb7jSNyyWiQIVPGitnU868Mo9VzJTfWeYAHvgwc94UdQjyn/4YC1QV41UK3biKRAfI35CyKmFL3IDemDaKQ== Completed in 204ms
3738 timing metavuln:calculate:security-advisory:ajv-formats:URErmxoyazZWR5lFcXpgTkGsbkrUBDlzD8W6txjBw2wZoOC7oHjHFfCrRr/VnGeJvbyUY9E2jxrL8p2XbwfP8g== Completed in 707ms
3739 http fetch GET 200 https://registry.npmjs.org/fast-json-stringify 817ms (cache miss)
3740 timing metavuln:packument:fast-json-stringify Completed in 821ms
3741 timing metavuln:load:security-advisory:fast-json-stringify:URErmxoyazZWR5lFcXpgTkGsbkrUBDlzD8W6txjBw2wZoOC7oHjHFfCrRr/VnGeJvbyUY9E2jxrL8p2XbwfP8g== Completed in 14ms
3742 http fetch GET 200 https://registry.npmjs.org/es5-ext/-/es5-ext-0.10.64.tgz 47633ms (cache miss)
3743 timing reifyNode:node_modules/es5-ext Completed in 50050ms
3744 timing metavuln:cache:put:security-advisory:fast-json-stringify:XZWsOq+kHn1UjLK/uKvUbRzYGtOQyzV/hW4n+VQ+pUIUFFHT8wgzf3SfcccZ6hMHYV0BuN0TqHOEr1Pvh2AbvQ== Completed in 236ms
3745 timing metavuln:calculate:security-advisory:fast-json-stringify:URErmxoyazZWR5lFcXpgTkGsbkrUBDlzD8W6txjBw2wZoOC7oHjHFfCrRr/VnGeJvbyUY9E2jxrL8p2XbwfP8g== Completed in 1071ms
3746 http fetch GET 200 https://registry.npmjs.org/objection 1111ms (cache miss)
3747 timing metavuln:packument:objection Completed in 1113ms
3748 timing metavuln:load:security-advisory:objection:URErmxoyazZWR5lFcXpgTkGsbkrUBDlzD8W6txjBw2wZoOC7oHjHFfCrRr/VnGeJvbyUY9E2jxrL8p2XbwfP8g== Completed in 6ms
3749 http fetch GET 200 https://registry.npmjs.org/fastify/-/fastify-4.26.2.tgz 47929ms (cache miss)
3750 timing reifyNode:node_modules/fastify Completed in 50352ms
3751 timing metavuln:cache:put:security-advisory:objection:jeTPYs/kAD6NSRH/MdI7QnU+4Hiwje7WgQEBOjoTX9eJtgPbcSXlxjiVq480QD1AoBjpOEDDxi5b4uTcS/+5FA== Completed in 195ms
3752 timing metavuln:calculate:security-advisory:objection:URErmxoyazZWR5lFcXpgTkGsbkrUBDlzD8W6txjBw2wZoOC7oHjHFfCrRr/VnGeJvbyUY9E2jxrL8p2XbwfP8g== Completed in 1316ms
3753 timing metavuln:cache:get:security-advisory:@istanbuljs/load-nyc-config:w/86FNlNAKUQI54d7RUzBsP1/0m9gEqvzcKgVc1hG/QVJuqE1LIXvZVbQtAg4c7kez3/aUOM4JWOhkj3kEEPVA== Completed in 10ms
3754 http fetch GET 200 https://registry.npmjs.org/@istanbuljs%2fload-nyc-config 277ms (cache miss)
3755 timing metavuln:packument:@istanbuljs/load-nyc-config Completed in 277ms
3756 timing metavuln:load:security-advisory:@istanbuljs/load-nyc-config:MQ5RokLIvrWmT8/NQU0dD+jQ+6pFslHlaXx1Z5q7mESITohR8AwLT525ddIc2KvKZYbB1p5yclW3kV4xeRYXEg== Completed in 1ms
3757 timing metavuln:cache:put:security-advisory:@istanbuljs/load-nyc-config:w/86FNlNAKUQI54d7RUzBsP1/0m9gEqvzcKgVc1hG/QVJuqE1LIXvZVbQtAg4c7kez3/aUOM4JWOhkj3kEEPVA== Completed in 212ms
3758 timing metavuln:calculate:security-advisory:@istanbuljs/load-nyc-config:MQ5RokLIvrWmT8/NQU0dD+jQ+6pFslHlaXx1Z5q7mESITohR8AwLT525ddIc2KvKZYbB1p5yclW3kV4xeRYXEg== Completed in 490ms
3759 timing metavuln:cache:get:security-advisory:@eslint/eslintrc:+dj/LqpwTuLnMbBYuGIzIb6b3zspptDh0rakRHhZtIReGOQCQDIXFUqoHFXyUBrXqkKL96IYWa7gOtmMPQ2AIw== Completed in 11ms
3760 timing metavuln:load:security-advisory:@eslint/eslintrc:621IdjBdZEeVoUcjWGl1jXN0jFDGaf7dIQMeaPVKf5MxqYprJztiOC0OHOUPVoayh7Cq/fTC8L5CqEb98qlE7w== Completed in 1ms
3761 timing metavuln:cache:get:security-advisory:eslint:tWpS8shwtPvlnKrr0IDTnNgdZsEAPzEyjXys9cT2vEpfBr9XWHwJtpN5VN/tlasnmObTFIj3QrfKiIX5Y5+g2Q== Completed in 12ms
3762 timing metavuln:load:security-advisory:eslint:621IdjBdZEeVoUcjWGl1jXN0jFDGaf7dIQMeaPVKf5MxqYprJztiOC0OHOUPVoayh7Cq/fTC8L5CqEb98qlE7w== Completed in 5ms
3763 timing metavuln:cache:get:security-advisory:npm-check-updates:9vC8VlwNHMPreDKCmfk/iQYKr5FKq35DZWscTOeXqRjPbM+Efw5aQBr9cfJGMTacDylcPe1nQJ5GQctXjbhmEA== Completed in 18ms
3764 timing metavuln:cache:get:security-advisory:rc-config-loader:q4AulNladPM/Ic9lEbKbGuyQzjCn1jqwz0AMYs/yQHvgYOx1mDpLBZLgKZBAnHqoDFu8LWanb5hOiIEPx1/klw== Completed in 18ms
3765 http fetch GET 200 https://registry.npmjs.org/sequelize/-/sequelize-6.37.3.tgz 49016ms (cache miss)
3766 timing reifyNode:node_modules/sequelize Completed in 51097ms
3767 timing metavuln:cache:put:security-advisory:@eslint/eslintrc:+dj/LqpwTuLnMbBYuGIzIb6b3zspptDh0rakRHhZtIReGOQCQDIXFUqoHFXyUBrXqkKL96IYWa7gOtmMPQ2AIw== Completed in 222ms
3768 timing metavuln:calculate:security-advisory:@eslint/eslintrc:621IdjBdZEeVoUcjWGl1jXN0jFDGaf7dIQMeaPVKf5MxqYprJztiOC0OHOUPVoayh7Cq/fTC8L5CqEb98qlE7w== Completed in 234ms
3769 timing metavuln:cache:put:security-advisory:eslint:tWpS8shwtPvlnKrr0IDTnNgdZsEAPzEyjXys9cT2vEpfBr9XWHwJtpN5VN/tlasnmObTFIj3QrfKiIX5Y5+g2Q== Completed in 217ms
3770 timing metavuln:calculate:security-advisory:eslint:621IdjBdZEeVoUcjWGl1jXN0jFDGaf7dIQMeaPVKf5MxqYprJztiOC0OHOUPVoayh7Cq/fTC8L5CqEb98qlE7w== Completed in 235ms
3771 http fetch GET 200 https://registry.npmjs.org/ajv/-/ajv-8.12.0.tgz 48355ms (cache miss)
3772 http fetch GET 200 https://registry.npmjs.org/ajv/-/ajv-8.11.0.tgz 48431ms (cache miss)
3773 http fetch GET 200 https://registry.npmjs.org/ajv/-/ajv-8.12.0.tgz 48417ms (cache miss)
3774 timing reifyNode:node_modules/schema-utils/node_modules/ajv Completed in 51197ms
3775 timing reifyNode:node_modules/fast-json-stringify/node_modules/ajv Completed in 51174ms
3776 timing reifyNode:node_modules/objection/node_modules/ajv Completed in 51207ms
3777 http fetch GET 200 https://registry.npmjs.org/ajv/-/ajv-8.11.0.tgz 48373ms (cache miss)
3778 timing reifyNode:node_modules/ajv-formats/node_modules/ajv Completed in 51192ms
3779 http fetch GET 200 https://registry.npmjs.org/ajv/-/ajv-8.12.0.tgz 48397ms (cache miss)
3780 timing reifyNode:node_modules/@fastify/ajv-compiler/node_modules/ajv Completed in 51234ms
3781 http fetch GET 200 https://registry.npmjs.org/rc-config-loader 412ms (cache miss)
3782 timing metavuln:packument:rc-config-loader Completed in 413ms
3783 timing metavuln:load:security-advisory:rc-config-loader:621IdjBdZEeVoUcjWGl1jXN0jFDGaf7dIQMeaPVKf5MxqYprJztiOC0OHOUPVoayh7Cq/fTC8L5CqEb98qlE7w== Completed in 1ms
3784 http fetch GET 200 https://registry.npmjs.org/better-sqlite3/-/better-sqlite3-8.7.0.tgz 48762ms (cache miss)
3785 timing reifyNode:node_modules/better-sqlite3 Completed in 51285ms
3786 timing metavuln:cache:put:security-advisory:rc-config-loader:q4AulNladPM/Ic9lEbKbGuyQzjCn1jqwz0AMYs/yQHvgYOx1mDpLBZLgKZBAnHqoDFu8LWanb5hOiIEPx1/klw== Completed in 104ms
3787 timing metavuln:calculate:security-advisory:rc-config-loader:621IdjBdZEeVoUcjWGl1jXN0jFDGaf7dIQMeaPVKf5MxqYprJztiOC0OHOUPVoayh7Cq/fTC8L5CqEb98qlE7w== Completed in 519ms
3788 http fetch GET 200 https://registry.npmjs.org/eslint/-/eslint-8.57.0.tgz 49383ms (cache miss)
3789 timing reifyNode:node_modules/eslint Completed in 51796ms
3790 http fetch GET 200 https://registry.npmjs.org/npm-check-updates 1446ms (cache miss)
3791 timing metavuln:packument:npm-check-updates Completed in 1455ms
3792 timing metavuln:load:security-advisory:npm-check-updates:621IdjBdZEeVoUcjWGl1jXN0jFDGaf7dIQMeaPVKf5MxqYprJztiOC0OHOUPVoayh7Cq/fTC8L5CqEb98qlE7w== Completed in 3ms
3793 timing metavuln:cache:put:security-advisory:npm-check-updates:9vC8VlwNHMPreDKCmfk/iQYKr5FKq35DZWscTOeXqRjPbM+Efw5aQBr9cfJGMTacDylcPe1nQJ5GQctXjbhmEA== Completed in 97ms
3794 timing metavuln:calculate:security-advisory:npm-check-updates:621IdjBdZEeVoUcjWGl1jXN0jFDGaf7dIQMeaPVKf5MxqYprJztiOC0OHOUPVoayh7Cq/fTC8L5CqEb98qlE7w== Completed in 1556ms
3795 timing metavuln:cache:get:security-advisory:@fastify/static:TJO1f5BqMO4qMGONrc+X2aE91hAeJVEa64O46oNWsNPJu2NMTiGs2lLdmyRmAW0v3iBC5Nb7yZi+GFX0dYya2A== Completed in 6ms
3796 timing metavuln:cache:get:security-advisory:cacache:jgcnDPpQA6Pd0WUq11of4JS3nfZzFbYPGEiM5lXhkm38JNpJrS4nuiCNInBrG+RFBevWIak8ZWL+tkpr1DlzGg== Completed in 6ms
3797 timing metavuln:cache:get:security-advisory:js-beautify:Vg4oCCAQB/t0zzprsEbdJg6TgVHuRJw0PRholaLu8gEgXPNwujG9YYkL+R6A/jlFVJswJIA/24mjV0y67XN7RQ== Completed in 7ms
3798 timing metavuln:cache:get:security-advisory:rimraf:U6dWjEG+wBLaAeoUiIjGQdamS87vxL0a3IcTpkHufDNqr9Eagu7/CvMBwQallZVI2Pl2lkAMB2WJoO94XiR/Rw== Completed in 6ms
3799 timing metavuln:cache:get:security-advisory:read-package-json:5WkYUYsTGprHudeNOjhfcYXDGB8eWDswOp2+aJWtp1ncEbaoiGa2Q1lkBQE7lR7C0v/5HFdS8ID7fdeWkZPMug== Completed in 6ms
3800 http fetch GET 200 https://registry.npmjs.org/@fastify%2fstatic 222ms (cache miss)
3801 timing metavuln:packument:@fastify/static Completed in 223ms
3802 timing metavuln:load:security-advisory:@fastify/static:NTB2XjbDOgk4lkd8PZ3tUAm1F3E/ohGF6rl9/3LEO7Z0FDzSR5nWwzd3nUENA3NCNdyeR+35DOC12wPml2IV+g== Completed in 2ms
3803 http fetch GET 200 https://registry.npmjs.org/read-package-json 228ms (cache miss)
3804 timing metavuln:packument:read-package-json Completed in 229ms
3805 timing metavuln:load:security-advisory:read-package-json:NTB2XjbDOgk4lkd8PZ3tUAm1F3E/ohGF6rl9/3LEO7Z0FDzSR5nWwzd3nUENA3NCNdyeR+35DOC12wPml2IV+g== Completed in 3ms
3806 http fetch GET 200 https://registry.npmjs.org/cacache 236ms (cache miss)
3807 timing metavuln:packument:cacache Completed in 237ms
3808 timing metavuln:load:security-advisory:cacache:NTB2XjbDOgk4lkd8PZ3tUAm1F3E/ohGF6rl9/3LEO7Z0FDzSR5nWwzd3nUENA3NCNdyeR+35DOC12wPml2IV+g== Completed in 2ms
3809 http fetch GET 200 https://registry.npmjs.org/js-beautify 267ms (cache miss)
3810 timing metavuln:packument:js-beautify Completed in 269ms
3811 timing metavuln:load:security-advisory:js-beautify:NTB2XjbDOgk4lkd8PZ3tUAm1F3E/ohGF6rl9/3LEO7Z0FDzSR5nWwzd3nUENA3NCNdyeR+35DOC12wPml2IV+g== Completed in 3ms
3812 http fetch GET 200 https://registry.npmjs.org/rimraf 301ms (cache miss)
3813 timing metavuln:packument:rimraf Completed in 302ms
3814 timing metavuln:load:security-advisory:rimraf:NTB2XjbDOgk4lkd8PZ3tUAm1F3E/ohGF6rl9/3LEO7Z0FDzSR5nWwzd3nUENA3NCNdyeR+35DOC12wPml2IV+g== Completed in 4ms
3815 http fetch GET 200 https://registry.npmjs.org/bootstrap/-/bootstrap-5.3.3.tgz 50235ms (cache miss)
3816 timing metavuln:cache:put:security-advisory:@fastify/static:TJO1f5BqMO4qMGONrc+X2aE91hAeJVEa64O46oNWsNPJu2NMTiGs2lLdmyRmAW0v3iBC5Nb7yZi+GFX0dYya2A== Completed in 121ms
3817 timing metavuln:calculate:security-advisory:@fastify/static:NTB2XjbDOgk4lkd8PZ3tUAm1F3E/ohGF6rl9/3LEO7Z0FDzSR5nWwzd3nUENA3NCNdyeR+35DOC12wPml2IV+g== Completed in 349ms
3818 timing reifyNode:node_modules/bootstrap Completed in 52755ms
3819 timing metavuln:cache:put:security-advisory:read-package-json:5WkYUYsTGprHudeNOjhfcYXDGB8eWDswOp2+aJWtp1ncEbaoiGa2Q1lkBQE7lR7C0v/5HFdS8ID7fdeWkZPMug== Completed in 121ms
3820 timing metavuln:calculate:security-advisory:read-package-json:NTB2XjbDOgk4lkd8PZ3tUAm1F3E/ohGF6rl9/3LEO7Z0FDzSR5nWwzd3nUENA3NCNdyeR+35DOC12wPml2IV+g== Completed in 353ms
3821 timing metavuln:cache:put:security-advisory:cacache:jgcnDPpQA6Pd0WUq11of4JS3nfZzFbYPGEiM5lXhkm38JNpJrS4nuiCNInBrG+RFBevWIak8ZWL+tkpr1DlzGg== Completed in 117ms
3822 timing metavuln:calculate:security-advisory:cacache:NTB2XjbDOgk4lkd8PZ3tUAm1F3E/ohGF6rl9/3LEO7Z0FDzSR5nWwzd3nUENA3NCNdyeR+35DOC12wPml2IV+g== Completed in 358ms
3823 timing metavuln:cache:put:security-advisory:js-beautify:Vg4oCCAQB/t0zzprsEbdJg6TgVHuRJw0PRholaLu8gEgXPNwujG9YYkL+R6A/jlFVJswJIA/24mjV0y67XN7RQ== Completed in 115ms
3824 timing metavuln:calculate:security-advisory:js-beautify:NTB2XjbDOgk4lkd8PZ3tUAm1F3E/ohGF6rl9/3LEO7Z0FDzSR5nWwzd3nUENA3NCNdyeR+35DOC12wPml2IV+g== Completed in 387ms
3825 timing metavuln:cache:put:security-advisory:rimraf:U6dWjEG+wBLaAeoUiIjGQdamS87vxL0a3IcTpkHufDNqr9Eagu7/CvMBwQallZVI2Pl2lkAMB2WJoO94XiR/Rw== Completed in 99ms
3826 timing metavuln:calculate:security-advisory:rimraf:NTB2XjbDOgk4lkd8PZ3tUAm1F3E/ohGF6rl9/3LEO7Z0FDzSR5nWwzd3nUENA3NCNdyeR+35DOC12wPml2IV+g== Completed in 405ms
3827 timing metavuln:cache:get:security-advisory:http-proxy-agent:yWh+WsUCdzVUoHJ+ukHX3VBWHgc+bzFCiNYaEHuuvW29uVMpISqXUxRqbG/B55MQ8eiu9zSwUnABxh5qJf1U0w== Completed in 5ms
3828 http fetch GET 200 https://registry.npmjs.org/moment/-/moment-2.30.1.tgz 50754ms (cache miss)
3829 timing reifyNode:node_modules/moment Completed in 52990ms
3830 http fetch GET 200 https://registry.npmjs.org/http-proxy-agent 183ms (cache miss)
3831 timing metavuln:packument:http-proxy-agent Completed in 184ms
3832 timing metavuln:load:security-advisory:http-proxy-agent:Bij+qufwr7God+MYI0JIFJYEDFT3IlGllIhDaMb6DB6UZOYpGBBfXc1Jq59Wdg/M2NdGRUO2+zYnIEZHW42YDw== Completed in 1ms
3833 timing metavuln:cache:put:security-advisory:http-proxy-agent:yWh+WsUCdzVUoHJ+ukHX3VBWHgc+bzFCiNYaEHuuvW29uVMpISqXUxRqbG/B55MQ8eiu9zSwUnABxh5qJf1U0w== Completed in 83ms
3834 timing metavuln:calculate:security-advisory:http-proxy-agent:Bij+qufwr7God+MYI0JIFJYEDFT3IlGllIhDaMb6DB6UZOYpGBBfXc1Jq59Wdg/M2NdGRUO2+zYnIEZHW42YDw== Completed in 269ms
3835 timing metavuln:cache:get:security-advisory:minimatch:EdzP79sukXfwnaTxyFO/a1+fXPBBvIH9NlsgWGTGWGSpQkNPxYQxFaMxiKCAwfckwBABbsvD1jCrk+QZ4W56Rw== Completed in 5ms
3836 timing metavuln:load:security-advisory:minimatch:7IQMvcVTr+svbh5KCx4Kl6FQKJ1GciM03BnJAve/5WYJjUeRzKAIrStVpfachbl3T6a7o8nYlQEVG6Ih0TNXRg== Completed in 2ms
3837 timing metavuln:cache:put:security-advisory:minimatch:EdzP79sukXfwnaTxyFO/a1+fXPBBvIH9NlsgWGTGWGSpQkNPxYQxFaMxiKCAwfckwBABbsvD1jCrk+QZ4W56Rw== Completed in 82ms
3838 timing metavuln:calculate:security-advisory:minimatch:7IQMvcVTr+svbh5KCx4Kl6FQKJ1GciM03BnJAve/5WYJjUeRzKAIrStVpfachbl3T6a7o8nYlQEVG6Ih0TNXRg== Completed in 90ms
3839 timing metavuln:cache:get:security-advisory:minimatch:47aVejY8/1KnEnFlTo+uF90a7w1XvtOjMP1i7DvyX4+jxy/wlG4RjX1rMW+bmptQMpL8TSkcMyWTMH7gxl9Fpg== Completed in 5ms
3840 timing metavuln:load:security-advisory:minimatch:mClmYqWawCNXseeTBHWiIwZH/2CmFUqPCmosJIeOhAgD9z1v3SayhHAwaWVo8wmeKU/JN9VP4zDBeXaqy3Ay2A== Completed in 2ms
3841 timing metavuln:cache:put:security-advisory:minimatch:47aVejY8/1KnEnFlTo+uF90a7w1XvtOjMP1i7DvyX4+jxy/wlG4RjX1rMW+bmptQMpL8TSkcMyWTMH7gxl9Fpg== Completed in 91ms
3842 timing metavuln:calculate:security-advisory:minimatch:mClmYqWawCNXseeTBHWiIwZH/2CmFUqPCmosJIeOhAgD9z1v3SayhHAwaWVo8wmeKU/JN9VP4zDBeXaqy3Ay2A== Completed in 98ms
3843 timing metavuln:cache:get:security-advisory:@eslint/eslintrc:ekjU9xvLMIGZ60VAS3cJiXhpLVygLLVhrX5j5gbU96muSnaowg56B//Z2ieRbqnSyEhXO09OAWrrIfGViIVogQ== Completed in 6ms
3844 timing metavuln:load:security-advisory:@eslint/eslintrc:V/3cIcyAQcG1bwuH0e0PI9Qt5WRtbvb/WOz2mBxAfNzXf+Dvs9G1X05eHjnPq2b0TJY4zXXpqhCAkRAipgk3iQ== Completed in 1ms
3845 timing metavuln:cache:get:security-advisory:@humanwhocodes/config-array:Tk7QyZJ/5FJIVNFvkr1kqYAW2HdFmlGmqor9USZiENZhVXh0kmlTve1snlA6YKmRt6Vc/ua7GMSY9wOQLaXfEQ== Completed in 7ms
3846 timing metavuln:cache:get:security-advisory:glob:SiaR+x876RZ4PrtFfgITl2I3eRZNkCbXOr2JdOKzsfFOqrFtyoEMmqMabD5D9LbuunJXr2ioG0JXsVQhURvrcw== Completed in 7ms
3847 timing metavuln:load:security-advisory:glob:V/3cIcyAQcG1bwuH0e0PI9Qt5WRtbvb/WOz2mBxAfNzXf+Dvs9G1X05eHjnPq2b0TJY4zXXpqhCAkRAipgk3iQ== Completed in 8ms
3848 timing metavuln:cache:get:security-advisory:eslint:ev5azc2U50vUYTqLo2/jaU7l8ps6Yvlqzkyp5OLr37QKqPK3+eCnjR+sureWWgBbnj1subBH7GupBmACDEZ2Mw== Completed in 16ms
3849 timing metavuln:load:security-advisory:eslint:V/3cIcyAQcG1bwuH0e0PI9Qt5WRtbvb/WOz2mBxAfNzXf+Dvs9G1X05eHjnPq2b0TJY4zXXpqhCAkRAipgk3iQ== Completed in 5ms
3850 timing metavuln:cache:get:security-advisory:eslint-plugin-import:8kV5Y/kp5eDWHoCxaxP2GpSM+URcZdaiGzBLqLCUL1aFnqNJYOG1MA8HRImPYwbeSnjoD4UdCemYrgpPgqe0nQ== Completed in 22ms
3851 timing metavuln:cache:get:security-advisory:test-exclude:De4LSt7GFd/3aSdpF9X0QBXe74F5SOyZn84x+XzVHWPULZ2n4LHZiiFowGX/Gy/2DxKjKrSmy5eilhUTqfLeXA== Completed in 22ms
3852 timing metavuln:cache:put:security-advisory:eslint:ev5azc2U50vUYTqLo2/jaU7l8ps6Yvlqzkyp5OLr37QKqPK3+eCnjR+sureWWgBbnj1subBH7GupBmACDEZ2Mw== Completed in 101ms
3853 timing metavuln:calculate:security-advisory:eslint:V/3cIcyAQcG1bwuH0e0PI9Qt5WRtbvb/WOz2mBxAfNzXf+Dvs9G1X05eHjnPq2b0TJY4zXXpqhCAkRAipgk3iQ== Completed in 122ms
3854 timing metavuln:cache:put:security-advisory:@eslint/eslintrc:ekjU9xvLMIGZ60VAS3cJiXhpLVygLLVhrX5j5gbU96muSnaowg56B//Z2ieRbqnSyEhXO09OAWrrIfGViIVogQ== Completed in 116ms
3855 timing metavuln:calculate:security-advisory:@eslint/eslintrc:V/3cIcyAQcG1bwuH0e0PI9Qt5WRtbvb/WOz2mBxAfNzXf+Dvs9G1X05eHjnPq2b0TJY4zXXpqhCAkRAipgk3iQ== Completed in 124ms
3856 timing metavuln:cache:put:security-advisory:glob:SiaR+x876RZ4PrtFfgITl2I3eRZNkCbXOr2JdOKzsfFOqrFtyoEMmqMabD5D9LbuunJXr2ioG0JXsVQhURvrcw== Completed in 111ms
3857 timing metavuln:calculate:security-advisory:glob:V/3cIcyAQcG1bwuH0e0PI9Qt5WRtbvb/WOz2mBxAfNzXf+Dvs9G1X05eHjnPq2b0TJY4zXXpqhCAkRAipgk3iQ== Completed in 128ms
3858 http fetch GET 200 https://registry.npmjs.org/@humanwhocodes%2fconfig-array 214ms (cache miss)
3859 timing metavuln:packument:@humanwhocodes/config-array Completed in 216ms
3860 timing metavuln:load:security-advisory:@humanwhocodes/config-array:V/3cIcyAQcG1bwuH0e0PI9Qt5WRtbvb/WOz2mBxAfNzXf+Dvs9G1X05eHjnPq2b0TJY4zXXpqhCAkRAipgk3iQ== Completed in 1ms
3861 http fetch GET 200 https://registry.npmjs.org/test-exclude 247ms (cache miss)
3862 timing metavuln:packument:test-exclude Completed in 248ms
3863 timing metavuln:load:security-advisory:test-exclude:V/3cIcyAQcG1bwuH0e0PI9Qt5WRtbvb/WOz2mBxAfNzXf+Dvs9G1X05eHjnPq2b0TJY4zXXpqhCAkRAipgk3iQ== Completed in 0ms
3864 http fetch GET 200 https://registry.npmjs.org/eslint-plugin-import 293ms (cache miss)
3865 timing metavuln:packument:eslint-plugin-import Completed in 295ms
3866 timing metavuln:load:security-advisory:eslint-plugin-import:V/3cIcyAQcG1bwuH0e0PI9Qt5WRtbvb/WOz2mBxAfNzXf+Dvs9G1X05eHjnPq2b0TJY4zXXpqhCAkRAipgk3iQ== Completed in 1ms
3867 http fetch GET 200 https://registry.npmjs.org/caniuse-lite/-/caniuse-lite-1.0.30001612.tgz 51093ms (cache miss)
3868 timing metavuln:cache:put:security-advisory:@humanwhocodes/config-array:Tk7QyZJ/5FJIVNFvkr1kqYAW2HdFmlGmqor9USZiENZhVXh0kmlTve1snlA6YKmRt6Vc/ua7GMSY9wOQLaXfEQ== Completed in 105ms
3869 timing metavuln:calculate:security-advisory:@humanwhocodes/config-array:V/3cIcyAQcG1bwuH0e0PI9Qt5WRtbvb/WOz2mBxAfNzXf+Dvs9G1X05eHjnPq2b0TJY4zXXpqhCAkRAipgk3iQ== Completed in 323ms
3870 timing reifyNode:node_modules/caniuse-lite Completed in 53608ms
3871 timing metavuln:cache:put:security-advisory:test-exclude:De4LSt7GFd/3aSdpF9X0QBXe74F5SOyZn84x+XzVHWPULZ2n4LHZiiFowGX/Gy/2DxKjKrSmy5eilhUTqfLeXA== Completed in 93ms
3872 timing metavuln:calculate:security-advisory:test-exclude:V/3cIcyAQcG1bwuH0e0PI9Qt5WRtbvb/WOz2mBxAfNzXf+Dvs9G1X05eHjnPq2b0TJY4zXXpqhCAkRAipgk3iQ== Completed in 342ms
3873 timing metavuln:cache:put:security-advisory:eslint-plugin-import:8kV5Y/kp5eDWHoCxaxP2GpSM+URcZdaiGzBLqLCUL1aFnqNJYOG1MA8HRImPYwbeSnjoD4UdCemYrgpPgqe0nQ== Completed in 77ms
3874 timing metavuln:calculate:security-advisory:eslint-plugin-import:V/3cIcyAQcG1bwuH0e0PI9Qt5WRtbvb/WOz2mBxAfNzXf+Dvs9G1X05eHjnPq2b0TJY4zXXpqhCAkRAipgk3iQ== Completed in 374ms
3875 timing metavuln:cache:get:security-advisory:glob:R4X+WnpDwtUFUv4hhCOieVu7cXYbSHCEovFByswSd9q6FLTbUcFBMmqOz6HDB3PanEPMgXwCTV2vlizoY9cSfg== Completed in 4ms
3876 timing metavuln:load:security-advisory:glob:/utMkAt3a6jSPsaWIJ1J7tAb7G+ccGxNsymbhFTVWOMIyhRZOJ9QR0zn1SNtejrdUO5fsO4RDJKDMI6C5/bkuw== Completed in 4ms
3877 timing metavuln:cache:put:security-advisory:glob:R4X+WnpDwtUFUv4hhCOieVu7cXYbSHCEovFByswSd9q6FLTbUcFBMmqOz6HDB3PanEPMgXwCTV2vlizoY9cSfg== Completed in 66ms
3878 timing metavuln:calculate:security-advisory:glob:/utMkAt3a6jSPsaWIJ1J7tAb7G+ccGxNsymbhFTVWOMIyhRZOJ9QR0zn1SNtejrdUO5fsO4RDJKDMI6C5/bkuw== Completed in 74ms
3879 timing metavuln:cache:get:security-advisory:@tufjs/models:4wxcDKEpUGR0GG34YoeguhvYrrA8gnDi+bbFPvJ1ftFhtA8GKofd1Zc9djffF9x3DYxzUuaf4dF+iJVeG77ZkQ== Completed in 4ms
3880 timing metavuln:cache:get:security-advisory:editorconfig:/pief47seGDBHnUOHcdf4vh8S5av/gmYGMH6T5uy3DhJchX5AykoNsEcl2U0K2kYnXDy3Q1HW14AEdN7s+Mmhw== Completed in 4ms
3881 timing metavuln:cache:get:security-advisory:ignore-walk:b0cI17MNlfsNzPHVnJnFHuGz6GP1AHCbc+TCdgowf9biWQZxg/Uqvqnya2SlfuePnqBI3YsbXp/211wT8oLsfQ== Completed in 4ms
3882 timing metavuln:cache:get:security-advisory:glob:2gIChGnRwWJwoiDYphyLHqddJdZn+GRoNVbvpZ1vkwu0FmPASo3fUYL/YAIcdH4PhvoZ7didmLmcNsz6RTrveQ== Completed in 4ms
3883 timing metavuln:load:security-advisory:glob:B00WbbnnDNaFGA7l9BgrTioYpRMzU4+U8SUF8cn65LwArJAK0O380QwyP/UyxPr7i9XUjX9/AADC41/edu9OrA== Completed in 4ms
3884 timing metavuln:cache:get:security-advisory:npm-check-updates:NcSy0P0mDK4VB/jfgMEeZpnhDP3GWx7OK1y46OcJ/EYGlWfFAkSvj/d77h1tDslj20pfQ88gclUYChhCMUrp7A== Completed in 9ms
3885 timing metavuln:load:security-advisory:npm-check-updates:B00WbbnnDNaFGA7l9BgrTioYpRMzU4+U8SUF8cn65LwArJAK0O380QwyP/UyxPr7i9XUjX9/AADC41/edu9OrA== Completed in 4ms
3886 timing metavuln:cache:put:security-advisory:npm-check-updates:NcSy0P0mDK4VB/jfgMEeZpnhDP3GWx7OK1y46OcJ/EYGlWfFAkSvj/d77h1tDslj20pfQ88gclUYChhCMUrp7A== Completed in 68ms
3887 timing metavuln:calculate:security-advisory:npm-check-updates:B00WbbnnDNaFGA7l9BgrTioYpRMzU4+U8SUF8cn65LwArJAK0O380QwyP/UyxPr7i9XUjX9/AADC41/edu9OrA== Completed in 81ms
3888 timing metavuln:cache:put:security-advisory:glob:2gIChGnRwWJwoiDYphyLHqddJdZn+GRoNVbvpZ1vkwu0FmPASo3fUYL/YAIcdH4PhvoZ7didmLmcNsz6RTrveQ== Completed in 78ms
3889 timing metavuln:calculate:security-advisory:glob:B00WbbnnDNaFGA7l9BgrTioYpRMzU4+U8SUF8cn65LwArJAK0O380QwyP/UyxPr7i9XUjX9/AADC41/edu9OrA== Completed in 86ms
3890 http fetch GET 200 https://registry.npmjs.org/lodash/-/lodash-4.17.21.tgz 51587ms (cache miss)
3891 timing reifyNode:node_modules/lodash Completed in 53847ms
3892 http fetch GET 200 https://registry.npmjs.org/editorconfig 134ms (cache miss)
3893 timing metavuln:packument:editorconfig Completed in 135ms
3894 timing metavuln:load:security-advisory:editorconfig:B00WbbnnDNaFGA7l9BgrTioYpRMzU4+U8SUF8cn65LwArJAK0O380QwyP/UyxPr7i9XUjX9/AADC41/edu9OrA== Completed in 2ms
3895 http fetch GET 200 https://registry.npmjs.org/@tufjs%2fmodels 140ms (cache miss)
3896 timing metavuln:packument:@tufjs/models Completed in 140ms
3897 timing metavuln:load:security-advisory:@tufjs/models:B00WbbnnDNaFGA7l9BgrTioYpRMzU4+U8SUF8cn65LwArJAK0O380QwyP/UyxPr7i9XUjX9/AADC41/edu9OrA== Completed in 0ms
3898 http fetch GET 200 https://registry.npmjs.org/ignore-walk 148ms (cache miss)
3899 timing metavuln:packument:ignore-walk Completed in 149ms
3900 timing metavuln:load:security-advisory:ignore-walk:B00WbbnnDNaFGA7l9BgrTioYpRMzU4+U8SUF8cn65LwArJAK0O380QwyP/UyxPr7i9XUjX9/AADC41/edu9OrA== Completed in 0ms
3901 timing metavuln:cache:put:security-advisory:editorconfig:/pief47seGDBHnUOHcdf4vh8S5av/gmYGMH6T5uy3DhJchX5AykoNsEcl2U0K2kYnXDy3Q1HW14AEdN7s+Mmhw== Completed in 56ms
3902 timing metavuln:calculate:security-advisory:editorconfig:B00WbbnnDNaFGA7l9BgrTioYpRMzU4+U8SUF8cn65LwArJAK0O380QwyP/UyxPr7i9XUjX9/AADC41/edu9OrA== Completed in 195ms
3903 timing metavuln:cache:put:security-advisory:@tufjs/models:4wxcDKEpUGR0GG34YoeguhvYrrA8gnDi+bbFPvJ1ftFhtA8GKofd1Zc9djffF9x3DYxzUuaf4dF+iJVeG77ZkQ== Completed in 55ms
3904 timing metavuln:calculate:security-advisory:@tufjs/models:B00WbbnnDNaFGA7l9BgrTioYpRMzU4+U8SUF8cn65LwArJAK0O380QwyP/UyxPr7i9XUjX9/AADC41/edu9OrA== Completed in 197ms
3905 timing metavuln:cache:put:security-advisory:ignore-walk:b0cI17MNlfsNzPHVnJnFHuGz6GP1AHCbc+TCdgowf9biWQZxg/Uqvqnya2SlfuePnqBI3YsbXp/211wT8oLsfQ== Completed in 54ms
3906 timing metavuln:calculate:security-advisory:ignore-walk:B00WbbnnDNaFGA7l9BgrTioYpRMzU4+U8SUF8cn65LwArJAK0O380QwyP/UyxPr7i9XUjX9/AADC41/edu9OrA== Completed in 204ms
3907 timing metavuln:cache:get:security-advisory:chokidar:LU+YLfVnn6vFXVAvnsGqd58Rz8g6tJ60ZMP+wazsDeQPoFbTHjxfCKIpn7lW6acFOIKvNjhthFMXqTIaWevt+w== Completed in 2ms
3908 timing metavuln:cache:get:security-advisory:micromatch:KLlQrQSexijh/BbB4FSM3fP0/MIDSj3iMiApgG1JwuVrHt48fzZ8fAIdgNu2TyvXdqnfHV2kIjol+N5OzsIiGQ== Completed in 2ms
3909 timing metavuln:load:security-advisory:micromatch:JiXBFkEDkUnBQLw3PO6emUmmm2JXqgEbh+FhB3SNDS8k6Z0wM20irrfaOjjxYuMxZaKaDudvR037mtEoeqZzXw== Completed in 2ms
3910 timing metavuln:cache:put:security-advisory:micromatch:KLlQrQSexijh/BbB4FSM3fP0/MIDSj3iMiApgG1JwuVrHt48fzZ8fAIdgNu2TyvXdqnfHV2kIjol+N5OzsIiGQ== Completed in 58ms
3911 timing metavuln:calculate:security-advisory:micromatch:JiXBFkEDkUnBQLw3PO6emUmmm2JXqgEbh+FhB3SNDS8k6Z0wM20irrfaOjjxYuMxZaKaDudvR037mtEoeqZzXw== Completed in 63ms
3912 http fetch GET 200 https://registry.npmjs.org/chokidar 116ms (cache miss)
3913 timing metavuln:packument:chokidar Completed in 118ms
3914 timing metavuln:load:security-advisory:chokidar:JiXBFkEDkUnBQLw3PO6emUmmm2JXqgEbh+FhB3SNDS8k6Z0wM20irrfaOjjxYuMxZaKaDudvR037mtEoeqZzXw== Completed in 2ms
3915 timing metavuln:cache:put:security-advisory:chokidar:LU+YLfVnn6vFXVAvnsGqd58Rz8g6tJ60ZMP+wazsDeQPoFbTHjxfCKIpn7lW6acFOIKvNjhthFMXqTIaWevt+w== Completed in 48ms
3916 timing metavuln:calculate:security-advisory:chokidar:JiXBFkEDkUnBQLw3PO6emUmmm2JXqgEbh+FhB3SNDS8k6Z0wM20irrfaOjjxYuMxZaKaDudvR037mtEoeqZzXw== Completed in 168ms
3917 timing metavuln:cache:get:security-advisory:youch:GCj7wAVwXmpdpHsZ3FBltk4ddq703nJZceXkq77o3f+gaNLubEhWMdGOuTbsQUIPAj4PXvzoyIJlnaLab4wWyA== Completed in 1ms
3918 timing metavuln:cache:get:security-advisory:light-my-request:UfYeYMGFnlVOh6z1dqFizSqjGi7YyyQMRc3JQ1VnZ/OBVx1zGC6e+b6mEKG/IaRMMtjP5WJ2749QJ6iB38mozA== Completed in 3ms
3919 http fetch GET 200 https://registry.npmjs.org/youch 127ms (cache miss)
3920 timing metavuln:packument:youch Completed in 128ms
3921 timing metavuln:load:security-advisory:youch:EFt7h/FZLeopARa06+F2CBY5ItUm007mP/cHgZjTJZX1MeIwg3JD7toSioRoDeE8wm5VdkimqlS+CnuPhZqbIg== Completed in 2ms
3922 http fetch GET 200 https://registry.npmjs.org/light-my-request 133ms (cache miss)
3923 timing metavuln:packument:light-my-request Completed in 133ms
3924 timing metavuln:load:security-advisory:light-my-request:EFt7h/FZLeopARa06+F2CBY5ItUm007mP/cHgZjTJZX1MeIwg3JD7toSioRoDeE8wm5VdkimqlS+CnuPhZqbIg== Completed in 1ms
3925 timing metavuln:cache:put:security-advisory:youch:GCj7wAVwXmpdpHsZ3FBltk4ddq703nJZceXkq77o3f+gaNLubEhWMdGOuTbsQUIPAj4PXvzoyIJlnaLab4wWyA== Completed in 59ms
3926 timing metavuln:calculate:security-advisory:youch:EFt7h/FZLeopARa06+F2CBY5ItUm007mP/cHgZjTJZX1MeIwg3JD7toSioRoDeE8wm5VdkimqlS+CnuPhZqbIg== Completed in 189ms
3927 timing metavuln:cache:put:security-advisory:light-my-request:UfYeYMGFnlVOh6z1dqFizSqjGi7YyyQMRc3JQ1VnZ/OBVx1zGC6e+b6mEKG/IaRMMtjP5WJ2749QJ6iB38mozA== Completed in 57ms
3928 timing metavuln:calculate:security-advisory:light-my-request:EFt7h/FZLeopARa06+F2CBY5ItUm007mP/cHgZjTJZX1MeIwg3JD7toSioRoDeE8wm5VdkimqlS+CnuPhZqbIg== Completed in 193ms
3929 timing metavuln:cache:get:security-advisory:foreground-child:cZpBeVkHEpw8jHC+EKy88Laxrd1ur7RE5Fx7lVjtRJXjrwMFQVN00FKtYlT+IVZhQkq/19Fig8voVSYNZLEz1A== Completed in 5ms
3930 timing metavuln:cache:get:security-advisory:execa:NWBEPrq1Krr7nahht+VdDSoXe5QCSkDBW+KpXfGL4TrZAModumScH8x3aPKXTD343uDMIN2l7nchl5/7a95SBQ== Completed in 7ms
3931 timing metavuln:cache:get:security-advisory:eslint:Ne/yNy0L08mqT6jqvFBG8ZHWrqAHuxGdNEOgZtub3Su4R2LUTaqbxpX8S30zZ7tis85Jmwxbqft0hpk4j9A12Q== Completed in 7ms
3932 timing metavuln:load:security-advisory:eslint:PBcc/5P1UEO/1Ba/jUNR65wOzs1wU0Y+m+OOSfB57dG5EajzjbqRMRm0l7MWqcJgHDYM5GoZ36Hm7qAYFlIH3A== Completed in 3ms
3933 timing metavuln:cache:get:security-advisory:spawn-please:BphxFlmJVCef0edSeSF2BBo1sZe5hLcWnzmHf+irjeKMNwbxNw9WEGlLkVE/W1BkHcitZjhQlZeuv4+pMFyKkA== Completed in 8ms
3934 timing metavuln:cache:get:security-advisory:webpack-cli:H2hTN4ZrDsX5Zga3r5FRbvgrU/fAJrT+jD7Bz8Z/htxanE2nyrKoffoyQCLOAfjqlf9EjPscG8l86nb6rOFcdg== Completed in 9ms
3935 timing metavuln:cache:put:security-advisory:eslint:Ne/yNy0L08mqT6jqvFBG8ZHWrqAHuxGdNEOgZtub3Su4R2LUTaqbxpX8S30zZ7tis85Jmwxbqft0hpk4j9A12Q== Completed in 66ms
3936 timing metavuln:calculate:security-advisory:eslint:PBcc/5P1UEO/1Ba/jUNR65wOzs1wU0Y+m+OOSfB57dG5EajzjbqRMRm0l7MWqcJgHDYM5GoZ36Hm7qAYFlIH3A== Completed in 76ms
3937 http fetch GET 200 https://registry.npmjs.org/foreground-child 126ms (cache miss)
3938 timing metavuln:packument:foreground-child Completed in 127ms
3939 timing metavuln:load:security-advisory:foreground-child:PBcc/5P1UEO/1Ba/jUNR65wOzs1wU0Y+m+OOSfB57dG5EajzjbqRMRm0l7MWqcJgHDYM5GoZ36Hm7qAYFlIH3A== Completed in 1ms
3940 http fetch GET 200 https://registry.npmjs.org/execa 138ms (cache miss)
3941 timing metavuln:packument:execa Completed in 141ms
3942 timing metavuln:load:security-advisory:execa:PBcc/5P1UEO/1Ba/jUNR65wOzs1wU0Y+m+OOSfB57dG5EajzjbqRMRm0l7MWqcJgHDYM5GoZ36Hm7qAYFlIH3A== Completed in 0ms
3943 http fetch GET 200 https://registry.npmjs.org/webpack-cli 181ms (cache miss)
3944 timing metavuln:packument:webpack-cli Completed in 185ms
3945 timing metavuln:load:security-advisory:webpack-cli:PBcc/5P1UEO/1Ba/jUNR65wOzs1wU0Y+m+OOSfB57dG5EajzjbqRMRm0l7MWqcJgHDYM5GoZ36Hm7qAYFlIH3A== Completed in 2ms
3946 http fetch GET 200 https://registry.npmjs.org/sodium-native/-/sodium-native-4.1.1.tgz 52500ms (cache miss)
3947 timing metavuln:cache:put:security-advisory:foreground-child:cZpBeVkHEpw8jHC+EKy88Laxrd1ur7RE5Fx7lVjtRJXjrwMFQVN00FKtYlT+IVZhQkq/19Fig8voVSYNZLEz1A== Completed in 73ms
3948 timing metavuln:calculate:security-advisory:foreground-child:PBcc/5P1UEO/1Ba/jUNR65wOzs1wU0Y+m+OOSfB57dG5EajzjbqRMRm0l7MWqcJgHDYM5GoZ36Hm7qAYFlIH3A== Completed in 202ms
3949 timing reifyNode:node_modules/sodium-native Completed in 54539ms
3950 timing metavuln:cache:put:security-advisory:execa:NWBEPrq1Krr7nahht+VdDSoXe5QCSkDBW+KpXfGL4TrZAModumScH8x3aPKXTD343uDMIN2l7nchl5/7a95SBQ== Completed in 71ms
3951 timing metavuln:calculate:security-advisory:execa:PBcc/5P1UEO/1Ba/jUNR65wOzs1wU0Y+m+OOSfB57dG5EajzjbqRMRm0l7MWqcJgHDYM5GoZ36Hm7qAYFlIH3A== Completed in 213ms
3952 timing metavuln:cache:put:security-advisory:webpack-cli:H2hTN4ZrDsX5Zga3r5FRbvgrU/fAJrT+jD7Bz8Z/htxanE2nyrKoffoyQCLOAfjqlf9EjPscG8l86nb6rOFcdg== Completed in 63ms
3953 timing metavuln:calculate:security-advisory:webpack-cli:PBcc/5P1UEO/1Ba/jUNR65wOzs1wU0Y+m+OOSfB57dG5EajzjbqRMRm0l7MWqcJgHDYM5GoZ36Hm7qAYFlIH3A== Completed in 251ms
3954 http fetch GET 200 https://registry.npmjs.org/spawn-please 298ms (cache miss)
3955 timing metavuln:packument:spawn-please Completed in 299ms
3956 timing metavuln:load:security-advisory:spawn-please:PBcc/5P1UEO/1Ba/jUNR65wOzs1wU0Y+m+OOSfB57dG5EajzjbqRMRm0l7MWqcJgHDYM5GoZ36Hm7qAYFlIH3A== Completed in 0ms
3957 timing metavuln:cache:put:security-advisory:spawn-please:BphxFlmJVCef0edSeSF2BBo1sZe5hLcWnzmHf+irjeKMNwbxNw9WEGlLkVE/W1BkHcitZjhQlZeuv4+pMFyKkA== Completed in 46ms
3958 timing metavuln:calculate:security-advisory:spawn-please:PBcc/5P1UEO/1Ba/jUNR65wOzs1wU0Y+m+OOSfB57dG5EajzjbqRMRm0l7MWqcJgHDYM5GoZ36Hm7qAYFlIH3A== Completed in 347ms
3959 timing metavuln:cache:get:security-advisory:sequelize:2c+7MTiFWSUCJPZxAs7noUYJMH/zTVc+k+d+icdT1NTlCxv5zo3ztT6FpxiyBnOHFRUNoxc6nR/Q0/DZwqqSKA== Completed in 2ms
3960 timing metavuln:load:security-advisory:sequelize:0ACVlgh2XixrZ76V6Aw4AGmXe/vScI8AGIUQKFGZaYZxp4MyNabKSDBfLcT9XlERSFeHYQ9hiMRtZaHo1b3mTw== Completed in 6ms
3961 timing metavuln:cache:put:security-advisory:sequelize:2c+7MTiFWSUCJPZxAs7noUYJMH/zTVc+k+d+icdT1NTlCxv5zo3ztT6FpxiyBnOHFRUNoxc6nR/Q0/DZwqqSKA== Completed in 48ms
3962 timing metavuln:calculate:security-advisory:sequelize:0ACVlgh2XixrZ76V6Aw4AGmXe/vScI8AGIUQKFGZaYZxp4MyNabKSDBfLcT9XlERSFeHYQ9hiMRtZaHo1b3mTw== Completed in 58ms
3963 timing metavuln:cache:get:security-advisory:fastify-cli:QaslBeMuAEoSjIJGc7+wAYc4T7XpFaCnbJI8/c0a2JIyJvbwAad9SK12c7/eNgGCnrx8g4UQ77MsJaZXoAIODA== Completed in 4ms
3964 http fetch GET 200 https://registry.npmjs.org/fastify-cli 142ms (cache miss)
3965 timing metavuln:packument:fastify-cli Completed in 145ms
3966 timing metavuln:load:security-advisory:fastify-cli:5OdrwYv5Xzq+rI3bchsuaHIz85Yyo5gTdhOrQGf2Em7pRhXXR2ur0R7W7qQ6UpWsSxuRBW8Fdp57dyqUhR5/yw== Completed in 22ms
3967 timing metavuln:cache:put:security-advisory:fastify-cli:QaslBeMuAEoSjIJGc7+wAYc4T7XpFaCnbJI8/c0a2JIyJvbwAad9SK12c7/eNgGCnrx8g4UQ77MsJaZXoAIODA== Completed in 61ms
3968 timing metavuln:calculate:security-advisory:fastify-cli:5OdrwYv5Xzq+rI3bchsuaHIz85Yyo5gTdhOrQGf2Em7pRhXXR2ur0R7W7qQ6UpWsSxuRBW8Fdp57dyqUhR5/yw== Completed in 229ms
3969 timing metavuln:cache:get:security-advisory:fastify:r+d4AOedJNNM2JvdD79Tj/5Xqtya7yxHwFWKqG0+AJKMFl1K4au+8puJfPaPI6uOm9P0a/JHng7JwWmTuMXQJg== Completed in 3ms
3970 timing metavuln:load:security-advisory:fastify:ncPGiupWBmuLy3osYbi6NeA3zAkV0H2ETbz204QySGfjGMvhOUrckXpvAqjVyzsYU9NNJZrPHuMSulTPi+/bfw== Completed in 8ms
3971 timing metavuln:cache:put:security-advisory:fastify:r+d4AOedJNNM2JvdD79Tj/5Xqtya7yxHwFWKqG0+AJKMFl1K4au+8puJfPaPI6uOm9P0a/JHng7JwWmTuMXQJg== Completed in 57ms
3972 timing metavuln:calculate:security-advisory:fastify:ncPGiupWBmuLy3osYbi6NeA3zAkV0H2ETbz204QySGfjGMvhOUrckXpvAqjVyzsYU9NNJZrPHuMSulTPi+/bfw== Completed in 70ms
3973 timing metavuln:cache:get:security-advisory:flat-cache:JhiW4rt37xHiozZ7KHa24qUwDKaqeEmfEKkkfEIx/3FvJpogNevZOLgbh2yXpecOg6mIB2Ykrg7bF88g6uOdtQ== Completed in 2ms
3974 http fetch GET 200 https://registry.npmjs.org/flat-cache 131ms (cache miss)
3975 timing metavuln:packument:flat-cache Completed in 133ms
3976 timing metavuln:load:security-advisory:flat-cache:oa7V2KnuHnLCPcrXFvcQLRAa1NASGJm9yZ+B92xpfwxan7PZyVrZjYAHt6LB51PFfA2mM8KGE+VHR+U5X/2uZw== Completed in 2ms
3977 timing metavuln:cache:put:security-advisory:flat-cache:JhiW4rt37xHiozZ7KHa24qUwDKaqeEmfEKkkfEIx/3FvJpogNevZOLgbh2yXpecOg6mIB2Ykrg7bF88g6uOdtQ== Completed in 49ms
3978 timing metavuln:calculate:security-advisory:flat-cache:oa7V2KnuHnLCPcrXFvcQLRAa1NASGJm9yZ+B92xpfwxan7PZyVrZjYAHt6LB51PFfA2mM8KGE+VHR+U5X/2uZw== Completed in 184ms
3979 timing metavuln:cache:get:security-advisory:socks:re7e5WgYC0N2yCcyKEpIVOef1b0RSDx7Y0SpqokON2S0og4NBc+basQ12t25Rom7giF5cYm2S3iMuCSJlhszhQ== Completed in 4ms
3980 http fetch GET 200 https://registry.npmjs.org/socks 117ms (cache miss)
3981 timing metavuln:packument:socks Completed in 118ms
3982 timing metavuln:load:security-advisory:socks:FcMhhitnipE8n5zCPiVRq2NLRNmu7UZkoO9lrM5CRC/emGwY5wSoa1+q1Q1Z8SPpfXO9tzox/MNRv7luhyJvqg== Completed in 2ms
3983 timing metavuln:cache:put:security-advisory:socks:re7e5WgYC0N2yCcyKEpIVOef1b0RSDx7Y0SpqokON2S0og4NBc+basQ12t25Rom7giF5cYm2S3iMuCSJlhszhQ== Completed in 58ms
3984 timing metavuln:calculate:security-advisory:socks:FcMhhitnipE8n5zCPiVRq2NLRNmu7UZkoO9lrM5CRC/emGwY5wSoa1+q1Q1Z8SPpfXO9tzox/MNRv7luhyJvqg== Completed in 179ms
3985 timing metavuln:cache:get:security-advisory:concurrently:jiZST4CUOZqAcB148diLa/4Cl5k4iCySK9zdGlvkCsjY7gOsOKgF1bXrv0HVQ59659xB7IRMqiwz7OjSmmlI2A== Completed in 7ms
3986 timing metavuln:cache:get:security-advisory:fastify-method-override:Bqz+OF3vj0F87stMKdz1zylGKE8NtgbAnp+RZ3DJo39FnbGBc9ivPmiN5C555vtAiYaLfttwTSWvQJASKYlV+g== Completed in 6ms
3987 timing metavuln:cache:get:security-advisory:knex:xzQLfa/l/BfN0UEm9OtwynMKedL9/kO38LYgtlMfN1NRGlgdM9PLi7IBDcrEUwXptCI+3DFMsmKvgOBQABYQIg== Completed in 6ms
3988 timing metavuln:cache:get:security-advisory:npm-check-updates:A6NzIFMr80r0b1G9uUOQ0/grfi8yyFDdzuwuYW8DK9LvNPoFVCV/JNyfXSOvhpY4YoiS1cD5RZNrCp4jVIMUcA== Completed in 5ms
3989 timing metavuln:load:security-advisory:npm-check-updates:OGNA5lR8rR8aeucWHqvJLBV5oaroI/lF2JfG9J2l63dx9uiGUyHuI4ymC6nv+dqWwxtqCIMcqBukiWYEiF5/RQ== Completed in 10ms
3990 timing metavuln:cache:get:security-advisory:sequelize:r0MmEGzxD6KLAwNM3KBOGbsgcIwLr/u67tvBlP/WGRII+/x23SPDMJr9YFGH4PZnjbGjd3bV0ODq63Uq+hGltQ== Completed in 15ms
3991 timing metavuln:load:security-advisory:sequelize:OGNA5lR8rR8aeucWHqvJLBV5oaroI/lF2JfG9J2l63dx9uiGUyHuI4ymC6nv+dqWwxtqCIMcqBukiWYEiF5/RQ== Completed in 14ms
3992 timing metavuln:cache:get:security-advisory:sequelize-cli:3hCNawRrl1ZM9szQIsCm0ai0rc4PV/6RtC9zvtR1XrrMTkmgViBTBXBxUsZapXSIBuUSRRFcJTnmgRvBUf/9nA== Completed in 31ms
3993 timing metavuln:cache:put:security-advisory:sequelize:r0MmEGzxD6KLAwNM3KBOGbsgcIwLr/u67tvBlP/WGRII+/x23SPDMJr9YFGH4PZnjbGjd3bV0ODq63Uq+hGltQ== Completed in 93ms
3994 timing metavuln:calculate:security-advisory:sequelize:OGNA5lR8rR8aeucWHqvJLBV5oaroI/lF2JfG9J2l63dx9uiGUyHuI4ymC6nv+dqWwxtqCIMcqBukiWYEiF5/RQ== Completed in 124ms
3995 timing metavuln:cache:put:security-advisory:npm-check-updates:A6NzIFMr80r0b1G9uUOQ0/grfi8yyFDdzuwuYW8DK9LvNPoFVCV/JNyfXSOvhpY4YoiS1cD5RZNrCp4jVIMUcA== Completed in 109ms
3996 timing metavuln:calculate:security-advisory:npm-check-updates:OGNA5lR8rR8aeucWHqvJLBV5oaroI/lF2JfG9J2l63dx9uiGUyHuI4ymC6nv+dqWwxtqCIMcqBukiWYEiF5/RQ== Completed in 125ms
3997 http fetch GET 200 https://registry.npmjs.org/concurrently 183ms (cache miss)
3998 timing metavuln:packument:concurrently Completed in 185ms
3999 timing metavuln:load:security-advisory:concurrently:OGNA5lR8rR8aeucWHqvJLBV5oaroI/lF2JfG9J2l63dx9uiGUyHuI4ymC6nv+dqWwxtqCIMcqBukiWYEiF5/RQ== Completed in 1ms
4000 http fetch GET 200 https://registry.npmjs.org/sequelize-cli 186ms (cache miss)
4001 timing metavuln:packument:sequelize-cli Completed in 188ms
4002 timing metavuln:load:security-advisory:sequelize-cli:OGNA5lR8rR8aeucWHqvJLBV5oaroI/lF2JfG9J2l63dx9uiGUyHuI4ymC6nv+dqWwxtqCIMcqBukiWYEiF5/RQ== Completed in 4ms
4003 timing metavuln:cache:put:security-advisory:concurrently:jiZST4CUOZqAcB148diLa/4Cl5k4iCySK9zdGlvkCsjY7gOsOKgF1bXrv0HVQ59659xB7IRMqiwz7OjSmmlI2A== Completed in 64ms
4004 timing metavuln:calculate:security-advisory:concurrently:OGNA5lR8rR8aeucWHqvJLBV5oaroI/lF2JfG9J2l63dx9uiGUyHuI4ymC6nv+dqWwxtqCIMcqBukiWYEiF5/RQ== Completed in 253ms
4005 timing metavuln:cache:put:security-advisory:sequelize-cli:3hCNawRrl1ZM9szQIsCm0ai0rc4PV/6RtC9zvtR1XrrMTkmgViBTBXBxUsZapXSIBuUSRRFcJTnmgRvBUf/9nA== Completed in 60ms
4006 timing metavuln:calculate:security-advisory:sequelize-cli:OGNA5lR8rR8aeucWHqvJLBV5oaroI/lF2JfG9J2l63dx9uiGUyHuI4ymC6nv+dqWwxtqCIMcqBukiWYEiF5/RQ== Completed in 253ms
4007 http fetch GET 200 https://registry.npmjs.org/knex 297ms (cache miss)
4008 timing metavuln:packument:knex Completed in 302ms
4009 timing metavuln:load:security-advisory:knex:OGNA5lR8rR8aeucWHqvJLBV5oaroI/lF2JfG9J2l63dx9uiGUyHuI4ymC6nv+dqWwxtqCIMcqBukiWYEiF5/RQ== Completed in 2ms
4010 timing metavuln:cache:put:security-advisory:knex:xzQLfa/l/BfN0UEm9OtwynMKedL9/kO38LYgtlMfN1NRGlgdM9PLi7IBDcrEUwXptCI+3DFMsmKvgOBQABYQIg== Completed in 61ms
4011 timing metavuln:calculate:security-advisory:knex:OGNA5lR8rR8aeucWHqvJLBV5oaroI/lF2JfG9J2l63dx9uiGUyHuI4ymC6nv+dqWwxtqCIMcqBukiWYEiF5/RQ== Completed in 366ms
4012 http fetch GET 200 https://registry.npmjs.org/fastify-method-override 382ms (cache miss)
4013 timing metavuln:packument:fastify-method-override Completed in 384ms
4014 timing metavuln:load:security-advisory:fastify-method-override:OGNA5lR8rR8aeucWHqvJLBV5oaroI/lF2JfG9J2l63dx9uiGUyHuI4ymC6nv+dqWwxtqCIMcqBukiWYEiF5/RQ== Completed in 0ms
4015 timing metavuln:cache:put:security-advisory:fastify-method-override:Bqz+OF3vj0F87stMKdz1zylGKE8NtgbAnp+RZ3DJo39FnbGBc9ivPmiN5C555vtAiYaLfttwTSWvQJASKYlV+g== Completed in 57ms
4016 timing metavuln:calculate:security-advisory:fastify-method-override:OGNA5lR8rR8aeucWHqvJLBV5oaroI/lF2JfG9J2l63dx9uiGUyHuI4ymC6nv+dqWwxtqCIMcqBukiWYEiF5/RQ== Completed in 443ms
4017 timing metavuln:cache:get:security-advisory:jstransformer-markdown-it:QXbZ4xCbTC6gBpBNs7H/EvXk3F9ngURxnQlVqozhkTTei6TWNS+vuhLPZxwRHAMYkAOq4rwyeVSqGY5oqeI7cw== Completed in 3ms
4018 http fetch GET 200 https://registry.npmjs.org/jstransformer-markdown-it 660ms (cache miss)
4019 timing metavuln:packument:jstransformer-markdown-it Completed in 661ms
4020 timing metavuln:load:security-advisory:jstransformer-markdown-it:745Vt4mrHCdT8gFHVh7oHROmP4aH4fErXXhbpeVBhtIHmsxTVI7P3rJSdfXZ1iZTBS6GEnTERL4OWUfc4Co9jQ== Completed in 1ms
4021 timing metavuln:cache:put:security-advisory:jstransformer-markdown-it:QXbZ4xCbTC6gBpBNs7H/EvXk3F9ngURxnQlVqozhkTTei6TWNS+vuhLPZxwRHAMYkAOq4rwyeVSqGY5oqeI7cw== Completed in 61ms
4022 timing metavuln:calculate:security-advisory:jstransformer-markdown-it:745Vt4mrHCdT8gFHVh7oHROmP4aH4fErXXhbpeVBhtIHmsxTVI7P3rJSdfXZ1iZTBS6GEnTERL4OWUfc4Co9jQ== Completed in 724ms
4023 timing metavuln:cache:get:security-advisory:@jest/core:03W5UBAiciMv+HbF52DVjKaiJDsW8n4o9l0N1bD9irL9aHp0XpkH6yRZbIXa21hJn/+RFQL1MCcLgDa/4eDK4w== Completed in 7ms
4024 timing metavuln:cache:get:security-advisory:@jest/transform:frAXQpmFOgCLjrxLELwz/nGg5XiK/ZNDWwX3TPmrK4kjdo/GsnOnUL1px5EXlvvS4e0p7qsR8mhVO87fIAkI8w== Completed in 6ms
4025 timing metavuln:cache:get:security-advisory:fast-glob:AbqaRkH/ah2E63AlsHQoSe4rzDu85g3nQo2oOGK8mDPpx8ODN4CyFz62hpRucknVgKWSODuNhHcd4w2oWa9y3w== Completed in 6ms
4026 timing metavuln:cache:get:security-advisory:jest-config:PG5LJK++mIH2P5/BoeATw87eF+FfSdFbgEqp2CbnYYA8L17aFlVzq09vZtR3BFwoyR+3hWRZY28YfyQmAblGOg== Completed in 6ms
4027 timing metavuln:cache:get:security-advisory:jest-haste-map:jM3bS1o4htRu+ACRH1gcErU4U2Iaalvaat1pZmyWiirmghW1371hURc/aE7fgn6m9mU4kt8GRZ0gy4wwGUZ7mQ== Completed in 6ms
4028 timing metavuln:cache:get:security-advisory:jest-message-util:9e3+mtFMiM85wWr/OL6NNUJH/DnoduwxZZ0/PtDHjHEr2KrplOGkwoZ+9A9Of+V7gemgG4bDnVLxA6nt6hgQOQ== Completed in 6ms
4029 http fetch GET 200 https://registry.npmjs.org/fast-glob 150ms (cache miss)
4030 timing metavuln:packument:fast-glob Completed in 151ms
4031 timing metavuln:load:security-advisory:fast-glob:TlYHmS8BZBwkbsPHbTfH2/e91KJnOnqfC63ZoKdiRy+yt6biPd8BwjBdyfPUht1+ZO675I3Gg00RQPYaWiOm8Q== Completed in 3ms
4032 http fetch GET 200 https://registry.npmjs.org/@jest%2ftransform 254ms (cache miss)
4033 timing metavuln:packument:@jest/transform Completed in 257ms
4034 timing metavuln:load:security-advisory:@jest/transform:TlYHmS8BZBwkbsPHbTfH2/e91KJnOnqfC63ZoKdiRy+yt6biPd8BwjBdyfPUht1+ZO675I3Gg00RQPYaWiOm8Q== Completed in 2ms
4035 timing metavuln:cache:put:security-advisory:fast-glob:AbqaRkH/ah2E63AlsHQoSe4rzDu85g3nQo2oOGK8mDPpx8ODN4CyFz62hpRucknVgKWSODuNhHcd4w2oWa9y3w== Completed in 118ms
4036 timing metavuln:calculate:security-advisory:fast-glob:TlYHmS8BZBwkbsPHbTfH2/e91KJnOnqfC63ZoKdiRy+yt6biPd8BwjBdyfPUht1+ZO675I3Gg00RQPYaWiOm8Q== Completed in 273ms
4037 http fetch GET 200 https://registry.npmjs.org/jest-message-util 273ms (cache miss)
4038 timing metavuln:packument:jest-message-util Completed in 274ms
4039 timing metavuln:load:security-advisory:jest-message-util:TlYHmS8BZBwkbsPHbTfH2/e91KJnOnqfC63ZoKdiRy+yt6biPd8BwjBdyfPUht1+ZO675I3Gg00RQPYaWiOm8Q== Completed in 6ms
4040 http fetch GET 200 https://registry.npmjs.org/jest-haste-map 302ms (cache miss)
4041 timing metavuln:packument:jest-haste-map Completed in 305ms
4042 timing metavuln:load:security-advisory:jest-haste-map:TlYHmS8BZBwkbsPHbTfH2/e91KJnOnqfC63ZoKdiRy+yt6biPd8BwjBdyfPUht1+ZO675I3Gg00RQPYaWiOm8Q== Completed in 6ms
4043 http fetch GET 200 https://registry.npmjs.org/@jest%2fcore 324ms (cache miss)
4044 timing metavuln:packument:@jest/core Completed in 328ms
4045 timing metavuln:load:security-advisory:@jest/core:TlYHmS8BZBwkbsPHbTfH2/e91KJnOnqfC63ZoKdiRy+yt6biPd8BwjBdyfPUht1+ZO675I3Gg00RQPYaWiOm8Q== Completed in 3ms
4046 http fetch GET 200 https://registry.npmjs.org/jest-config 358ms (cache miss)
4047 timing metavuln:packument:jest-config Completed in 362ms
4048 timing metavuln:load:security-advisory:jest-config:TlYHmS8BZBwkbsPHbTfH2/e91KJnOnqfC63ZoKdiRy+yt6biPd8BwjBdyfPUht1+ZO675I3Gg00RQPYaWiOm8Q== Completed in 5ms
4049 timing metavuln:cache:put:security-advisory:@jest/transform:frAXQpmFOgCLjrxLELwz/nGg5XiK/ZNDWwX3TPmrK4kjdo/GsnOnUL1px5EXlvvS4e0p7qsR8mhVO87fIAkI8w== Completed in 110ms
4050 timing metavuln:calculate:security-advisory:@jest/transform:TlYHmS8BZBwkbsPHbTfH2/e91KJnOnqfC63ZoKdiRy+yt6biPd8BwjBdyfPUht1+ZO675I3Gg00RQPYaWiOm8Q== Completed in 371ms
4051 timing metavuln:cache:put:security-advisory:jest-message-util:9e3+mtFMiM85wWr/OL6NNUJH/DnoduwxZZ0/PtDHjHEr2KrplOGkwoZ+9A9Of+V7gemgG4bDnVLxA6nt6hgQOQ== Completed in 94ms
4052 timing metavuln:calculate:security-advisory:jest-message-util:TlYHmS8BZBwkbsPHbTfH2/e91KJnOnqfC63ZoKdiRy+yt6biPd8BwjBdyfPUht1+ZO675I3Gg00RQPYaWiOm8Q== Completed in 376ms
4053 timing metavuln:cache:put:security-advisory:jest-haste-map:jM3bS1o4htRu+ACRH1gcErU4U2Iaalvaat1pZmyWiirmghW1371hURc/aE7fgn6m9mU4kt8GRZ0gy4wwGUZ7mQ== Completed in 90ms
4054 timing metavuln:calculate:security-advisory:jest-haste-map:TlYHmS8BZBwkbsPHbTfH2/e91KJnOnqfC63ZoKdiRy+yt6biPd8BwjBdyfPUht1+ZO675I3Gg00RQPYaWiOm8Q== Completed in 403ms
4055 timing metavuln:cache:put:security-advisory:@jest/core:03W5UBAiciMv+HbF52DVjKaiJDsW8n4o9l0N1bD9irL9aHp0XpkH6yRZbIXa21hJn/+RFQL1MCcLgDa/4eDK4w== Completed in 94ms
4056 timing metavuln:calculate:security-advisory:@jest/core:TlYHmS8BZBwkbsPHbTfH2/e91KJnOnqfC63ZoKdiRy+yt6biPd8BwjBdyfPUht1+ZO675I3Gg00RQPYaWiOm8Q== Completed in 425ms
4057 timing metavuln:cache:put:security-advisory:jest-config:PG5LJK++mIH2P5/BoeATw87eF+FfSdFbgEqp2CbnYYA8L17aFlVzq09vZtR3BFwoyR+3hWRZY28YfyQmAblGOg== Completed in 71ms
4058 timing metavuln:calculate:security-advisory:jest-config:TlYHmS8BZBwkbsPHbTfH2/e91KJnOnqfC63ZoKdiRy+yt6biPd8BwjBdyfPUht1+ZO675I3Gg00RQPYaWiOm8Q== Completed in 440ms
4059 timing metavuln:cache:get:security-advisory:postcss:tmHYDPE1UVxPaRKZT9ru10S2PG7HaFVF7Z4GmgB6cUo+mRoTCphDiou0e19GAujSzXwfRWgbN5N8PHmsKOoxPA== Completed in 3ms
4060 http fetch GET 200 https://registry.npmjs.org/postcss 192ms (cache miss)
4061 timing metavuln:packument:postcss Completed in 195ms
4062 timing metavuln:load:security-advisory:postcss:SvMVdtEUVO5ESues2DL9aEFMy6oMG+saOn/tNitKJcx7q7CvMfC5ZcstpC8dbnZl5KL/q/3pYBvQrAPBFsC+nQ== Completed in 4ms
4063 timing metavuln:cache:put:security-advisory:postcss:tmHYDPE1UVxPaRKZT9ru10S2PG7HaFVF7Z4GmgB6cUo+mRoTCphDiou0e19GAujSzXwfRWgbN5N8PHmsKOoxPA== Completed in 57ms
4064 timing metavuln:calculate:security-advisory:postcss:SvMVdtEUVO5ESues2DL9aEFMy6oMG+saOn/tNitKJcx7q7CvMfC5ZcstpC8dbnZl5KL/q/3pYBvQrAPBFsC+nQ== Completed in 258ms
4065 timing metavuln:cache:get:security-advisory:fastify-method-override:ZDPGuMazvs7qKrue/+ZVigiFmeut/y23hQFlb/kCvBjOt63fLVBVFAAWAmB/N3sEQF7bxjwt50HiQTTJGyEpvQ== Completed in 3ms
4066 timing metavuln:load:security-advisory:fastify-method-override:TmkHz1g6xKc2pnDD1h6+ZDKMikxz0M1BBY/wyR9ER8446AKOUk6gXjoSR2douZ5enAllzNSKaynTW1H+LBi1CA== Completed in 1ms
4067 timing metavuln:cache:get:security-advisory:fastify-reverse-routes:E14+sZiQmNHMZ8DBhBeAvQL9a79kH5VraBSPDUqz5BJQ9sR1+a7NBZxGmZfAePmakPx+9euK8Dee7Ub1dqaKYA== Completed in 5ms
4068 timing metavuln:cache:put:security-advisory:fastify-method-override:ZDPGuMazvs7qKrue/+ZVigiFmeut/y23hQFlb/kCvBjOt63fLVBVFAAWAmB/N3sEQF7bxjwt50HiQTTJGyEpvQ== Completed in 60ms
4069 timing metavuln:calculate:security-advisory:fastify-method-override:TmkHz1g6xKc2pnDD1h6+ZDKMikxz0M1BBY/wyR9ER8446AKOUk6gXjoSR2douZ5enAllzNSKaynTW1H+LBi1CA== Completed in 64ms
4070 http fetch GET 200 https://registry.npmjs.org/fastify-reverse-routes 338ms (cache miss)
4071 timing metavuln:packument:fastify-reverse-routes Completed in 340ms
4072 timing metavuln:load:security-advisory:fastify-reverse-routes:TmkHz1g6xKc2pnDD1h6+ZDKMikxz0M1BBY/wyR9ER8446AKOUk6gXjoSR2douZ5enAllzNSKaynTW1H+LBi1CA== Completed in 1ms
4073 timing metavuln:cache:put:security-advisory:fastify-reverse-routes:E14+sZiQmNHMZ8DBhBeAvQL9a79kH5VraBSPDUqz5BJQ9sR1+a7NBZxGmZfAePmakPx+9euK8Dee7Ub1dqaKYA== Completed in 84ms
4074 timing metavuln:calculate:security-advisory:fastify-reverse-routes:TmkHz1g6xKc2pnDD1h6+ZDKMikxz0M1BBY/wyR9ER8446AKOUk6gXjoSR2douZ5enAllzNSKaynTW1H+LBi1CA== Completed in 425ms
4075 timing metavuln:cache:get:security-advisory:jest-util:KGKm1hRPkMsSUasN2N6Z4GOHO8fGbGKIZEcikjWe+ZJ1RAIPIVxN9cUA65sJrFgXSWWgIhEnMkk8RB6TBUus9A== Completed in 8ms
4076 timing metavuln:cache:get:security-advisory:anymatch:Nfla9E9Lgs+mqMt1dA/8UaXdCl7sXuZQsKzxwmqxeyDZbX+CRdcfKSFFgjhZ/F0BJR9geE1mRVv3h/ODZoo63g== Completed in 9ms
4077 timing metavuln:cache:get:security-advisory:micromatch:Gfx2SOQRY3jP5uv6bFlh3nIPxMXsxdnbcyF/xURx+dAnDK2wtpAvWYKdTiFWGD3MlWR/x1stzjO6SjznwiVonw== Completed in 8ms
4078 timing metavuln:load:security-advisory:micromatch:GSQ5ghUF1JWDKMssoydWDVRebjlPePRwktLhrdWzXCq5xeBXdo4Cm9HGHnH2b6P1Nq93YjwPmimVjAx6kge32A== Completed in 2ms
4079 timing metavuln:cache:get:security-advisory:readdirp:O7WXRupQt48LJyZ17mA/uSHYfhYyK7sMYMihjKrTsH3mKxobKArK3CCtifRFqfhAMZFOU4AsOtouYzz86OtBxQ== Completed in 11ms
4080 timing metavuln:cache:put:security-advisory:micromatch:Gfx2SOQRY3jP5uv6bFlh3nIPxMXsxdnbcyF/xURx+dAnDK2wtpAvWYKdTiFWGD3MlWR/x1stzjO6SjznwiVonw== Completed in 60ms
4081 timing metavuln:calculate:security-advisory:micromatch:GSQ5ghUF1JWDKMssoydWDVRebjlPePRwktLhrdWzXCq5xeBXdo4Cm9HGHnH2b6P1Nq93YjwPmimVjAx6kge32A== Completed in 71ms
4082 http fetch GET 200 https://registry.npmjs.org/anymatch 129ms (cache miss)
4083 timing metavuln:packument:anymatch Completed in 130ms
4084 timing metavuln:load:security-advisory:anymatch:GSQ5ghUF1JWDKMssoydWDVRebjlPePRwktLhrdWzXCq5xeBXdo4Cm9HGHnH2b6P1Nq93YjwPmimVjAx6kge32A== Completed in 1ms
4085 http fetch GET 200 https://registry.npmjs.org/readdirp 128ms (cache miss)
4086 timing metavuln:packument:readdirp Completed in 130ms
4087 timing metavuln:load:security-advisory:readdirp:GSQ5ghUF1JWDKMssoydWDVRebjlPePRwktLhrdWzXCq5xeBXdo4Cm9HGHnH2b6P1Nq93YjwPmimVjAx6kge32A== Completed in 0ms
4088 timing metavuln:cache:put:security-advisory:anymatch:Nfla9E9Lgs+mqMt1dA/8UaXdCl7sXuZQsKzxwmqxeyDZbX+CRdcfKSFFgjhZ/F0BJR9geE1mRVv3h/ODZoo63g== Completed in 70ms
4089 timing metavuln:calculate:security-advisory:anymatch:GSQ5ghUF1JWDKMssoydWDVRebjlPePRwktLhrdWzXCq5xeBXdo4Cm9HGHnH2b6P1Nq93YjwPmimVjAx6kge32A== Completed in 201ms
4090 timing metavuln:cache:put:security-advisory:readdirp:O7WXRupQt48LJyZ17mA/uSHYfhYyK7sMYMihjKrTsH3mKxobKArK3CCtifRFqfhAMZFOU4AsOtouYzz86OtBxQ== Completed in 77ms
4091 timing metavuln:calculate:security-advisory:readdirp:GSQ5ghUF1JWDKMssoydWDVRebjlPePRwktLhrdWzXCq5xeBXdo4Cm9HGHnH2b6P1Nq93YjwPmimVjAx6kge32A== Completed in 208ms
4092 http fetch GET 200 https://registry.npmjs.org/jest-util 212ms (cache miss)
4093 timing metavuln:packument:jest-util Completed in 215ms
4094 timing metavuln:load:security-advisory:jest-util:GSQ5ghUF1JWDKMssoydWDVRebjlPePRwktLhrdWzXCq5xeBXdo4Cm9HGHnH2b6P1Nq93YjwPmimVjAx6kge32A== Completed in 2ms
4095 timing metavuln:cache:put:security-advisory:jest-util:KGKm1hRPkMsSUasN2N6Z4GOHO8fGbGKIZEcikjWe+ZJ1RAIPIVxN9cUA65sJrFgXSWWgIhEnMkk8RB6TBUus9A== Completed in 69ms
4096 timing metavuln:calculate:security-advisory:jest-util:GSQ5ghUF1JWDKMssoydWDVRebjlPePRwktLhrdWzXCq5xeBXdo4Cm9HGHnH2b6P1Nq93YjwPmimVjAx6kge32A== Completed in 288ms
4097 timing metavuln:cache:get:security-advisory:pug:Bod8uHjOpAFcodGsdvWZubJRAED6zypMgl3ly6hCbBJ4kIFKsF2l0fd9HBsYkM1DJmjCj+BxWBZMHfDPYyrFRQ== Completed in 4ms
4098 timing metavuln:load:security-advisory:pug:jYtA+ua4XfswkuObBtnwWn2fYvQUK4ca+Iv1+bqgs4mXRLiX4zUdwwNSawL0T4CvKtEq8q6TFgvFydQ8OKg+/Q== Completed in 2ms
4099 timing metavuln:cache:put:security-advisory:pug:Bod8uHjOpAFcodGsdvWZubJRAED6zypMgl3ly6hCbBJ4kIFKsF2l0fd9HBsYkM1DJmjCj+BxWBZMHfDPYyrFRQ== Completed in 54ms
4100 timing metavuln:calculate:security-advisory:pug:jYtA+ua4XfswkuObBtnwWn2fYvQUK4ca+Iv1+bqgs4mXRLiX4zUdwwNSawL0T4CvKtEq8q6TFgvFydQ8OKg+/Q== Completed in 62ms
4101 timing metavuln:cache:get:security-advisory:terser-webpack-plugin:329sgNMopuugPFiEvSVitHHehdTr5nHB47XwDe3JfAo+J6Nc9SQhgI2F9XPbnv2SVTzEoWYsaJ8lBj3HmQYXeg== Completed in 3ms
4102 http fetch GET 200 https://registry.npmjs.org/es-abstract/-/es-abstract-1.23.3.tgz 55640ms (cache miss)
4103 timing reifyNode:node_modules/es-abstract Completed in 58068ms
4104 http fetch GET 200 https://registry.npmjs.org/terser-webpack-plugin 137ms (cache miss)
4105 timing metavuln:packument:terser-webpack-plugin Completed in 140ms
4106 timing metavuln:load:security-advisory:terser-webpack-plugin:VNhzhjSQJJPSfVWQUXMpEy6hsW23faurQllLlGbSJ7QrUHjncb9PKDTQYw8APRVBzMug+7YJc5EWXV6SYvPIiw== Completed in 3ms
4107 timing metavuln:cache:put:security-advisory:terser-webpack-plugin:329sgNMopuugPFiEvSVitHHehdTr5nHB47XwDe3JfAo+J6Nc9SQhgI2F9XPbnv2SVTzEoWYsaJ8lBj3HmQYXeg== Completed in 38ms
4108 timing metavuln:calculate:security-advisory:terser-webpack-plugin:VNhzhjSQJJPSfVWQUXMpEy6hsW23faurQllLlGbSJ7QrUHjncb9PKDTQYw8APRVBzMug+7YJc5EWXV6SYvPIiw== Completed in 182ms
4109 timing metavuln:cache:get:security-advisory:node-gyp:l/WeQkAPWJ0/mHENc58u9JNvnzqgqXWhnfEbUs8zhmL1UmoofkwGw4482B1GnFfApFQ5hXpUDaLf7UIPw6jpww== Completed in 3ms
4110 timing metavuln:cache:get:security-advisory:cacache:xvJIWB5/FY/DmZpxvmgqyq49qJv5ggEb6QVj3OY5ousoMlm27iLo5bVkFK9lSFNIWe3eU5heX0nWjs8DbT01mg== Completed in 3ms
4111 timing metavuln:load:security-advisory:cacache:qPQeYPFDBIedTWfYK3sbnScF6Ha7ouTs+wgndnz4PT5P+/K+GBD4epoPcYpXlu6AC7gSJlCJTJeuKbYAFoK9PA== Completed in 2ms
4112 timing metavuln:cache:get:security-advisory:pacote:YEGC2tr63UMpFVgVz0cNuFV3bU8S49mLN9fSXNf8TSeZFIG2IIlfze6ewtj1AcnmZfEVnbmO+QJdA95V6mwuNA== Completed in 5ms
4113 timing metavuln:cache:get:security-advisory:sqlite3:d9OlV91FQiPngyARVJjb2c1N1Zd+BlUG/6hW/AboVLzuuz9zlq5RBmHPTvImBXKQlYn4hJ5/GOcjonk0bZFabg== Completed in 5ms
4114 timing metavuln:cache:put:security-advisory:cacache:xvJIWB5/FY/DmZpxvmgqyq49qJv5ggEb6QVj3OY5ousoMlm27iLo5bVkFK9lSFNIWe3eU5heX0nWjs8DbT01mg== Completed in 37ms
4115 timing metavuln:calculate:security-advisory:cacache:qPQeYPFDBIedTWfYK3sbnScF6Ha7ouTs+wgndnz4PT5P+/K+GBD4epoPcYpXlu6AC7gSJlCJTJeuKbYAFoK9PA== Completed in 43ms
4116 http fetch GET 200 https://registry.npmjs.org/sqlite3 99ms (cache miss)
4117 timing metavuln:packument:sqlite3 Completed in 100ms
4118 timing metavuln:load:security-advisory:sqlite3:qPQeYPFDBIedTWfYK3sbnScF6Ha7ouTs+wgndnz4PT5P+/K+GBD4epoPcYpXlu6AC7gSJlCJTJeuKbYAFoK9PA== Completed in 2ms
4119 http fetch GET 200 https://registry.npmjs.org/node-gyp 128ms (cache miss)
4120 timing metavuln:packument:node-gyp Completed in 131ms
4121 timing metavuln:load:security-advisory:node-gyp:qPQeYPFDBIedTWfYK3sbnScF6Ha7ouTs+wgndnz4PT5P+/K+GBD4epoPcYpXlu6AC7gSJlCJTJeuKbYAFoK9PA== Completed in 5ms
4122 http fetch GET 200 https://registry.npmjs.org/pacote 151ms (cache miss)
4123 timing metavuln:packument:pacote Completed in 154ms
4124 timing metavuln:load:security-advisory:pacote:qPQeYPFDBIedTWfYK3sbnScF6Ha7ouTs+wgndnz4PT5P+/K+GBD4epoPcYpXlu6AC7gSJlCJTJeuKbYAFoK9PA== Completed in 7ms
4125 timing metavuln:cache:put:security-advisory:sqlite3:d9OlV91FQiPngyARVJjb2c1N1Zd+BlUG/6hW/AboVLzuuz9zlq5RBmHPTvImBXKQlYn4hJ5/GOcjonk0bZFabg== Completed in 64ms
4126 timing metavuln:calculate:security-advisory:sqlite3:qPQeYPFDBIedTWfYK3sbnScF6Ha7ouTs+wgndnz4PT5P+/K+GBD4epoPcYpXlu6AC7gSJlCJTJeuKbYAFoK9PA== Completed in 166ms
4127 timing metavuln:cache:put:security-advisory:node-gyp:l/WeQkAPWJ0/mHENc58u9JNvnzqgqXWhnfEbUs8zhmL1UmoofkwGw4482B1GnFfApFQ5hXpUDaLf7UIPw6jpww== Completed in 53ms
4128 timing metavuln:calculate:security-advisory:node-gyp:qPQeYPFDBIedTWfYK3sbnScF6Ha7ouTs+wgndnz4PT5P+/K+GBD4epoPcYpXlu6AC7gSJlCJTJeuKbYAFoK9PA== Completed in 189ms
4129 timing metavuln:cache:put:security-advisory:pacote:YEGC2tr63UMpFVgVz0cNuFV3bU8S49mLN9fSXNf8TSeZFIG2IIlfze6ewtj1AcnmZfEVnbmO+QJdA95V6mwuNA== Completed in 50ms
4130 timing metavuln:calculate:security-advisory:pacote:qPQeYPFDBIedTWfYK3sbnScF6Ha7ouTs+wgndnz4PT5P+/K+GBD4epoPcYpXlu6AC7gSJlCJTJeuKbYAFoK9PA== Completed in 212ms
4131 timing metavuln:cache:get:security-advisory:prebuild-install:jRqqdHWbOREw15H5SdurWE62CscvPSSYzDYeqtuoOjAS5T4a/EWVlt/5yu0vDTLEYuFXij3+w7qsCx2Gdyt/0A== Completed in 2ms
4132 http fetch GET 200 https://registry.npmjs.org/prebuild-install 96ms (cache miss)
4133 timing metavuln:packument:prebuild-install Completed in 97ms
4134 timing metavuln:load:security-advisory:prebuild-install:cvuUIK3mvYU/u7TShVqDjuuoWy7Jgl2iyysqZzndeGLLwvbCDiePQ/rot9wwSNqpYc8yRaszF/7dU1Uelp1dUw== Completed in 1ms
4135 timing metavuln:cache:put:security-advisory:prebuild-install:jRqqdHWbOREw15H5SdurWE62CscvPSSYzDYeqtuoOjAS5T4a/EWVlt/5yu0vDTLEYuFXij3+w7qsCx2Gdyt/0A== Completed in 36ms
4136 timing metavuln:calculate:security-advisory:prebuild-install:cvuUIK3mvYU/u7TShVqDjuuoWy7Jgl2iyysqZzndeGLLwvbCDiePQ/rot9wwSNqpYc8yRaszF/7dU1Uelp1dUw== Completed in 135ms
4137 timing metavuln:cache:get:security-advisory:sequelize:WP/J+bn63vzyhlFPu4gR5kILxEgdoa3SkHTx4OxjNEQkXzXPPFWVnAe7UrJ7qQH9YqkETnZXjCoBObFPCIcNYg== Completed in 2ms
4138 timing metavuln:load:security-advisory:sequelize:IkyJOqfhkev0E9tRX4zbgkqtsxJX67cd4upO2f1EheDpncnx522qyf9oLyXwjDcWGeZOQHSqJUAh/kUyYH60qQ== Completed in 21ms
4139 timing metavuln:cache:put:security-advisory:sequelize:WP/J+bn63vzyhlFPu4gR5kILxEgdoa3SkHTx4OxjNEQkXzXPPFWVnAe7UrJ7qQH9YqkETnZXjCoBObFPCIcNYg== Completed in 38ms
4140 timing metavuln:calculate:security-advisory:sequelize:IkyJOqfhkev0E9tRX4zbgkqtsxJX67cd4upO2f1EheDpncnx522qyf9oLyXwjDcWGeZOQHSqJUAh/kUyYH60qQ== Completed in 62ms
4141 timing metavuln:cache:get:security-advisory:@webpack-cli/configtest:b4m8NuooYTIA52NRofpykXKsNJXhI/hZokfJmZK3eMyZ91+Gy7N4DTPkKnSOjHMTDNtz3tKcpUaQlXgYolFajw== Completed in 4ms
4142 timing metavuln:cache:get:security-advisory:@webpack-cli/info:4Ds6078ZextuCWT6jXrsLa2Pd6hu32g4nY8H0+T8m+aNKVhEB+52Q1eUKB1D7t/Yrw589oA8B9wCx3mYH5Czxg== Completed in 4ms
4143 timing metavuln:cache:get:security-advisory:@webpack-cli/serve:P+MTiTWti/cexrtrDQJD8+RBcrtMy6Jp7vN92Es/wHBog8SMX86eBjTDijQuCnC+gyaCX0FrEqKPYrcWHqsQUA== Completed in 4ms
4144 timing metavuln:cache:get:security-advisory:css-loader:Ow76q8hhhU3MvyLxgnm1y/zYo7Fm99dr11gKzfApuH8ncvHl4guATrwKI/IqfjYipYNSdQJKvS0ecZLpxoiVmQ== Completed in 3ms
4145 timing metavuln:cache:get:security-advisory:mini-css-extract-plugin:G55y4j6io8Q0QytwZFEND0SCeOlZDD4Vj1H2U/A+S3fJbvRCbCyz3KTSkkMgsfR41LScHaNAhK7X/sWIKBGcAw== Completed in 4ms
4146 timing metavuln:cache:get:security-advisory:style-loader://zsLE/rNXdfMckNmpQNmCoWkrP2Nf7A28LGm4q43CiVrFNuxtrmx0tN+1t0mRm8jyGzzBYXQ9oXn2Zl71qHDA== Completed in 4ms
4147 timing metavuln:cache:get:security-advisory:terser-webpack-plugin:OYMC0geGD8QKOno0urEqU4CzSfBbjPVdXorYRugje09dSj0v95b22iyrJDHHzhuhDvgdM+pkY+8LIQ1bjQveVw== Completed in 3ms
4148 timing metavuln:load:security-advisory:terser-webpack-plugin:IzHFkMfHDC+SV3IL23ZHngntgLDUgyESA9Ge8Mh5rKNVcDpaWLuTZIcoUJg4/bAH+BQlnDzJ4nLfJCy6fOIM0A== Completed in 5ms
4149 timing metavuln:cache:get:security-advisory:webpack-cli:NppzCdkvi81KMTMlBTFbaCoFY8gtVck+ljspUq01iJFvWJ0Elli7ukXQBmz7c1UtSEy7ZuJxrJ2UZIkY/mZfhg== Completed in 9ms
4150 timing metavuln:load:security-advisory:webpack-cli:IzHFkMfHDC+SV3IL23ZHngntgLDUgyESA9Ge8Mh5rKNVcDpaWLuTZIcoUJg4/bAH+BQlnDzJ4nLfJCy6fOIM0A== Completed in 13ms
4151 timing metavuln:cache:put:security-advisory:terser-webpack-plugin:OYMC0geGD8QKOno0urEqU4CzSfBbjPVdXorYRugje09dSj0v95b22iyrJDHHzhuhDvgdM+pkY+8LIQ1bjQveVw== Completed in 56ms
4152 timing metavuln:calculate:security-advisory:terser-webpack-plugin:IzHFkMfHDC+SV3IL23ZHngntgLDUgyESA9Ge8Mh5rKNVcDpaWLuTZIcoUJg4/bAH+BQlnDzJ4nLfJCy6fOIM0A== Completed in 65ms
4153 timing metavuln:cache:put:security-advisory:webpack-cli:NppzCdkvi81KMTMlBTFbaCoFY8gtVck+ljspUq01iJFvWJ0Elli7ukXQBmz7c1UtSEy7ZuJxrJ2UZIkY/mZfhg== Completed in 43ms
4154 timing metavuln:calculate:security-advisory:webpack-cli:IzHFkMfHDC+SV3IL23ZHngntgLDUgyESA9Ge8Mh5rKNVcDpaWLuTZIcoUJg4/bAH+BQlnDzJ4nLfJCy6fOIM0A== Completed in 66ms
4155 http fetch GET 200 https://registry.npmjs.org/@webpack-cli%2fconfigtest 114ms (cache miss)
4156 timing metavuln:packument:@webpack-cli/configtest Completed in 116ms
4157 timing metavuln:load:security-advisory:@webpack-cli/configtest:IzHFkMfHDC+SV3IL23ZHngntgLDUgyESA9Ge8Mh5rKNVcDpaWLuTZIcoUJg4/bAH+BQlnDzJ4nLfJCy6fOIM0A== Completed in 0ms
4158 http fetch GET 200 https://registry.npmjs.org/style-loader 134ms (cache miss)
4159 timing metavuln:packument:style-loader Completed in 136ms
4160 timing metavuln:load:security-advisory:style-loader:IzHFkMfHDC+SV3IL23ZHngntgLDUgyESA9Ge8Mh5rKNVcDpaWLuTZIcoUJg4/bAH+BQlnDzJ4nLfJCy6fOIM0A== Completed in 3ms
4161 http fetch GET 200 https://registry.npmjs.org/@webpack-cli%2finfo 142ms (cache miss)
4162 timing metavuln:packument:@webpack-cli/info Completed in 143ms
4163 timing metavuln:load:security-advisory:@webpack-cli/info:IzHFkMfHDC+SV3IL23ZHngntgLDUgyESA9Ge8Mh5rKNVcDpaWLuTZIcoUJg4/bAH+BQlnDzJ4nLfJCy6fOIM0A== Completed in 0ms
4164 http fetch GET 200 https://registry.npmjs.org/css-loader 144ms (cache miss)
4165 timing metavuln:packument:css-loader Completed in 147ms
4166 timing metavuln:load:security-advisory:css-loader:IzHFkMfHDC+SV3IL23ZHngntgLDUgyESA9Ge8Mh5rKNVcDpaWLuTZIcoUJg4/bAH+BQlnDzJ4nLfJCy6fOIM0A== Completed in 2ms
4167 http fetch GET 200 https://registry.npmjs.org/mini-css-extract-plugin 153ms (cache miss)
4168 timing metavuln:packument:mini-css-extract-plugin Completed in 155ms
4169 timing metavuln:load:security-advisory:mini-css-extract-plugin:IzHFkMfHDC+SV3IL23ZHngntgLDUgyESA9Ge8Mh5rKNVcDpaWLuTZIcoUJg4/bAH+BQlnDzJ4nLfJCy6fOIM0A== Completed in 3ms
4170 timing metavuln:cache:put:security-advisory:@webpack-cli/configtest:b4m8NuooYTIA52NRofpykXKsNJXhI/hZokfJmZK3eMyZ91+Gy7N4DTPkKnSOjHMTDNtz3tKcpUaQlXgYolFajw== Completed in 49ms
4171 timing metavuln:calculate:security-advisory:@webpack-cli/configtest:IzHFkMfHDC+SV3IL23ZHngntgLDUgyESA9Ge8Mh5rKNVcDpaWLuTZIcoUJg4/bAH+BQlnDzJ4nLfJCy6fOIM0A== Completed in 165ms
4172 timing metavuln:cache:put:security-advisory:@webpack-cli/info:4Ds6078ZextuCWT6jXrsLa2Pd6hu32g4nY8H0+T8m+aNKVhEB+52Q1eUKB1D7t/Yrw589oA8B9wCx3mYH5Czxg== Completed in 52ms
4173 timing metavuln:calculate:security-advisory:@webpack-cli/info:IzHFkMfHDC+SV3IL23ZHngntgLDUgyESA9Ge8Mh5rKNVcDpaWLuTZIcoUJg4/bAH+BQlnDzJ4nLfJCy6fOIM0A== Completed in 196ms
4174 timing metavuln:cache:put:security-advisory:style-loader://zsLE/rNXdfMckNmpQNmCoWkrP2Nf7A28LGm4q43CiVrFNuxtrmx0tN+1t0mRm8jyGzzBYXQ9oXn2Zl71qHDA== Completed in 56ms
4175 timing metavuln:calculate:security-advisory:style-loader:IzHFkMfHDC+SV3IL23ZHngntgLDUgyESA9Ge8Mh5rKNVcDpaWLuTZIcoUJg4/bAH+BQlnDzJ4nLfJCy6fOIM0A== Completed in 198ms
4176 timing metavuln:cache:put:security-advisory:css-loader:Ow76q8hhhU3MvyLxgnm1y/zYo7Fm99dr11gKzfApuH8ncvHl4guATrwKI/IqfjYipYNSdQJKvS0ecZLpxoiVmQ== Completed in 51ms
4177 timing metavuln:calculate:security-advisory:css-loader:IzHFkMfHDC+SV3IL23ZHngntgLDUgyESA9Ge8Mh5rKNVcDpaWLuTZIcoUJg4/bAH+BQlnDzJ4nLfJCy6fOIM0A== Completed in 201ms
4178 timing metavuln:cache:put:security-advisory:mini-css-extract-plugin:G55y4j6io8Q0QytwZFEND0SCeOlZDD4Vj1H2U/A+S3fJbvRCbCyz3KTSkkMgsfR41LScHaNAhK7X/sWIKBGcAw== Completed in 46ms
4179 timing metavuln:calculate:security-advisory:mini-css-extract-plugin:IzHFkMfHDC+SV3IL23ZHngntgLDUgyESA9Ge8Mh5rKNVcDpaWLuTZIcoUJg4/bAH+BQlnDzJ4nLfJCy6fOIM0A== Completed in 204ms
4180 http fetch GET 200 https://registry.npmjs.org/@webpack-cli%2fserve 304ms (cache miss)
4181 timing metavuln:packument:@webpack-cli/serve Completed in 304ms
4182 timing metavuln:load:security-advisory:@webpack-cli/serve:IzHFkMfHDC+SV3IL23ZHngntgLDUgyESA9Ge8Mh5rKNVcDpaWLuTZIcoUJg4/bAH+BQlnDzJ4nLfJCy6fOIM0A== Completed in 0ms
4183 timing metavuln:cache:put:security-advisory:@webpack-cli/serve:P+MTiTWti/cexrtrDQJD8+RBcrtMy6Jp7vN92Es/wHBog8SMX86eBjTDijQuCnC+gyaCX0FrEqKPYrcWHqsQUA== Completed in 48ms
4184 timing metavuln:calculate:security-advisory:@webpack-cli/serve:IzHFkMfHDC+SV3IL23ZHngntgLDUgyESA9Ge8Mh5rKNVcDpaWLuTZIcoUJg4/bAH+BQlnDzJ4nLfJCy6fOIM0A== Completed in 354ms
4185 timing metavuln:cache:get:security-advisory:make-fetch-happen:JS1eDAsaQnkSC/rAJ1kHDn4UjWqf1f7567HyV/oKSVvssuR/kR60hXTseVc1ROXD8kOdIPeD9ut6fRzIhPTZuw== Completed in 2ms
4186 http fetch GET 200 https://registry.npmjs.org/make-fetch-happen 98ms (cache miss)
4187 timing metavuln:packument:make-fetch-happen Completed in 101ms
4188 timing metavuln:load:security-advisory:make-fetch-happen:yWh+WsUCdzVUoHJ+ukHX3VBWHgc+bzFCiNYaEHuuvW29uVMpISqXUxRqbG/B55MQ8eiu9zSwUnABxh5qJf1U0w== Completed in 3ms
4189 timing metavuln:cache:put:security-advisory:make-fetch-happen:JS1eDAsaQnkSC/rAJ1kHDn4UjWqf1f7567HyV/oKSVvssuR/kR60hXTseVc1ROXD8kOdIPeD9ut6fRzIhPTZuw== Completed in 41ms
4190 timing metavuln:calculate:security-advisory:make-fetch-happen:yWh+WsUCdzVUoHJ+ukHX3VBWHgc+bzFCiNYaEHuuvW29uVMpISqXUxRqbG/B55MQ8eiu9zSwUnABxh5qJf1U0w== Completed in 146ms
4191 timing metavuln:cache:get:security-advisory:js-beautify:mVGwaR1hJpSySFGv5ENPLe2MXyLsuhCYccBRXwHzfIZ1FRuXcQpYf7sIInN7YhD/b7MqhQlEML2TlWJFU2xw9w== Completed in 2ms
4192 timing metavuln:load:security-advisory:js-beautify:/pief47seGDBHnUOHcdf4vh8S5av/gmYGMH6T5uy3DhJchX5AykoNsEcl2U0K2kYnXDy3Q1HW14AEdN7s+Mmhw== Completed in 2ms
4193 timing metavuln:cache:put:security-advisory:js-beautify:mVGwaR1hJpSySFGv5ENPLe2MXyLsuhCYccBRXwHzfIZ1FRuXcQpYf7sIInN7YhD/b7MqhQlEML2TlWJFU2xw9w== Completed in 45ms
4194 timing metavuln:calculate:security-advisory:js-beautify:/pief47seGDBHnUOHcdf4vh8S5av/gmYGMH6T5uy3DhJchX5AykoNsEcl2U0K2kYnXDy3Q1HW14AEdN7s+Mmhw== Completed in 50ms
4195 timing metavuln:cache:get:security-advisory:fastify-error-page:jFLobgupm1ygdOxTlUvCIArNYaFGGKBaaLAoJ8OKqbKNtBGSdJkKNTpzczRFYEIoK/2FzNs3+s9I4+12F+M70A== Completed in 1ms
4196 http fetch GET 200 https://registry.npmjs.org/fastify-error-page 350ms (cache miss)
4197 timing metavuln:packument:fastify-error-page Completed in 350ms
4198 timing metavuln:load:security-advisory:fastify-error-page:GCj7wAVwXmpdpHsZ3FBltk4ddq703nJZceXkq77o3f+gaNLubEhWMdGOuTbsQUIPAj4PXvzoyIJlnaLab4wWyA== Completed in 1ms
4199 timing metavuln:cache:put:security-advisory:fastify-error-page:jFLobgupm1ygdOxTlUvCIArNYaFGGKBaaLAoJ8OKqbKNtBGSdJkKNTpzczRFYEIoK/2FzNs3+s9I4+12F+M70A== Completed in 39ms
4200 timing metavuln:calculate:security-advisory:fastify-error-page:GCj7wAVwXmpdpHsZ3FBltk4ddq703nJZceXkq77o3f+gaNLubEhWMdGOuTbsQUIPAj4PXvzoyIJlnaLab4wWyA== Completed in 390ms
4201 timing metavuln:cache:get:security-advisory:fastify:lycCXiLX7WYkPGWyOZfK/x2MyEabGa58Yp0NN6fq6Yb6R/bh9aYOAn3zOTXTfsMH3UEP1cjjw4Kj5YdQJT91Fg== Completed in 2ms
4202 timing metavuln:load:security-advisory:fastify:UfYeYMGFnlVOh6z1dqFizSqjGi7YyyQMRc3JQ1VnZ/OBVx1zGC6e+b6mEKG/IaRMMtjP5WJ2749QJ6iB38mozA== Completed in 6ms
4203 timing metavuln:cache:put:security-advisory:fastify:lycCXiLX7WYkPGWyOZfK/x2MyEabGa58Yp0NN6fq6Yb6R/bh9aYOAn3zOTXTfsMH3UEP1cjjw4Kj5YdQJT91Fg== Completed in 33ms
4204 timing metavuln:calculate:security-advisory:fastify:UfYeYMGFnlVOh6z1dqFizSqjGi7YyyQMRc3JQ1VnZ/OBVx1zGC6e+b6mEKG/IaRMMtjP5WJ2749QJ6iB38mozA== Completed in 42ms
4205 timing metavuln:cache:get:security-advisory:socks-proxy-agent:O35lPVDdakgt3PlMJ9Zvn535r+Rq41+Bl/9fFt/aDDpWq0oHeg7o+DHqp/GCXtD2sFx/QS2MkwRqg1u8nOKHkQ== Completed in 1ms
4206 http fetch GET 200 https://registry.npmjs.org/socks-proxy-agent 92ms (cache miss)
4207 timing metavuln:packument:socks-proxy-agent Completed in 92ms
4208 timing metavuln:load:security-advisory:socks-proxy-agent:re7e5WgYC0N2yCcyKEpIVOef1b0RSDx7Y0SpqokON2S0og4NBc+basQ12t25Rom7giF5cYm2S3iMuCSJlhszhQ== Completed in 2ms
4209 timing metavuln:cache:put:security-advisory:socks-proxy-agent:O35lPVDdakgt3PlMJ9Zvn535r+Rq41+Bl/9fFt/aDDpWq0oHeg7o+DHqp/GCXtD2sFx/QS2MkwRqg1u8nOKHkQ== Completed in 37ms
4210 timing metavuln:calculate:security-advisory:socks-proxy-agent:re7e5WgYC0N2yCcyKEpIVOef1b0RSDx7Y0SpqokON2S0og4NBc+basQ12t25Rom7giF5cYm2S3iMuCSJlhszhQ== Completed in 132ms
4211 timing metavuln:cache:get:security-advisory:webpack:JftYdshFur//E5T4X92eMr+3ntXPZDJ+GCIeFNjvSdMva59Eynz8k2kYRNBgeLJzm3dzvTSVXqU5Xweef/OxdQ== Completed in 2ms
4212 timing metavuln:load:security-advisory:webpack:329sgNMopuugPFiEvSVitHHehdTr5nHB47XwDe3JfAo+J6Nc9SQhgI2F9XPbnv2SVTzEoWYsaJ8lBj3HmQYXeg== Completed in 15ms
4213 timing metavuln:cache:put:security-advisory:webpack:JftYdshFur//E5T4X92eMr+3ntXPZDJ+GCIeFNjvSdMva59Eynz8k2kYRNBgeLJzm3dzvTSVXqU5Xweef/OxdQ== Completed in 34ms
4214 timing metavuln:calculate:security-advisory:webpack:329sgNMopuugPFiEvSVitHHehdTr5nHB47XwDe3JfAo+J6Nc9SQhgI2F9XPbnv2SVTzEoWYsaJ8lBj3HmQYXeg== Completed in 53ms
4215 timing metavuln:cache:get:security-advisory:make-fetch-happen:i9EWLQURMjAySZXCi5WtA8NzwiONkym6qMEPsUX+uPSg1yz1bg479ufVR/tOdZWMzNzCglMBtyw+v486D3ACDQ== Completed in 1ms
4216 timing metavuln:load:security-advisory:make-fetch-happen:xvJIWB5/FY/DmZpxvmgqyq49qJv5ggEb6QVj3OY5ousoMlm27iLo5bVkFK9lSFNIWe3eU5heX0nWjs8DbT01mg== Completed in 4ms
4217 timing metavuln:cache:get:security-advisory:pacote:OtnJdJ42a1bInL8GrqOWym4puwNQ7oh2bGqAOg0E5uptu0OSRW4gjuYFOkEEYOvjetc1WkglEEM0U0Bgv6+wAw== Completed in 8ms
4218 timing metavuln:load:security-advisory:pacote:xvJIWB5/FY/DmZpxvmgqyq49qJv5ggEb6QVj3OY5ousoMlm27iLo5bVkFK9lSFNIWe3eU5heX0nWjs8DbT01mg== Completed in 6ms
4219 timing metavuln:cache:put:security-advisory:make-fetch-happen:i9EWLQURMjAySZXCi5WtA8NzwiONkym6qMEPsUX+uPSg1yz1bg479ufVR/tOdZWMzNzCglMBtyw+v486D3ACDQ== Completed in 48ms
4220 timing metavuln:calculate:security-advisory:make-fetch-happen:xvJIWB5/FY/DmZpxvmgqyq49qJv5ggEb6QVj3OY5ousoMlm27iLo5bVkFK9lSFNIWe3eU5heX0nWjs8DbT01mg== Completed in 55ms
4221 timing metavuln:cache:put:security-advisory:pacote:OtnJdJ42a1bInL8GrqOWym4puwNQ7oh2bGqAOg0E5uptu0OSRW4gjuYFOkEEYOvjetc1WkglEEM0U0Bgv6+wAw== Completed in 44ms
4222 timing metavuln:calculate:security-advisory:pacote:xvJIWB5/FY/DmZpxvmgqyq49qJv5ggEb6QVj3OY5ousoMlm27iLo5bVkFK9lSFNIWe3eU5heX0nWjs8DbT01mg== Completed in 58ms
4223 timing metavuln:cache:get:security-advisory:@npmcli/run-script:iGTtwNhtzJqD6NRQrZd/d/zEGMzgSqpgcRI1vjqHKnRzGZno56l+gHAbYs0XRY+CB7swkVDTEWOkDAMckkToXA== Completed in 1ms
4224 timing metavuln:cache:get:security-advisory:sqlite3:/EyvdRGvNSmIfPvDagXmxhNg0I3IVs11DoQPmZbPhEN8VqxbrAo8DVoBrE8H0mBolYmeaGyEYJxfj/d4+SoOrA== Completed in 2ms
4225 timing metavuln:load:security-advisory:sqlite3:l/WeQkAPWJ0/mHENc58u9JNvnzqgqXWhnfEbUs8zhmL1UmoofkwGw4482B1GnFfApFQ5hXpUDaLf7UIPw6jpww== Completed in 2ms
4226 timing metavuln:cache:put:security-advisory:sqlite3:/EyvdRGvNSmIfPvDagXmxhNg0I3IVs11DoQPmZbPhEN8VqxbrAo8DVoBrE8H0mBolYmeaGyEYJxfj/d4+SoOrA== Completed in 37ms
4227 timing metavuln:calculate:security-advisory:sqlite3:l/WeQkAPWJ0/mHENc58u9JNvnzqgqXWhnfEbUs8zhmL1UmoofkwGw4482B1GnFfApFQ5hXpUDaLf7UIPw6jpww== Completed in 42ms
4228 http fetch GET 200 https://registry.npmjs.org/@npmcli%2frun-script 108ms (cache miss)
4229 timing metavuln:packument:@npmcli/run-script Completed in 109ms
4230 timing metavuln:load:security-advisory:@npmcli/run-script:l/WeQkAPWJ0/mHENc58u9JNvnzqgqXWhnfEbUs8zhmL1UmoofkwGw4482B1GnFfApFQ5hXpUDaLf7UIPw6jpww== Completed in 4ms
4231 timing metavuln:cache:put:security-advisory:@npmcli/run-script:iGTtwNhtzJqD6NRQrZd/d/zEGMzgSqpgcRI1vjqHKnRzGZno56l+gHAbYs0XRY+CB7swkVDTEWOkDAMckkToXA== Completed in 36ms
4232 timing metavuln:calculate:security-advisory:@npmcli/run-script:l/WeQkAPWJ0/mHENc58u9JNvnzqgqXWhnfEbUs8zhmL1UmoofkwGw4482B1GnFfApFQ5hXpUDaLf7UIPw6jpww== Completed in 149ms
4233 timing metavuln:cache:get:security-advisory:npm-check-updates:3a1dSTSz2mQ0SY5QLKCAVyecBp16P1w6TZ0LEKSvcyuL2frIaamAAWnvTNhDy7T5umx7WmeE1h7mvHxaJVxZ7Q== Completed in 2ms
4234 timing metavuln:load:security-advisory:npm-check-updates:YEGC2tr63UMpFVgVz0cNuFV3bU8S49mLN9fSXNf8TSeZFIG2IIlfze6ewtj1AcnmZfEVnbmO+QJdA95V6mwuNA== Completed in 18ms
4235 timing metavuln:cache:put:security-advisory:npm-check-updates:3a1dSTSz2mQ0SY5QLKCAVyecBp16P1w6TZ0LEKSvcyuL2frIaamAAWnvTNhDy7T5umx7WmeE1h7mvHxaJVxZ7Q== Completed in 35ms
4236 timing metavuln:calculate:security-advisory:npm-check-updates:YEGC2tr63UMpFVgVz0cNuFV3bU8S49mLN9fSXNf8TSeZFIG2IIlfze6ewtj1AcnmZfEVnbmO+QJdA95V6mwuNA== Completed in 55ms
4237 timing metavuln:cache:get:security-advisory:@sigstore/sign:gxeN9h00LM5324/XxET8P0+GPZEVKHCdf+jOHSaCvQTLuwSUluPl5uo7ZHXFYjW2xwkD7P6pMpFE+UgpP/tPDQ== Completed in 3ms
4238 timing metavuln:cache:get:security-advisory:npm-check-updates:9ZRWZwbw/kFW4we/s9ZytIhCXNFSAtoN7r1b3HEN9Kt59xN3AvUqmYBYR13EWY5MjgGjI7RT4j6hN3VaZWfu5A== Completed in 4ms
4239 timing metavuln:load:security-advisory:npm-check-updates:JS1eDAsaQnkSC/rAJ1kHDn4UjWqf1f7567HyV/oKSVvssuR/kR60hXTseVc1ROXD8kOdIPeD9ut6fRzIhPTZuw== Completed in 5ms
4240 timing metavuln:cache:get:security-advisory:npm-registry-fetch:jTwU2ocpa2F1Gl6F6mIoiNLWDiThBDO4pDtOU839jhOJFWGWbQ781jfDqHY9xg8lvUgrdB971fXo+xQMKn4YyA== Completed in 10ms
4241 timing metavuln:cache:get:security-advisory:sigstore:Rv00qatMGdIbV25G7szwdziZdJnK334VQAYuhSzYU7wgGrEPcJjdhEHJyYLLow9hkmU78uZlSl1x+iswPUipEA== Completed in 9ms
4242 timing metavuln:cache:get:security-advisory:tuf-js:07lmlzsGh7j8O54vxohIVSrz884DHxq1pgHvyRzJJID2IkcWbDjN2Pjip45kGl8EGRCU2GSAK+Y4MwRE4fdABw== Completed in 9ms
4243 timing metavuln:cache:get:security-advisory:node-gyp:5rq91deMwL71Py6PvBs4DPzl2PiTOCJMC2TwWfC0r34chaVidbfSvH06scEnLlTST/lclYYq9vacE3hoHCmR5g== Completed in 9ms
4244 timing metavuln:load:security-advisory:node-gyp:JS1eDAsaQnkSC/rAJ1kHDn4UjWqf1f7567HyV/oKSVvssuR/kR60hXTseVc1ROXD8kOdIPeD9ut6fRzIhPTZuw== Completed in 2ms
4245 timing metavuln:cache:put:security-advisory:npm-check-updates:9ZRWZwbw/kFW4we/s9ZytIhCXNFSAtoN7r1b3HEN9Kt59xN3AvUqmYBYR13EWY5MjgGjI7RT4j6hN3VaZWfu5A== Completed in 46ms
4246 timing metavuln:calculate:security-advisory:npm-check-updates:JS1eDAsaQnkSC/rAJ1kHDn4UjWqf1f7567HyV/oKSVvssuR/kR60hXTseVc1ROXD8kOdIPeD9ut6fRzIhPTZuw== Completed in 55ms
4247 timing metavuln:cache:put:security-advisory:node-gyp:5rq91deMwL71Py6PvBs4DPzl2PiTOCJMC2TwWfC0r34chaVidbfSvH06scEnLlTST/lclYYq9vacE3hoHCmR5g== Completed in 43ms
4248 timing metavuln:calculate:security-advisory:node-gyp:JS1eDAsaQnkSC/rAJ1kHDn4UjWqf1f7567HyV/oKSVvssuR/kR60hXTseVc1ROXD8kOdIPeD9ut6fRzIhPTZuw== Completed in 55ms
4249 http fetch GET 200 https://registry.npmjs.org/sigstore 109ms (cache miss)
4250 timing metavuln:packument:sigstore Completed in 110ms
4251 timing metavuln:load:security-advisory:sigstore:JS1eDAsaQnkSC/rAJ1kHDn4UjWqf1f7567HyV/oKSVvssuR/kR60hXTseVc1ROXD8kOdIPeD9ut6fRzIhPTZuw== Completed in 1ms
4252 http fetch GET 200 https://registry.npmjs.org/tuf-js 113ms (cache miss)
4253 timing metavuln:packument:tuf-js Completed in 114ms
4254 timing metavuln:load:security-advisory:tuf-js:JS1eDAsaQnkSC/rAJ1kHDn4UjWqf1f7567HyV/oKSVvssuR/kR60hXTseVc1ROXD8kOdIPeD9ut6fRzIhPTZuw== Completed in 1ms
4255 http fetch GET 200 https://registry.npmjs.org/npm-registry-fetch 124ms (cache miss)
4256 timing metavuln:packument:npm-registry-fetch Completed in 126ms
4257 timing metavuln:load:security-advisory:npm-registry-fetch:JS1eDAsaQnkSC/rAJ1kHDn4UjWqf1f7567HyV/oKSVvssuR/kR60hXTseVc1ROXD8kOdIPeD9ut6fRzIhPTZuw== Completed in 3ms
4258 timing metavuln:cache:put:security-advisory:sigstore:Rv00qatMGdIbV25G7szwdziZdJnK334VQAYuhSzYU7wgGrEPcJjdhEHJyYLLow9hkmU78uZlSl1x+iswPUipEA== Completed in 53ms
4259 timing metavuln:calculate:security-advisory:sigstore:JS1eDAsaQnkSC/rAJ1kHDn4UjWqf1f7567HyV/oKSVvssuR/kR60hXTseVc1ROXD8kOdIPeD9ut6fRzIhPTZuw== Completed in 164ms
4260 timing metavuln:cache:put:security-advisory:tuf-js:07lmlzsGh7j8O54vxohIVSrz884DHxq1pgHvyRzJJID2IkcWbDjN2Pjip45kGl8EGRCU2GSAK+Y4MwRE4fdABw== Completed in 50ms
4261 timing metavuln:calculate:security-advisory:tuf-js:JS1eDAsaQnkSC/rAJ1kHDn4UjWqf1f7567HyV/oKSVvssuR/kR60hXTseVc1ROXD8kOdIPeD9ut6fRzIhPTZuw== Completed in 165ms
4262 timing metavuln:cache:put:security-advisory:npm-registry-fetch:jTwU2ocpa2F1Gl6F6mIoiNLWDiThBDO4pDtOU839jhOJFWGWbQ781jfDqHY9xg8lvUgrdB971fXo+xQMKn4YyA== Completed in 46ms
4263 timing metavuln:calculate:security-advisory:npm-registry-fetch:JS1eDAsaQnkSC/rAJ1kHDn4UjWqf1f7567HyV/oKSVvssuR/kR60hXTseVc1ROXD8kOdIPeD9ut6fRzIhPTZuw== Completed in 178ms
4264 http fetch GET 200 https://registry.npmjs.org/rxjs/-/rxjs-7.8.1.tgz 58228ms (cache miss)
4265 timing reifyNode:node_modules/rxjs Completed in 60286ms
4266 http fetch GET 200 https://registry.npmjs.org/@sigstore%2fsign 299ms (cache miss)
4267 timing metavuln:packument:@sigstore/sign Completed in 300ms
4268 timing metavuln:load:security-advisory:@sigstore/sign:JS1eDAsaQnkSC/rAJ1kHDn4UjWqf1f7567HyV/oKSVvssuR/kR60hXTseVc1ROXD8kOdIPeD9ut6fRzIhPTZuw== Completed in 1ms
4269 timing metavuln:cache:put:security-advisory:@sigstore/sign:gxeN9h00LM5324/XxET8P0+GPZEVKHCdf+jOHSaCvQTLuwSUluPl5uo7ZHXFYjW2xwkD7P6pMpFE+UgpP/tPDQ== Completed in 24ms
4270 timing metavuln:calculate:security-advisory:@sigstore/sign:JS1eDAsaQnkSC/rAJ1kHDn4UjWqf1f7567HyV/oKSVvssuR/kR60hXTseVc1ROXD8kOdIPeD9ut6fRzIhPTZuw== Completed in 325ms
4271 timing metavuln:cache:get:security-advisory:pacote:MS+9ca68tdxeElO9akLXw7yb5VApoczfnQKLx1EukwgWla9k04iPl4Po3r/HJQy/+Wzz5cv0LVQSH7FloSCQcg== Completed in 2ms
4272 timing metavuln:load:security-advisory:pacote:iGTtwNhtzJqD6NRQrZd/d/zEGMzgSqpgcRI1vjqHKnRzGZno56l+gHAbYs0XRY+CB7swkVDTEWOkDAMckkToXA== Completed in 3ms
4273 timing metavuln:cache:put:security-advisory:pacote:MS+9ca68tdxeElO9akLXw7yb5VApoczfnQKLx1EukwgWla9k04iPl4Po3r/HJQy/+Wzz5cv0LVQSH7FloSCQcg== Completed in 24ms
4274 timing metavuln:calculate:security-advisory:pacote:iGTtwNhtzJqD6NRQrZd/d/zEGMzgSqpgcRI1vjqHKnRzGZno56l+gHAbYs0XRY+CB7swkVDTEWOkDAMckkToXA== Completed in 29ms
4275 timing metavuln:cache:get:security-advisory:pacote:9p0F/JB+ald0XE4A7i1a/J68dZA4eV/2xfPPwuDNCTRuQ9iRoL97wQ2TNV2RvVonwghss2KN+WWxhQFIo3nB7g== Completed in 1ms
4276 timing metavuln:load:security-advisory:pacote:Rv00qatMGdIbV25G7szwdziZdJnK334VQAYuhSzYU7wgGrEPcJjdhEHJyYLLow9hkmU78uZlSl1x+iswPUipEA== Completed in 2ms
4277 timing metavuln:cache:put:security-advisory:pacote:9p0F/JB+ald0XE4A7i1a/J68dZA4eV/2xfPPwuDNCTRuQ9iRoL97wQ2TNV2RvVonwghss2KN+WWxhQFIo3nB7g== Completed in 26ms
4278 timing metavuln:calculate:security-advisory:pacote:Rv00qatMGdIbV25G7szwdziZdJnK334VQAYuhSzYU7wgGrEPcJjdhEHJyYLLow9hkmU78uZlSl1x+iswPUipEA== Completed in 31ms
4279 timing metavuln:cache:get:security-advisory:@sigstore/tuf:tI8a4sAvv4Ex9yO/NvwE3cq49Endh6zBwFEmLoalWUEBC1CvqIeHrPgpHu15xRlRF6+kuKPkgtJz5rV72bTJVA== Completed in 1ms
4280 http fetch GET 200 https://registry.npmjs.org/@sigstore%2ftuf 77ms (cache miss)
4281 timing metavuln:packument:@sigstore/tuf Completed in 78ms
4282 timing metavuln:load:security-advisory:@sigstore/tuf:07lmlzsGh7j8O54vxohIVSrz884DHxq1pgHvyRzJJID2IkcWbDjN2Pjip45kGl8EGRCU2GSAK+Y4MwRE4fdABw== Completed in 1ms
4283 timing metavuln:cache:put:security-advisory:@sigstore/tuf:tI8a4sAvv4Ex9yO/NvwE3cq49Endh6zBwFEmLoalWUEBC1CvqIeHrPgpHu15xRlRF6+kuKPkgtJz5rV72bTJVA== Completed in 23ms
4284 timing metavuln:calculate:security-advisory:@sigstore/tuf:07lmlzsGh7j8O54vxohIVSrz884DHxq1pgHvyRzJJID2IkcWbDjN2Pjip45kGl8EGRCU2GSAK+Y4MwRE4fdABw== Completed in 103ms
4285 timing metavuln:cache:get:security-advisory:pacote:v/Wx+No8lTTUx3pt5UDycUsDr2SLqMOux7aARyHYmfvOWFlLhIlCtj0dfcTvwDc78teR/Q4TYiE2HqwCDqNPyg== Completed in 1ms
4286 timing metavuln:load:security-advisory:pacote:jTwU2ocpa2F1Gl6F6mIoiNLWDiThBDO4pDtOU839jhOJFWGWbQ781jfDqHY9xg8lvUgrdB971fXo+xQMKn4YyA== Completed in 4ms
4287 timing metavuln:cache:put:security-advisory:pacote:v/Wx+No8lTTUx3pt5UDycUsDr2SLqMOux7aARyHYmfvOWFlLhIlCtj0dfcTvwDc78teR/Q4TYiE2HqwCDqNPyg== Completed in 24ms
4288 timing metavuln:calculate:security-advisory:pacote:jTwU2ocpa2F1Gl6F6mIoiNLWDiThBDO4pDtOU839jhOJFWGWbQ781jfDqHY9xg8lvUgrdB971fXo+xQMKn4YyA== Completed in 30ms
4289 timing metavuln:cache:get:security-advisory:sigstore:TTD5fb9jAE8DIab5gcqzyJoyo1QthZOxUdxKWxcX4c1NN+KR8ZAYyk91KVmVtN3vwxc/Rl8anvp4MXaW8DFomw== Completed in 2ms
4290 timing metavuln:load:security-advisory:sigstore:gxeN9h00LM5324/XxET8P0+GPZEVKHCdf+jOHSaCvQTLuwSUluPl5uo7ZHXFYjW2xwkD7P6pMpFE+UgpP/tPDQ== Completed in 1ms
4291 timing metavuln:cache:put:security-advisory:sigstore:TTD5fb9jAE8DIab5gcqzyJoyo1QthZOxUdxKWxcX4c1NN+KR8ZAYyk91KVmVtN3vwxc/Rl8anvp4MXaW8DFomw== Completed in 24ms
4292 timing metavuln:calculate:security-advisory:sigstore:gxeN9h00LM5324/XxET8P0+GPZEVKHCdf+jOHSaCvQTLuwSUluPl5uo7ZHXFYjW2xwkD7P6pMpFE+UgpP/tPDQ== Completed in 27ms
4293 timing metavuln:cache:get:security-advisory:sigstore:7IifTNyOdt0CxKAKn+2Sq3kwLn+9cfQ8/8XqUTlCD3qGzs48032kNWKtvJaSsdko3uk1EEASP6faivANpvrrSg== Completed in 2ms
4294 timing metavuln:load:security-advisory:sigstore:tI8a4sAvv4Ex9yO/NvwE3cq49Endh6zBwFEmLoalWUEBC1CvqIeHrPgpHu15xRlRF6+kuKPkgtJz5rV72bTJVA== Completed in 1ms
4295 timing metavuln:cache:put:security-advisory:sigstore:7IifTNyOdt0CxKAKn+2Sq3kwLn+9cfQ8/8XqUTlCD3qGzs48032kNWKtvJaSsdko3uk1EEASP6faivANpvrrSg== Completed in 24ms
4296 timing metavuln:calculate:security-advisory:sigstore:tI8a4sAvv4Ex9yO/NvwE3cq49Endh6zBwFEmLoalWUEBC1CvqIeHrPgpHu15xRlRF6+kuKPkgtJz5rV72bTJVA== Completed in 27ms
4297 timing auditReport:init Completed in 58975ms
4298 timing reify:audit Completed in 60685ms
4299 http fetch GET 200 https://registry.npmjs.org/date-fns/-/date-fns-2.30.0.tgz 68293ms (cache miss)
4300 timing reifyNode:node_modules/date-fns Completed in 70748ms
4301 timing reify:unpack Completed in 70798ms
4302 timing reify:unretire Completed in 0ms
4303 timing build:queue Completed in 301ms
4304 timing build:link:node_modules/jest-cli Completed in 2ms
4305 timing build:link:node_modules/@fastify/secure-session Completed in 346ms
4306 timing build:link:node_modules/@babel/core/node_modules/semver Completed in 352ms
4307 timing build:link:node_modules/@babel/helper-compilation-targets/node_modules/semver Completed in 352ms
4308 timing build:link:node_modules/eslint-plugin-import/node_modules/semver Completed in 352ms
4309 timing build:link:node_modules/@istanbuljs/load-nyc-config/node_modules/js-yaml Completed in 353ms
4310 timing build:link:node_modules/eslint-config-airbnb-base/node_modules/semver Completed in 353ms
4311 timing build:link:node_modules/babel-plugin-istanbul/node_modules/semver Completed in 353ms
4312 timing build:link:node_modules/@npmcli/promise-spawn/node_modules/which Completed in 353ms
4313 timing build:link:node_modules/@npmcli/run-script/node_modules/which Completed in 354ms
4314 timing build:link:node_modules/fastify-cli/node_modules/pino-pretty Completed in 354ms
4315 timing build:link:node_modules/browserslist Completed in 355ms
4316 timing build:link:node_modules/@npmcli/git/node_modules/which Completed in 355ms
4317 timing build:link:node_modules/fastify-objectionjs/node_modules/knex Completed in 355ms
4318 timing build:link:node_modules/js-beautify/node_modules/nopt Completed in 355ms
4319 timing build:link:node_modules/@babel/parser Completed in 358ms
4320 timing build:link:node_modules/acorn Completed in 358ms
4321 timing build:link:node_modules/is-expression/node_modules/acorn Completed in 356ms
4322 timing build:link:node_modules/color-support Completed in 358ms
4323 timing build:link:node_modules/sqlite3/node_modules/node-gyp Completed in 357ms
4324 timing build:link:node_modules/node-gyp/node_modules/nopt Completed in 357ms
4325 timing build:link:node_modules/@npmcli/installed-package-contents Completed in 360ms
4326 timing build:link:node_modules/create-jest Completed in 359ms
4327 timing build:link:node_modules/concurrently Completed in 359ms
4328 timing build:link:node_modules/cssesc Completed in 360ms
4329 timing build:link:node_modules/npm-check-updates/node_modules/rimraf Completed in 359ms
4330 timing build:link:node_modules/eslint Completed in 361ms
4331 timing build:link:node_modules/generify Completed in 361ms
4332 timing build:link:node_modules/envinfo Completed in 361ms
4333 timing build:link:node_modules/editorconfig Completed in 362ms
4334 timing build:link:node_modules/fastify-cli Completed in 362ms
4335 timing build:link:node_modules/esprima Completed in 362ms
4336 timing build:link:node_modules/import-local Completed in 363ms
4337 timing build:link:node_modules/is-ci Completed in 363ms
4338 timing build:link:node_modules/is-docker Completed in 363ms
4339 timing build:link:node_modules/glob Completed in 364ms
4340 timing build:link:node_modules/tsconfig-paths/node_modules/json5 Completed in 362ms
4341 timing build:link:node_modules/js-yaml Completed in 365ms
4342 timing build:link:node_modules/jest Completed in 365ms
4343 timing build:link:node_modules/jsesc Completed in 365ms
4344 timing build:link:node_modules/knex Completed in 365ms
4345 timing build:link:node_modules/json5 Completed in 366ms
4346 timing build:link:node_modules/js-beautify Completed in 366ms
4347 timing build:link:node_modules/markdown-it Completed in 366ms
4348 timing build:link:node_modules/mime Completed in 367ms
4349 timing build:link:node_modules/mustache Completed in 366ms
4350 timing build:link:node_modules/mkdirp Completed in 366ms
4351 timing build:link:node_modules/node-gyp-build Completed in 367ms
4352 timing build:link:node_modules/nanoid Completed in 367ms
4353 timing build:link:node_modules/node-gyp Completed in 367ms
4354 timing build:link:node_modules/pino Completed in 368ms
4355 timing build:link:node_modules/nopt Completed in 368ms
4356 timing build:link:node_modules/parse-github-url Completed in 368ms
4357 timing build:link:node_modules/pacote Completed in 368ms
4358 timing build:link:node_modules/pino-pretty Completed in 368ms
4359 timing build:link:node_modules/prebuild-install Completed in 369ms
4360 timing build:link:node_modules/npm-check-updates Completed in 369ms
4361 timing build:link:node_modules/rimraf Completed in 369ms
4362 timing build:link:node_modules/rc Completed in 369ms
4363 timing build:link:node_modules/resolve Completed in 369ms
4364 timing build:link:node_modules/sequelize-cli Completed in 370ms
4365 timing build:link:node_modules/tree-kill Completed in 370ms
4366 timing build:link:node_modules/semver Completed in 370ms
4367 timing build:link:node_modules/update-browserslist-db Completed in 370ms
4368 timing build:link:node_modules/sigstore Completed in 370ms
4369 timing build:link:node_modules/terser Completed in 371ms
4370 timing build:link:node_modules/webpack Completed in 371ms
4371 timing build:link:node_modules/uuid Completed in 371ms
4372 timing build:link:node_modules/webpack-cli Completed in 371ms
4373 timing build:link:node_modules/which Completed in 372ms
4374 timing build:link Completed in 374ms
4375 info run @vscode/sqlite3@5.1.2 install node_modules/@vscode/sqlite3 node-gyp rebuild
4376 info run better-sqlite3@8.7.0 install node_modules/better-sqlite3 prebuild-install || node-gyp rebuild --release
4377 info run sodium-native@4.1.1 install node_modules/sodium-native node-gyp-build
4378 info run sqlite3@5.1.7 install node_modules/sqlite3 prebuild-install -r napi || node-gyp rebuild
4379 info run sodium-native@4.1.1 install { code: 0, signal: null }
4380 timing build:run:install:node_modules/sodium-native Completed in 161ms
4381 info run sqlite3@5.1.7 install { code: 0, signal: null }
4382 timing build:run:install:node_modules/sqlite3 Completed in 1596ms
4383 info run better-sqlite3@8.7.0 install { code: 0, signal: null }
4384 timing build:run:install:node_modules/better-sqlite3 Completed in 1694ms
4385 info run @vscode/sqlite3@5.1.2 install { code: 0, signal: null }
4386 timing build:run:install:node_modules/@vscode/sqlite3 Completed in 72098ms
4387 timing build:run:install Completed in 72098ms
4388 info run es5-ext@0.10.64 postinstall node_modules/es5-ext  node -e "try{require('./_postinstall')}catch(e){}" || exit 0
4389 info run es5-ext@0.10.64 postinstall { code: 0, signal: null }
4390 timing build:run:postinstall:node_modules/es5-ext Completed in 57ms
4391 timing build:run:postinstall Completed in 57ms
4392 timing build:deps Completed in 72832ms
4393 timing build Completed in 72833ms
4394 timing reify:build Completed in 72834ms
4395 timing reify:trash Completed in 4ms
4396 timing reify:save Completed in 209ms
4397 timing reify Completed in 145757ms
4398 silly ADD node_modules/youch
4399 silly ADD node_modules/youch/node_modules/cookie
4400 silly ADD node_modules/yocto-queue
4401 silly ADD node_modules/yargs-parser
4402 silly ADD node_modules/yargs
4403 silly ADD node_modules/yallist
4404 silly ADD node_modules/y18n
4405 silly ADD node_modules/xtend
4406 silly ADD node_modules/xdg-basedir
4407 silly ADD node_modules/write-file-atomic
4408 silly ADD node_modules/wrappy
4409 silly ADD node_modules/wrap-ansi-cjs
4410 silly ADD node_modules/wrap-ansi
4411 silly ADD node_modules/wrap-ansi/node_modules/strip-ansi
4412 silly ADD node_modules/wrap-ansi/node_modules/string-width
4413 silly ADD node_modules/wrap-ansi/node_modules/emoji-regex
4414 silly ADD node_modules/wrap-ansi/node_modules/ansi-styles
4415 silly ADD node_modules/wrap-ansi/node_modules/ansi-regex
4416 silly ADD node_modules/wkx
4417 silly ADD node_modules/with
4418 silly ADD node_modules/wildcard
4419 silly ADD node_modules/widest-line
4420 silly ADD node_modules/widest-line/node_modules/strip-ansi
4421 silly ADD node_modules/widest-line/node_modules/string-width
4422 silly ADD node_modules/widest-line/node_modules/emoji-regex
4423 silly ADD node_modules/widest-line/node_modules/ansi-regex
4424 silly ADD node_modules/wide-align
4425 silly ADD node_modules/which-typed-array
4426 silly ADD node_modules/which-boxed-primitive
4427 silly ADD node_modules/which
4428 silly ADD node_modules/webpack-sources
4429 silly ADD node_modules/webpack-merge
4430 silly ADD node_modules/webpack-cli
4431 silly ADD node_modules/webpack-cli/node_modules/interpret
4432 silly ADD node_modules/webpack
4433 silly ADD node_modules/webpack/node_modules/schema-utils
4434 silly ADD node_modules/webpack/node_modules/graceful-fs
4435 silly ADD node_modules/webpack/node_modules/estraverse
4436 silly ADD node_modules/webpack/node_modules/eslint-scope
4437 silly ADD node_modules/watchpack
4438 silly ADD node_modules/walker
4439 silly ADD node_modules/void-elements
4440 silly ADD node_modules/vary
4441 silly ADD node_modules/validator
4442 silly ADD node_modules/validate-npm-package-name
4443 silly ADD node_modules/validate-npm-package-license
4444 silly ADD node_modules/v8-to-istanbul
4445 silly ADD node_modules/uuid
4446 silly ADD node_modules/util-deprecate
4447 silly ADD node_modules/uri-js
4448 silly ADD node_modules/update-notifier
4449 silly ADD node_modules/update-notifier/node_modules/chalk
4450 silly ADD node_modules/update-browserslist-db
4451 silly ADD node_modules/untildify
4452 silly ADD node_modules/universalify
4453 silly ADD node_modules/unique-string
4454 silly ADD node_modules/unique-slug
4455 silly ADD node_modules/unique-filename
4456 silly ADD node_modules/undici-types
4457 silly ADD node_modules/unbox-primitive
4458 silly ADD node_modules/umzug
4459 silly ADD node_modules/uc.micro
4460 silly ADD node_modules/typedarray-to-buffer
4461 silly ADD node_modules/typed-array-length
4462 silly ADD node_modules/typed-array-byte-offset
4463 silly ADD node_modules/typed-array-byte-length
4464 silly ADD node_modules/typed-array-buffer
4465 silly ADD node_modules/type-is
4466 silly ADD node_modules/type-fest
4467 silly ADD node_modules/type-detect
4468 silly ADD node_modules/type-check
4469 silly ADD node_modules/type
4470 silly ADD node_modules/tunnel-agent
4471 silly ADD node_modules/tuf-js
4472 silly ADD node_modules/tslib
4473 silly ADD node_modules/tsconfig-paths
4474 silly ADD node_modules/tsconfig-paths/node_modules/strip-bom
4475 silly ADD node_modules/tsconfig-paths/node_modules/json5
4476 silly ADD node_modules/tree-kill
4477 silly ADD node_modules/toposort-class
4478 silly ADD node_modules/token-stream
4479 silly ADD node_modules/toidentifier
4480 silly ADD node_modules/toad-cache
4481 silly ADD node_modules/to-regex-range
4482 silly ADD node_modules/to-fast-properties
4483 silly ADD node_modules/tmpl
4484 silly ADD node_modules/timers-ext
4485 silly ADD node_modules/tildify
4486 silly ADD node_modules/thread-stream
4487 silly ADD node_modules/text-table
4488 silly ADD node_modules/test-exclude
4489 silly ADD node_modules/test-exclude/node_modules/glob
4490 silly ADD node_modules/terser-webpack-plugin
4491 silly ADD node_modules/terser-webpack-plugin/node_modules/supports-color
4492 silly ADD node_modules/terser-webpack-plugin/node_modules/schema-utils
4493 silly ADD node_modules/terser-webpack-plugin/node_modules/jest-worker
4494 silly ADD node_modules/terser
4495 silly ADD node_modules/terser/node_modules/source-map-support
4496 silly ADD node_modules/terser/node_modules/commander
4497 silly ADD node_modules/tarn
4498 silly ADD node_modules/tar-stream
4499 silly ADD node_modules/tar-fs
4500 silly ADD node_modules/tar-fs/node_modules/chownr
4501 silly ADD node_modules/tar
4502 silly ADD node_modules/tapable
4503 silly ADD node_modules/supports-preserve-symlinks-flag
4504 silly ADD node_modules/supports-color
4505 silly ADD node_modules/style-loader
4506 silly ADD node_modules/strip-json-comments
4507 silly ADD node_modules/strip-final-newline
4508 silly ADD node_modules/strip-bom
4509 silly ADD node_modules/strip-ansi-cjs
4510 silly ADD node_modules/strip-ansi
4511 silly ADD node_modules/string.prototype.trimstart
4512 silly ADD node_modules/string.prototype.trimend
4513 silly ADD node_modules/string.prototype.trim
4514 silly ADD node_modules/string-width-cjs
4515 silly ADD node_modules/string-width
4516 silly ADD node_modules/string-length
4517 silly ADD node_modules/string_decoder
4518 silly ADD node_modules/statuses
4519 silly ADD node_modules/stack-utils
4520 silly ADD node_modules/stack-utils/node_modules/escape-string-regexp
4521 silly ADD node_modules/stack-trace
4522 silly ADD node_modules/ssri
4523 silly ADD node_modules/ssri/node_modules/minipass
4524 silly ADD node_modules/sqlite3
4525 silly ADD node_modules/sqlite3/node_modules/ssri
4526 silly ADD node_modules/sqlite3/node_modules/socks-proxy-agent
4527 silly ADD node_modules/sqlite3/node_modules/node-gyp
4528 silly ADD node_modules/sqlite3/node_modules/node-addon-api
4529 silly ADD node_modules/sqlite3/node_modules/minipass-fetch
4530 silly ADD node_modules/sqlite3/node_modules/make-fetch-happen
4531 silly ADD node_modules/sqlite3/node_modules/lru-cache
4532 silly ADD node_modules/sqlite3/node_modules/http-proxy-agent
4533 silly ADD node_modules/sqlite3/node_modules/glob
4534 silly ADD node_modules/sqlite3/node_modules/cacache
4535 silly ADD node_modules/sqlite3/node_modules/@tootallnate/once
4536 silly ADD node_modules/sqlite3/node_modules/@npmcli/move-file
4537 silly ADD node_modules/sqlite3/node_modules/@npmcli/fs
4538 silly ADD node_modules/sprintf-js
4539 silly ADD node_modules/split2
4540 silly ADD node_modules/spdx-license-ids
4541 silly ADD node_modules/spdx-expression-parse
4542 silly ADD node_modules/spdx-exceptions
4543 silly ADD node_modules/spdx-correct
4544 silly ADD node_modules/spawn-please
4545 silly ADD node_modules/spawn-command
4546 silly ADD node_modules/source-map-support
4547 silly ADD node_modules/source-map-js
4548 silly ADD node_modules/source-map
4549 silly ADD node_modules/sonic-boom
4550 silly ADD node_modules/sodium-native
4551 silly ADD node_modules/socks-proxy-agent
4552 silly ADD node_modules/socks
4553 silly ADD node_modules/smart-buffer
4554 silly ADD node_modules/slash
4555 silly ADD node_modules/sisteransi
4556 silly ADD node_modules/simple-get
4557 silly ADD node_modules/simple-concat
4558 silly ADD node_modules/sigstore
4559 silly ADD node_modules/signal-exit
4560 silly ADD node_modules/side-channel
4561 silly ADD node_modules/shell-quote
4562 silly ADD node_modules/shebang-regex
4563 silly ADD node_modules/shebang-command
4564 silly ADD node_modules/shallow-clone
4565 silly ADD node_modules/setprototypeof
4566 silly ADD node_modules/set-function-name
4567 silly ADD node_modules/set-function-length
4568 silly ADD node_modules/set-cookie-parser
4569 silly ADD node_modules/set-blocking
4570 silly ADD node_modules/serialize-javascript
4571 silly ADD node_modules/sequelize-pool
4572 silly ADD node_modules/sequelize-cli
4573 silly ADD node_modules/sequelize-cli/node_modules/yargs-parser
4574 silly ADD node_modules/sequelize-cli/node_modules/yargs
4575 silly ADD node_modules/sequelize-cli/node_modules/wrap-ansi
4576 silly ADD node_modules/sequelize-cli/node_modules/cliui
4577 silly ADD node_modules/sequelize
4578 silly ADD node_modules/semver-utils
4579 silly ADD node_modules/semver-diff
4580 silly ADD node_modules/semver
4581 silly ADD node_modules/semver/node_modules/lru-cache
4582 silly ADD node_modules/secure-json-parse
4583 silly ADD node_modules/schema-utils
4584 silly ADD node_modules/schema-utils/node_modules/json-schema-traverse
4585 silly ADD node_modules/schema-utils/node_modules/ajv-keywords
4586 silly ADD node_modules/schema-utils/node_modules/ajv
4587 silly ADD node_modules/safer-buffer
4588 silly ADD node_modules/safe-stable-stringify
4589 silly ADD node_modules/safe-regex2
4590 silly ADD node_modules/safe-regex-test
4591 silly ADD node_modules/safe-buffer
4592 silly ADD node_modules/safe-array-concat
4593 silly ADD node_modules/rxjs
4594 silly ADD node_modules/run-parallel
4595 silly ADD node_modules/rimraf
4596 silly ADD node_modules/rimraf/node_modules/glob
4597 silly ADD node_modules/rfdc
4598 silly ADD node_modules/reusify
4599 silly ADD node_modules/retry-as-promised
4600 silly ADD node_modules/retry
4601 silly ADD node_modules/ret
4602 silly ADD node_modules/responselike
4603 silly ADD node_modules/responselike/node_modules/lowercase-keys
4604 silly ADD node_modules/resolve.exports
4605 silly ADD node_modules/resolve-from
4606 silly ADD node_modules/resolve-cwd
4607 silly ADD node_modules/resolve-alpn
4608 silly ADD node_modules/resolve
4609 silly ADD node_modules/require-from-string
4610 silly ADD node_modules/require-directory
4611 silly ADD node_modules/remote-git-tags
4612 silly ADD node_modules/registry-url
4613 silly ADD node_modules/registry-auth-token
4614 silly ADD node_modules/regexp.prototype.flags
4615 silly ADD node_modules/regenerator-runtime
4616 silly ADD node_modules/rechoir
4617 silly ADD node_modules/real-require
4618 silly ADD node_modules/readdirp
4619 silly ADD node_modules/readable-stream
4620 silly ADD node_modules/read-package-json-fast
4621 silly ADD node_modules/read-package-json-fast/node_modules/json-parse-even-better-errors
4622 silly ADD node_modules/read-package-json
4623 silly ADD node_modules/read-package-json/node_modules/json-parse-even-better-errors
4624 silly ADD node_modules/react-is
4625 silly ADD node_modules/rc-config-loader
4626 silly ADD node_modules/rc
4627 silly ADD node_modules/rc/node_modules/strip-json-comments
4628 silly ADD node_modules/rc/node_modules/ini
4629 silly ADD node_modules/randombytes
4630 silly ADD node_modules/quick-lru
4631 silly ADD node_modules/quick-format-unescaped
4632 silly ADD node_modules/queue-microtask
4633 silly ADD node_modules/qs
4634 silly ADD node_modules/pure-rand
4635 silly ADD node_modules/pupa
4636 silly ADD node_modules/punycode
4637 silly ADD node_modules/pump
4638 silly ADD node_modules/pug-walk
4639 silly ADD node_modules/pug-strip-comments
4640 silly ADD node_modules/pug-runtime
4641 silly ADD node_modules/pug-parser
4642 silly ADD node_modules/pug-load
4643 silly ADD node_modules/pug-linker
4644 silly ADD node_modules/pug-lexer
4645 silly ADD node_modules/pug-filters
4646 silly ADD node_modules/pug-error
4647 silly ADD node_modules/pug-code-gen
4648 silly ADD node_modules/pug-attrs
4649 silly ADD node_modules/pug
4650 silly ADD node_modules/proxy-addr
4651 silly ADD node_modules/proto-list
4652 silly ADD node_modules/prompts-ncu
4653 silly ADD node_modules/prompts-ncu/node_modules/kleur
4654 silly ADD node_modules/prompts
4655 silly ADD node_modules/promise-retry
4656 silly ADD node_modules/promise-inflight
4657 silly ADD node_modules/promise
4658 silly ADD node_modules/progress
4659 silly ADD node_modules/process-warning
4660 silly ADD node_modules/process
4661 silly ADD node_modules/proc-log
4662 silly ADD node_modules/pretty-format
4663 silly ADD node_modules/pretty-format/node_modules/ansi-styles
4664 silly ADD node_modules/prelude-ls
4665 silly ADD node_modules/prebuild-install
4666 silly ADD node_modules/postgres-interval
4667 silly ADD node_modules/postgres-date
4668 silly ADD node_modules/postgres-bytea
4669 silly ADD node_modules/postgres-array
4670 silly ADD node_modules/postcss-value-parser
4671 silly ADD node_modules/postcss-selector-parser
4672 silly ADD node_modules/postcss-modules-values
4673 silly ADD node_modules/postcss-modules-scope
4674 silly ADD node_modules/postcss-modules-local-by-default
4675 silly ADD node_modules/postcss-modules-extract-imports
4676 silly ADD node_modules/postcss
4677 silly ADD node_modules/possible-typed-array-names
4678 silly ADD node_modules/pkg-up
4679 silly ADD node_modules/pkg-up/node_modules/path-exists
4680 silly ADD node_modules/pkg-up/node_modules/p-locate
4681 silly ADD node_modules/pkg-up/node_modules/p-limit
4682 silly ADD node_modules/pkg-up/node_modules/locate-path
4683 silly ADD node_modules/pkg-up/node_modules/find-up
4684 silly ADD node_modules/pkg-dir
4685 silly ADD node_modules/pkg-dir/node_modules/p-locate
4686 silly ADD node_modules/pkg-dir/node_modules/p-limit
4687 silly ADD node_modules/pkg-dir/node_modules/locate-path
4688 silly ADD node_modules/pkg-dir/node_modules/find-up
4689 silly ADD node_modules/pirates
4690 silly ADD node_modules/pino-std-serializers
4691 silly ADD node_modules/pino-pretty
4692 silly ADD node_modules/pino-pretty/node_modules/readable-stream
4693 silly ADD node_modules/pino-pretty/node_modules/help-me
4694 silly ADD node_modules/pino-pretty/node_modules/buffer
4695 silly ADD node_modules/pino-abstract-transport
4696 silly ADD node_modules/pino-abstract-transport/node_modules/split2
4697 silly ADD node_modules/pino-abstract-transport/node_modules/readable-stream
4698 silly ADD node_modules/pino-abstract-transport/node_modules/buffer
4699 silly ADD node_modules/pino
4700 silly ADD node_modules/picomatch
4701 silly ADD node_modules/picocolors
4702 silly ADD node_modules/pgpass
4703 silly ADD node_modules/pgpass/node_modules/split2
4704 silly ADD node_modules/pg-types
4705 silly ADD node_modules/pg-protocol
4706 silly ADD node_modules/pg-pool
4707 silly ADD node_modules/pg-int8
4708 silly ADD node_modules/pg-connection-string
4709 silly ADD node_modules/pg-cloudflare
4710 silly ADD node_modules/pg
4711 silly ADD node_modules/pg/node_modules/pg-connection-string
4712 silly ADD node_modules/path-type
4713 silly ADD node_modules/path-to-regexp
4714 silly ADD node_modules/path-scurry
4715 silly ADD node_modules/path-scurry/node_modules/minipass
4716 silly ADD node_modules/path-scurry/node_modules/lru-cache
4717 silly ADD node_modules/path-parse
4718 silly ADD node_modules/path-key
4719 silly ADD node_modules/path-is-absolute
4720 silly ADD node_modules/path-exists
4721 silly ADD node_modules/parse-json
4722 silly ADD node_modules/parse-github-url
4723 silly ADD node_modules/parent-module
4724 silly ADD node_modules/pacote
4725 silly ADD node_modules/pacote/node_modules/minipass
4726 silly ADD node_modules/pacote/node_modules/fs-minipass
4727 silly ADD node_modules/pacote/node_modules/fs-minipass/node_modules/minipass
4728 silly ADD node_modules/package-json
4729 silly ADD node_modules/p-try
4730 silly ADD node_modules/p-map
4731 silly ADD node_modules/p-locate
4732 silly ADD node_modules/p-limit
4733 silly ADD node_modules/p-cancelable
4734 silly ADD node_modules/optionator
4735 silly ADD node_modules/onetime
4736 silly ADD node_modules/once
4737 silly ADD node_modules/on-exit-leak-free
4738 silly ADD node_modules/objection-unique
4739 silly ADD node_modules/objection
4740 silly ADD node_modules/objection/node_modules/json-schema-traverse
4741 silly ADD node_modules/objection/node_modules/ajv
4742 silly ADD node_modules/object.values
4743 silly ADD node_modules/object.groupby
4744 silly ADD node_modules/object.fromentries
4745 silly ADD node_modules/object.entries
4746 silly ADD node_modules/object.assign
4747 silly ADD node_modules/object-keys
4748 silly ADD node_modules/object-inspect
4749 silly ADD node_modules/object-assign
4750 silly ADD node_modules/npmlog
4751 silly ADD node_modules/npm-run-path
4752 silly ADD node_modules/npm-registry-fetch
4753 silly ADD node_modules/npm-registry-fetch/node_modules/minipass
4754 silly ADD node_modules/npm-pick-manifest
4755 silly ADD node_modules/npm-packlist
4756 silly ADD node_modules/npm-package-arg
4757 silly ADD node_modules/npm-package-arg/node_modules/lru-cache
4758 silly ADD node_modules/npm-package-arg/node_modules/hosted-git-info
4759 silly ADD node_modules/npm-normalize-package-bin
4760 silly ADD node_modules/npm-install-checks
4761 silly ADD node_modules/npm-check-updates
4762 silly ADD node_modules/npm-check-updates/node_modules/strip-json-comments
4763 silly ADD node_modules/npm-check-updates/node_modules/strip-ansi
4764 silly ADD node_modules/npm-check-updates/node_modules/source-map-support
4765 silly ADD node_modules/npm-check-updates/node_modules/rimraf
4766 silly ADD node_modules/npm-check-updates/node_modules/minimatch
4767 silly ADD node_modules/npm-check-updates/node_modules/ini
4768 silly ADD node_modules/npm-check-updates/node_modules/chalk
4769 silly ADD node_modules/npm-check-updates/node_modules/brace-expansion
4770 silly ADD node_modules/npm-check-updates/node_modules/ansi-regex
4771 silly ADD node_modules/npm-bundled
4772 silly ADD node_modules/normalize-url
4773 silly ADD node_modules/normalize-path
4774 silly ADD node_modules/normalize-package-data
4775 silly ADD node_modules/normalize-package-data/node_modules/lru-cache
4776 silly ADD node_modules/normalize-package-data/node_modules/hosted-git-info
4777 silly ADD node_modules/nopt
4778 silly ADD node_modules/node-releases
4779 silly ADD node_modules/node-int64
4780 silly ADD node_modules/node-gyp-build
4781 silly ADD node_modules/node-gyp
4782 silly ADD node_modules/node-gyp/node_modules/unique-slug
4783 silly ADD node_modules/node-gyp/node_modules/unique-filename
4784 silly ADD node_modules/node-gyp/node_modules/ssri
4785 silly ADD node_modules/node-gyp/node_modules/nopt
4786 silly ADD node_modules/node-gyp/node_modules/minipass-fetch
4787 silly ADD node_modules/node-gyp/node_modules/make-fetch-happen
4788 silly ADD node_modules/node-gyp/node_modules/lru-cache
4789 silly ADD node_modules/node-gyp/node_modules/glob
4790 silly ADD node_modules/node-gyp/node_modules/cacache
4791 silly ADD node_modules/node-gyp/node_modules/cacache/node_modules/minimatch
4792 silly ADD node_modules/node-gyp/node_modules/cacache/node_modules/glob
4793 silly ADD node_modules/node-gyp/node_modules/brace-expansion
4794 silly ADD node_modules/node-gyp/node_modules/@npmcli/fs
4795 silly ADD node_modules/node-addon-api
4796 silly ADD node_modules/node-abi
4797 silly ADD node_modules/next-tick
4798 silly ADD node_modules/neo-async
4799 silly ADD node_modules/negotiator
4800 silly ADD node_modules/natural-compare
4801 silly ADD node_modules/napi-build-utils
4802 silly ADD node_modules/nanoid
4803 silly ADD node_modules/mustache
4804 silly ADD node_modules/ms
4805 silly ADD node_modules/moment-timezone
4806 silly ADD node_modules/moment
4807 silly ADD node_modules/mkdirp-classic
4808 silly ADD node_modules/mkdirp
4809 silly ADD node_modules/minizlib
4810 silly ADD node_modules/minipass-sized
4811 silly ADD node_modules/minipass-pipeline
4812 silly ADD node_modules/minipass-json-stream
4813 silly ADD node_modules/minipass-flush
4814 silly ADD node_modules/minipass-fetch
4815 silly ADD node_modules/minipass-fetch/node_modules/minipass
4816 silly ADD node_modules/minipass-collect
4817 silly ADD node_modules/minipass
4818 silly ADD node_modules/minimist
4819 silly ADD node_modules/minimatch
4820 silly ADD node_modules/mini-css-extract-plugin
4821 silly ADD node_modules/mimic-response
4822 silly ADD node_modules/mimic-fn
4823 silly ADD node_modules/mime-types
4824 silly ADD node_modules/mime-db
4825 silly ADD node_modules/mime
4826 silly ADD node_modules/micromatch
4827 silly ADD node_modules/merge2
4828 silly ADD node_modules/merge-stream
4829 silly ADD node_modules/memoizee
4830 silly ADD node_modules/media-typer
4831 silly ADD node_modules/mdurl
4832 silly ADD node_modules/markdown-it
4833 silly ADD node_modules/makeerror
4834 silly ADD node_modules/make-promises-safe
4835 silly ADD node_modules/make-fetch-happen
4836 silly ADD node_modules/make-fetch-happen/node_modules/minipass
4837 silly ADD node_modules/make-fetch-happen/node_modules/lru-cache
4838 silly ADD node_modules/make-dir
4839 silly ADD node_modules/lru-queue
4840 silly ADD node_modules/lru-cache
4841 silly ADD node_modules/lru-cache/node_modules/yallist
4842 silly ADD node_modules/lowercase-keys
4843 silly ADD node_modules/lodash.merge
4844 silly ADD node_modules/lodash.isempty
4845 silly ADD node_modules/lodash.compact
4846 silly ADD node_modules/lodash.castarray
4847 silly ADD node_modules/lodash
4848 silly ADD node_modules/locate-path
4849 silly ADD node_modules/loader-runner
4850 silly ADD node_modules/linkify-it
4851 silly ADD node_modules/lines-and-columns
4852 silly ADD node_modules/light-my-request
4853 silly ADD node_modules/levn
4854 silly ADD node_modules/leven
4855 silly ADD node_modules/latest-version
4856 silly ADD node_modules/knex
4857 silly ADD node_modules/kleur
4858 silly ADD node_modules/kind-of
4859 silly ADD node_modules/keyv
4860 silly ADD node_modules/jstransformer-markdown-it
4861 silly ADD node_modules/jstransformer
4862 silly ADD node_modules/jsonparse
4863 silly ADD node_modules/jsonlines
4864 silly ADD node_modules/jsonfile
4865 silly ADD node_modules/json5
4866 silly ADD node_modules/json-stable-stringify-without-jsonify
4867 silly ADD node_modules/json-schema-traverse
4868 silly ADD node_modules/json-schema-ref-resolver
4869 silly ADD node_modules/json-parse-helpfulerror
4870 silly ADD node_modules/json-parse-even-better-errors
4871 silly ADD node_modules/json-buffer
4872 silly ADD node_modules/jsesc
4873 silly ADD node_modules/js-yaml
4874 silly ADD node_modules/js-tokens
4875 silly ADD node_modules/js-stringify
4876 silly ADD node_modules/js-cookie
4877 silly ADD node_modules/js-beautify
4878 silly ADD node_modules/js-beautify/node_modules/nopt
4879 silly ADD node_modules/js-beautify/node_modules/abbrev
4880 silly ADD node_modules/jquery
4881 silly ADD node_modules/joycon
4882 silly ADD node_modules/jju
4883 silly ADD node_modules/jest-worker
4884 silly ADD node_modules/jest-worker/node_modules/supports-color
4885 silly ADD node_modules/jest-watcher
4886 silly ADD node_modules/jest-validate
4887 silly ADD node_modules/jest-validate/node_modules/camelcase
4888 silly ADD node_modules/jest-util
4889 silly ADD node_modules/jest-snapshot
4890 silly ADD node_modules/jest-runtime
4891 silly ADD node_modules/jest-runtime/node_modules/glob
4892 silly ADD node_modules/jest-runner
4893 silly ADD node_modules/jest-resolve-dependencies
4894 silly ADD node_modules/jest-resolve
4895 silly ADD node_modules/jest-regex-util
4896 silly ADD node_modules/jest-pnp-resolver
4897 silly ADD node_modules/jest-mock
4898 silly ADD node_modules/jest-message-util
4899 silly ADD node_modules/jest-matcher-utils
4900 silly ADD node_modules/jest-leak-detector
4901 silly ADD node_modules/jest-haste-map
4902 silly ADD node_modules/jest-get-type
4903 silly ADD node_modules/jest-environment-node
4904 silly ADD node_modules/jest-each
4905 silly ADD node_modules/jest-docblock
4906 silly ADD node_modules/jest-diff
4907 silly ADD node_modules/jest-config
4908 silly ADD node_modules/jest-config/node_modules/glob
4909 silly ADD node_modules/jest-cli
4910 silly ADD node_modules/jest-circus
4911 silly ADD node_modules/jest-changed-files
4912 silly ADD node_modules/jest
4913 silly ADD node_modules/jackspeak
4914 silly ADD node_modules/istanbul-reports
4915 silly ADD node_modules/istanbul-lib-source-maps
4916 silly ADD node_modules/istanbul-lib-report
4917 silly ADD node_modules/istanbul-lib-instrument
4918 silly ADD node_modules/istanbul-lib-coverage
4919 silly ADD node_modules/isobject
4920 silly ADD node_modules/isexe
4921 silly ADD node_modules/isbinaryfile
4922 silly ADD node_modules/isarray
4923 silly ADD node_modules/is-yarn-global
4924 silly ADD node_modules/is-weakref
4925 silly ADD node_modules/is-typedarray
4926 silly ADD node_modules/is-typed-array
4927 silly ADD node_modules/is-symbol
4928 silly ADD node_modules/is-string
4929 silly ADD node_modules/is-stream
4930 silly ADD node_modules/is-shared-array-buffer
4931 silly ADD node_modules/is-regex
4932 silly ADD node_modules/is-promise
4933 silly ADD node_modules/is-plain-object
4934 silly ADD node_modules/is-path-inside
4935 silly ADD node_modules/is-obj
4936 silly ADD node_modules/is-number-object
4937 silly ADD node_modules/is-number
4938 silly ADD node_modules/is-npm
4939 silly ADD node_modules/is-negative-zero
4940 silly ADD node_modules/is-lambda
4941 silly ADD node_modules/is-installed-globally
4942 silly ADD node_modules/is-glob
4943 silly ADD node_modules/is-generator-fn
4944 silly ADD node_modules/is-fullwidth-code-point
4945 silly ADD node_modules/is-extglob
4946 silly ADD node_modules/is-expression
4947 silly ADD node_modules/is-expression/node_modules/acorn
4948 silly ADD node_modules/is-docker
4949 silly ADD node_modules/is-date-object
4950 silly ADD node_modules/is-data-view
4951 silly ADD node_modules/is-core-module
4952 silly ADD node_modules/is-ci
4953 silly ADD node_modules/is-callable
4954 silly ADD node_modules/is-boolean-object
4955 silly ADD node_modules/is-binary-path
4956 silly ADD node_modules/is-bigint
4957 silly ADD node_modules/is-arrayish
4958 silly ADD node_modules/is-array-buffer
4959 silly ADD node_modules/ipaddr.js
4960 silly ADD node_modules/ip
4961 silly ADD node_modules/interpret
4962 silly ADD node_modules/internal-slot
4963 silly ADD node_modules/ini
4964 silly ADD node_modules/inherits
4965 silly ADD node_modules/inflight
4966 silly ADD node_modules/inflection
4967 silly ADD node_modules/infer-owner
4968 silly ADD node_modules/indent-string
4969 silly ADD node_modules/imurmurhash
4970 silly ADD node_modules/import-local
4971 silly ADD node_modules/import-lazy
4972 silly ADD node_modules/import-fresh
4973 silly ADD node_modules/import-fresh/node_modules/resolve-from
4974 silly ADD node_modules/ignore-walk
4975 silly ADD node_modules/ignore-walk/node_modules/minimatch
4976 silly ADD node_modules/ignore-walk/node_modules/brace-expansion
4977 silly ADD node_modules/ignore
4978 silly ADD node_modules/ieee754
4979 silly ADD node_modules/icss-utils
4980 silly ADD node_modules/iconv-lite
4981 silly ADD node_modules/i18next
4982 silly ADD node_modules/humanize-ms
4983 silly ADD node_modules/human-signals
4984 silly ADD node_modules/https-proxy-agent
4985 silly ADD node_modules/http2-wrapper
4986 silly ADD node_modules/http-proxy-agent
4987 silly ADD node_modules/http-errors
4988 silly ADD node_modules/http-cache-semantics
4989 silly ADD node_modules/html-escaper
4990 silly ADD node_modules/hosted-git-info
4991 silly ADD node_modules/hosted-git-info/node_modules/lru-cache
4992 silly ADD node_modules/help-me
4993 silly ADD node_modules/help-me/node_modules/minimatch
4994 silly ADD node_modules/help-me/node_modules/glob
4995 silly ADD node_modules/help-me/node_modules/brace-expansion
4996 silly ADD node_modules/hasown
4997 silly ADD node_modules/hashlru
4998 silly ADD node_modules/has-yarn
4999 silly ADD node_modules/has-unicode
5000 silly ADD node_modules/has-tostringtag
5001 silly ADD node_modules/has-symbols
5002 silly ADD node_modules/has-proto
5003 silly ADD node_modules/has-property-descriptors
5004 silly ADD node_modules/has-flag
5005 silly ADD node_modules/has-bigints
5006 silly ADD node_modules/graphemer
5007 silly ADD node_modules/graceful-fs
5008 silly ADD node_modules/got
5009 silly ADD node_modules/gopd
5010 silly ADD node_modules/globby
5011 silly ADD node_modules/globalthis
5012 silly ADD node_modules/globals
5013 silly ADD node_modules/global-dirs
5014 silly ADD node_modules/glob-to-regexp
5015 silly ADD node_modules/glob-parent
5016 silly ADD node_modules/glob
5017 silly ADD node_modules/glob/node_modules/minipass
5018 silly ADD node_modules/glob/node_modules/minimatch
5019 silly ADD node_modules/glob/node_modules/brace-expansion
5020 silly ADD node_modules/github-from-package
5021 silly ADD node_modules/getopts
5022 silly ADD node_modules/get-symbol-description
5023 silly ADD node_modules/get-stream
5024 silly ADD node_modules/get-stdin
5025 silly ADD node_modules/get-package-type
5026 silly ADD node_modules/get-intrinsic
5027 silly ADD node_modules/get-caller-file
5028 silly ADD node_modules/gensync
5029 silly ADD node_modules/generify
5030 silly ADD node_modules/gauge
5031 silly ADD node_modules/functions-have-names
5032 silly ADD node_modules/function.prototype.name
5033 silly ADD node_modules/function-bind
5034 silly ADD
5035 silly ADD node_modules/fs.realpath
5036 silly ADD node_modules/fs-minipass
5037 silly ADD node_modules/fs-extra
5038 silly ADD node_modules/fs-constants
5039 silly ADD node_modules/fp-and-or
5040 silly ADD node_modules/forwarded
5041 silly ADD node_modules/form-data-encoder
5042 silly ADD node_modules/foreground-child
5043 silly ADD node_modules/foreground-child/node_modules/signal-exit
5044 silly ADD node_modules/for-each
5045 silly ADD node_modules/flatted
5046 silly ADD node_modules/flat-cache
5047 silly ADD node_modules/find-up
5048 silly ADD node_modules/find-my-way
5049 silly ADD node_modules/fill-range
5050 silly ADD node_modules/file-uri-to-path
5051 silly ADD node_modules/file-entry-cache
5052 silly ADD node_modules/fb-watchman
5053 silly ADD node_modules/fastq
5054 silly ADD node_modules/fastify-reverse-routes
5055 silly ADD node_modules/fastify-plugin
5056 silly ADD node_modules/fastify-objectionjs
5057 silly ADD node_modules/fastify-objectionjs/node_modules/pg-connection-string
5058 silly ADD node_modules/fastify-objectionjs/node_modules/knex
5059 silly ADD node_modules/fastify-objectionjs/node_modules/fastify-plugin
5060 silly ADD node_modules/fastify-method-override
5061 silly ADD node_modules/fastify-method-override/node_modules/fastify-plugin
5062 silly ADD node_modules/fastify-error-page
5063 silly ADD node_modules/fastify-error-page/node_modules/fastify-plugin
5064 silly ADD node_modules/fastify-cli
5065 silly ADD node_modules/fastify-cli/node_modules/readable-stream
5066 silly ADD node_modules/fastify-cli/node_modules/pino-pretty
5067 silly ADD node_modules/fastify-cli/node_modules/pino-pretty/node_modules/help-me
5068 silly ADD node_modules/fastify-cli/node_modules/fastify-plugin
5069 silly ADD node_modules/fastify-cli/node_modules/buffer
5070 silly ADD node_modules/fastify
5071 silly ADD node_modules/fastest-levenshtein
5072 silly ADD node_modules/fast-uri
5073 silly ADD node_modules/fast-safe-stringify
5074 silly ADD node_modules/fast-redact
5075 silly ADD node_modules/fast-querystring
5076 silly ADD node_modules/fast-memoize
5077 silly ADD node_modules/fast-levenshtein
5078 silly ADD node_modules/fast-json-stringify
5079 silly ADD node_modules/fast-json-stringify/node_modules/json-schema-traverse
5080 silly ADD node_modules/fast-json-stringify/node_modules/ajv-formats
5081 silly ADD node_modules/fast-json-stringify/node_modules/ajv
5082 silly ADD node_modules/fast-json-stable-stringify
5083 silly ADD node_modules/fast-glob
5084 silly ADD node_modules/fast-glob/node_modules/glob-parent
5085 silly ADD node_modules/fast-deep-equal
5086 silly ADD node_modules/fast-decode-uri-component
5087 silly ADD node_modules/fast-copy
5088 silly ADD node_modules/fast-content-type-parse
5089 silly ADD node_modules/ext
5090 silly ADD node_modules/exponential-backoff
5091 silly ADD node_modules/expect
5092 silly ADD node_modules/expand-template
5093 silly ADD node_modules/exit
5094 silly ADD node_modules/execa
5095 silly ADD node_modules/events
5096 silly ADD node_modules/event-target-shim
5097 silly ADD node_modules/event-emitter
5098 silly ADD node_modules/esutils
5099 silly ADD node_modules/estraverse
5100 silly ADD node_modules/esrecurse
5101 silly ADD node_modules/esquery
5102 silly ADD node_modules/esprima
5103 silly ADD node_modules/espree
5104 silly ADD node_modules/espree/node_modules/eslint-visitor-keys
5105 silly ADD node_modules/esniff
5106 silly ADD node_modules/esm
5107 silly ADD node_modules/eslint-visitor-keys
5108 silly ADD node_modules/eslint-scope
5109 silly ADD node_modules/eslint-plugin-import
5110 silly ADD node_modules/eslint-plugin-import/node_modules/semver
5111 silly ADD node_modules/eslint-plugin-import/node_modules/doctrine
5112 silly ADD node_modules/eslint-plugin-import/node_modules/debug
5113 silly ADD node_modules/eslint-module-utils
5114 silly ADD node_modules/eslint-module-utils/node_modules/debug
5115 silly ADD node_modules/eslint-import-resolver-node
5116 silly ADD node_modules/eslint-import-resolver-node/node_modules/debug
5117 silly ADD node_modules/eslint-config-airbnb-base
5118 silly ADD node_modules/eslint-config-airbnb-base/node_modules/semver
5119 silly ADD node_modules/eslint
5120 silly ADD node_modules/eslint/node_modules/globals
5121 silly ADD node_modules/eslint/node_modules/espree
5122 silly ADD node_modules/eslint/node_modules/escape-string-regexp
5123 silly ADD node_modules/eslint/node_modules/@eslint/js
5124 silly ADD node_modules/eslint/node_modules/@eslint/eslintrc
5125 silly ADD node_modules/escape-string-regexp
5126 silly ADD node_modules/escape-html
5127 silly ADD node_modules/escape-goat
5128 silly ADD node_modules/escalade
5129 silly ADD node_modules/es6-weak-map
5130 silly ADD node_modules/es6-symbol
5131 silly ADD node_modules/es6-iterator
5132 silly ADD node_modules/es5-ext
5133 silly ADD node_modules/es-to-primitive
5134 silly ADD node_modules/es-shim-unscopables
5135 silly ADD node_modules/es-set-tostringtag
5136 silly ADD node_modules/es-object-atoms
5137 silly ADD node_modules/es-module-lexer
5138 silly ADD node_modules/es-errors
5139 silly ADD node_modules/es-define-property
5140 silly ADD node_modules/es-abstract
5141 silly ADD node_modules/error-ex
5142 silly ADD node_modules/err-code
5143 silly ADD node_modules/envinfo
5144 silly ADD node_modules/env-paths
5145 silly ADD node_modules/entities
5146 silly ADD node_modules/enhanced-resolve
5147 silly ADD node_modules/end-of-stream
5148 silly ADD node_modules/encoding
5149 silly ADD node_modules/emoji-regex
5150 silly ADD node_modules/emittery
5151 silly ADD node_modules/electron-to-chromium
5152 silly ADD node_modules/editorconfig
5153 silly ADD node_modules/editorconfig/node_modules/minimatch
5154 silly ADD node_modules/editorconfig/node_modules/brace-expansion
5155 silly ADD node_modules/eastasianwidth
5156 silly ADD node_modules/dottie
5157 silly ADD node_modules/dotenv
5158 silly ADD node_modules/dot-prop
5159 silly ADD node_modules/doctypes
5160 silly ADD node_modules/doctrine
5161 silly ADD node_modules/dir-glob
5162 silly ADD node_modules/diff-sequences
5163 silly ADD node_modules/detect-newline
5164 silly ADD node_modules/detect-libc
5165 silly ADD node_modules/depd
5166 silly ADD node_modules/delegates
5167 silly ADD node_modules/define-properties
5168 silly ADD node_modules/define-data-property
5169 silly ADD node_modules/defer-to-connect
5170 silly ADD node_modules/deepmerge
5171 silly ADD node_modules/deep-is
5172 silly ADD node_modules/deep-extend
5173 silly ADD node_modules/dedent
5174 silly ADD node_modules/decompress-response
5175 silly ADD node_modules/decompress-response/node_modules/mimic-response
5176 silly ADD node_modules/debug
5177 silly ADD node_modules/debug/node_modules/ms
5178 silly ADD node_modules/db-errors
5179 silly ADD node_modules/dateformat
5180 silly ADD node_modules/date-fns
5181 silly ADD node_modules/data-view-byte-offset
5182 silly ADD node_modules/data-view-byte-length
5183 silly ADD node_modules/data-view-buffer
5184 silly ADD node_modules/d
5185 silly ADD node_modules/cssesc
5186 silly ADD node_modules/css-loader
5187 silly ADD node_modules/crypto-random-string
5188 silly ADD node_modules/crypto-random-string/node_modules/type-fest
5189 silly ADD node_modules/cross-spawn
5190 silly ADD node_modules/create-jest
5191 silly ADD node_modules/cookie-signature
5192 silly ADD node_modules/cookie
5193 silly ADD node_modules/convert-source-map
5194 silly ADD node_modules/content-disposition
5195 silly ADD node_modules/constantinople
5196 silly ADD node_modules/console-control-strings
5197 silly ADD node_modules/confusing-browser-globals
5198 silly ADD node_modules/configstore
5199 silly ADD node_modules/configstore/node_modules/write-file-atomic
5200 silly ADD node_modules/config-chain
5201 silly ADD node_modules/config-chain/node_modules/ini
5202 silly ADD node_modules/concurrently
5203 silly ADD node_modules/concurrently/node_modules/supports-color
5204 silly ADD node_modules/concat-map
5205 silly ADD node_modules/commist
5206 silly ADD node_modules/commander
5207 silly ADD node_modules/colorette
5208 silly ADD node_modules/color-support
5209 silly ADD node_modules/color-name
5210 silly ADD node_modules/color-convert
5211 silly ADD node_modules/collect-v8-coverage
5212 silly ADD node_modules/co
5213 silly ADD node_modules/close-with-grace
5214 silly ADD node_modules/clone-response
5215 silly ADD node_modules/clone-deep
5216 silly ADD node_modules/cliui
5217 silly ADD node_modules/cliui/node_modules/wrap-ansi
5218 silly ADD node_modules/cli-table3
5219 silly ADD node_modules/cli-color
5220 silly ADD node_modules/cli-boxes
5221 silly ADD node_modules/clean-stack
5222 silly ADD node_modules/cjs-module-lexer
5223 silly ADD node_modules/ci-info
5224 silly ADD node_modules/chrome-trace-event
5225 silly ADD node_modules/chownr
5226 silly ADD node_modules/chokidar
5227 silly ADD node_modules/chokidar/node_modules/glob-parent
5228 silly ADD node_modules/character-parser
5229 silly ADD node_modules/char-regex
5230 silly ADD node_modules/chalk
5231 silly ADD node_modules/caniuse-lite
5232 silly ADD node_modules/camelcase
5233 silly ADD node_modules/callsites
5234 silly ADD node_modules/call-bind
5235 silly ADD node_modules/cacheable-request
5236 silly ADD node_modules/cacheable-request/node_modules/lowercase-keys
5237 silly ADD node_modules/cacheable-request/node_modules/get-stream
5238 silly ADD node_modules/cacheable-lookup
5239 silly ADD node_modules/cacache
5240 silly ADD node_modules/cacache/node_modules/unique-slug
5241 silly ADD node_modules/cacache/node_modules/unique-filename
5242 silly ADD node_modules/cacache/node_modules/minipass
5243 silly ADD node_modules/cacache/node_modules/lru-cache
5244 silly ADD node_modules/cacache/node_modules/fs-minipass
5245 silly ADD node_modules/builtins
5246 silly ADD node_modules/buffer-from
5247 silly ADD node_modules/buffer
5248 silly ADD node_modules/bser
5249 silly ADD node_modules/browserslist
5250 silly ADD node_modules/braces
5251 silly ADD node_modules/brace-expansion
5252 silly ADD node_modules/boxen
5253 silly ADD node_modules/boxen/node_modules/type-fest
5254 silly ADD node_modules/boxen/node_modules/strip-ansi
5255 silly ADD node_modules/boxen/node_modules/string-width
5256 silly ADD node_modules/boxen/node_modules/emoji-regex
5257 silly ADD node_modules/boxen/node_modules/chalk
5258 silly ADD node_modules/boxen/node_modules/camelcase
5259 silly ADD node_modules/boxen/node_modules/ansi-regex
5260 silly ADD node_modules/bootstrap
5261 silly ADD node_modules/bluebird
5262 silly ADD node_modules/bl
5263 silly ADD node_modules/bindings
5264 silly ADD node_modules/binary-extensions
5265 silly ADD node_modules/better-sqlite3
5266 silly ADD node_modules/base64-js
5267 silly ADD node_modules/balanced-match
5268 silly ADD node_modules/babel-walk
5269 silly ADD node_modules/babel-preset-jest
5270 silly ADD node_modules/babel-preset-current-node-syntax
5271 silly ADD node_modules/babel-plugin-jest-hoist
5272 silly ADD node_modules/babel-plugin-istanbul
5273 silly ADD node_modules/babel-plugin-istanbul/node_modules/semver
5274 silly ADD node_modules/babel-plugin-istanbul/node_modules/istanbul-lib-instrument
5275 silly ADD node_modules/babel-jest
5276 silly ADD node_modules/avvio
5277 silly ADD node_modules/available-typed-arrays
5278 silly ADD node_modules/atomic-sleep
5279 silly ADD node_modules/at-least-node
5280 silly ADD node_modules/assert-never
5281 silly ADD node_modules/asap
5282 silly ADD node_modules/arraybuffer.prototype.slice
5283 silly ADD node_modules/array.prototype.flatmap
5284 silly ADD node_modules/array.prototype.flat
5285 silly ADD node_modules/array.prototype.findlastindex
5286 silly ADD node_modules/array-union
5287 silly ADD node_modules/array-includes
5288 silly ADD node_modules/array-buffer-byte-length
5289 silly ADD node_modules/argparse
5290 silly ADD node_modules/are-we-there-yet
5291 silly ADD node_modules/archy
5292 silly ADD node_modules/aproba
5293 silly ADD node_modules/anymatch
5294 silly ADD node_modules/ansi-styles
5295 silly ADD node_modules/ansi-regex
5296 silly ADD node_modules/ansi-escapes
5297 silly ADD node_modules/ansi-escapes/node_modules/type-fest
5298 silly ADD node_modules/ansi-align
5299 silly ADD node_modules/ajv-keywords
5300 silly ADD node_modules/ajv-formats
5301 silly ADD node_modules/ajv-formats/node_modules/json-schema-traverse
5302 silly ADD node_modules/ajv-formats/node_modules/ajv
5303 silly ADD node_modules/ajv
5304 silly ADD node_modules/aggregate-error
5305 silly ADD node_modules/agentkeepalive
5306 silly ADD node_modules/agentkeepalive/node_modules/depd
5307 silly ADD node_modules/agent-base
5308 silly ADD node_modules/acorn-jsx
5309 silly ADD node_modules/acorn-import-assertions
5310 silly ADD node_modules/acorn
5311 silly ADD node_modules/abstract-logging
5312 silly ADD node_modules/abort-controller
5313 silly ADD node_modules/abbrev
5314 silly ADD node_modules/@xtuc/long
5315 silly ADD node_modules/@xtuc/ieee754
5316 silly ADD node_modules/@webpack-cli/serve
5317 silly ADD node_modules/@webpack-cli/info
5318 silly ADD node_modules/@webpack-cli/configtest
5319 silly ADD node_modules/@webassemblyjs/wast-printer
5320 silly ADD node_modules/@webassemblyjs/wasm-parser
5321 silly ADD node_modules/@webassemblyjs/wasm-opt
5322 silly ADD node_modules/@webassemblyjs/wasm-gen
5323 silly ADD node_modules/@webassemblyjs/wasm-edit
5324 silly ADD node_modules/@webassemblyjs/utf8
5325 silly ADD node_modules/@webassemblyjs/leb128
5326 silly ADD node_modules/@webassemblyjs/ieee754
5327 silly ADD node_modules/@webassemblyjs/helper-wasm-section
5328 silly ADD node_modules/@webassemblyjs/helper-wasm-bytecode
5329 silly ADD node_modules/@webassemblyjs/helper-numbers
5330 silly ADD node_modules/@webassemblyjs/helper-buffer
5331 silly ADD node_modules/@webassemblyjs/helper-api-error
5332 silly ADD node_modules/@webassemblyjs/floating-point-hex-parser
5333 silly ADD node_modules/@webassemblyjs/ast
5334 silly ADD node_modules/@vscode/sqlite3
5335 silly ADD node_modules/@ungap/structured-clone
5336 silly ADD node_modules/@types/yargs-parser
5337 silly ADD node_modules/@types/yargs
5338 silly ADD node_modules/@types/validator
5339 silly ADD node_modules/@types/stack-utils
5340 silly ADD node_modules/@types/stack-trace
5341 silly ADD node_modules/@types/semver-utils
5342 silly ADD node_modules/@types/responselike
5343 silly ADD node_modules/@types/node
5344 silly ADD node_modules/@types/ms
5345 silly ADD node_modules/@types/keyv
5346 silly ADD node_modules/@types/json5
5347 silly ADD node_modules/@types/json-schema
5348 silly ADD node_modules/@types/jest
5349 silly ADD node_modules/@types/istanbul-reports
5350 silly ADD node_modules/@types/istanbul-lib-report
5351 silly ADD node_modules/@types/istanbul-lib-coverage
5352 silly ADD node_modules/@types/http-cache-semantics
5353 silly ADD node_modules/@types/graceful-fs
5354 silly ADD node_modules/@types/estree
5355 silly ADD node_modules/@types/eslint-scope
5356 silly ADD node_modules/@types/eslint
5357 silly ADD node_modules/@types/debug
5358 silly ADD node_modules/@types/cacheable-request
5359 silly ADD node_modules/@types/babel__traverse
5360 silly ADD node_modules/@types/babel__template
5361 silly ADD node_modules/@types/babel__generator
5362 silly ADD node_modules/@types/babel__core
5363 silly ADD node_modules/@tufjs/models
5364 silly ADD node_modules/@tufjs/models/node_modules/minimatch
5365 silly ADD node_modules/@tufjs/models/node_modules/brace-expansion
5366 silly ADD node_modules/@tufjs/canonical-json
5367 silly ADD node_modules/@tootallnate/once
5368 silly ADD node_modules/@szmarczak/http-timer
5369 silly ADD node_modules/@sinonjs/fake-timers
5370 silly ADD node_modules/@sinonjs/commons
5371 silly ADD node_modules/@sindresorhus/is
5372 silly ADD node_modules/@sinclair/typebox
5373 silly ADD node_modules/@sigstore/tuf
5374 silly ADD node_modules/@sigstore/sign
5375 silly ADD node_modules/@sigstore/protobuf-specs
5376 silly ADD node_modules/@sigstore/bundle
5377 silly ADD node_modules/@rails/ujs
5378 silly ADD node_modules/@popperjs/core
5379 silly ADD node_modules/@pnpm/npm-conf
5380 silly ADD node_modules/@pnpm/network.ca-file
5381 silly ADD node_modules/@pkgjs/parseargs
5382 silly ADD node_modules/@one-ini/wasm
5383 silly ADD node_modules/@npmcli/run-script
5384 silly ADD node_modules/@npmcli/run-script/node_modules/which
5385 silly ADD node_modules/@npmcli/promise-spawn
5386 silly ADD node_modules/@npmcli/promise-spawn/node_modules/which
5387 silly ADD node_modules/@npmcli/node-gyp
5388 silly ADD node_modules/@npmcli/move-file
5389 silly ADD node_modules/@npmcli/installed-package-contents
5390 silly ADD node_modules/@npmcli/git
5391 silly ADD node_modules/@npmcli/git/node_modules/which
5392 silly ADD node_modules/@npmcli/git/node_modules/lru-cache
5393 silly ADD node_modules/@npmcli/fs
5394 silly ADD node_modules/@nodelib/fs.walk
5395 silly ADD node_modules/@nodelib/fs.stat
5396 silly ADD node_modules/@nodelib/fs.scandir
5397 silly ADD node_modules/@lukeed/ms
5398 silly ADD node_modules/@jridgewell/trace-mapping
5399 silly ADD node_modules/@jridgewell/sourcemap-codec
5400 silly ADD node_modules/@jridgewell/source-map
5401 silly ADD node_modules/@jridgewell/set-array
5402 silly ADD node_modules/@jridgewell/resolve-uri
5403 silly ADD node_modules/@jridgewell/gen-mapping
5404 silly ADD node_modules/@jest/types
5405 silly ADD node_modules/@jest/transform
5406 silly ADD node_modules/@jest/test-sequencer
5407 silly ADD node_modules/@jest/test-result
5408 silly ADD node_modules/@jest/source-map
5409 silly ADD node_modules/@jest/schemas
5410 silly ADD node_modules/@jest/reporters
5411 silly ADD node_modules/@jest/reporters/node_modules/glob
5412 silly ADD node_modules/@jest/globals
5413 silly ADD node_modules/@jest/fake-timers
5414 silly ADD node_modules/@jest/expect-utils
5415 silly ADD node_modules/@jest/expect
5416 silly ADD node_modules/@jest/environment
5417 silly ADD node_modules/@jest/core
5418 silly ADD node_modules/@jest/console
5419 silly ADD node_modules/@istanbuljs/schema
5420 silly ADD node_modules/@istanbuljs/load-nyc-config
5421 silly ADD node_modules/@istanbuljs/load-nyc-config/node_modules/p-locate
5422 silly ADD node_modules/@istanbuljs/load-nyc-config/node_modules/p-limit
5423 silly ADD node_modules/@istanbuljs/load-nyc-config/node_modules/locate-path
5424 silly ADD node_modules/@istanbuljs/load-nyc-config/node_modules/js-yaml
5425 silly ADD node_modules/@istanbuljs/load-nyc-config/node_modules/find-up
5426 silly ADD node_modules/@istanbuljs/load-nyc-config/node_modules/argparse
5427 silly ADD node_modules/@isaacs/cliui
5428 silly ADD node_modules/@isaacs/cliui/node_modules/strip-ansi
5429 silly ADD node_modules/@isaacs/cliui/node_modules/string-width
5430 silly ADD node_modules/@isaacs/cliui/node_modules/emoji-regex
5431 silly ADD node_modules/@isaacs/cliui/node_modules/ansi-regex
5432 silly ADD node_modules/@humanwhocodes/object-schema
5433 silly ADD node_modules/@humanwhocodes/module-importer
5434 silly ADD node_modules/@humanwhocodes/config-array
5435 silly ADD node_modules/@gar/promisify
5436 silly ADD node_modules/@fastify/view
5437 silly ADD node_modules/@fastify/view/node_modules/fastify-plugin
5438 silly ADD node_modules/@fastify/static
5439 silly ADD node_modules/@fastify/static/node_modules/fastify-plugin
5440 silly ADD node_modules/@fastify/sensible
5441 silly ADD node_modules/@fastify/sensible/node_modules/fastify-plugin
5442 silly ADD node_modules/@fastify/send
5443 silly ADD node_modules/@fastify/secure-session
5444 silly ADD node_modules/@fastify/secure-session/node_modules/fastify-plugin
5445 silly ADD node_modules/@fastify/merge-json-schemas
5446 silly ADD node_modules/@fastify/formbody
5447 silly ADD node_modules/@fastify/formbody/node_modules/fastify-plugin
5448 silly ADD node_modules/@fastify/flash
5449 silly ADD node_modules/@fastify/flash/node_modules/fastify-plugin
5450 silly ADD node_modules/@fastify/fast-json-stringify-compiler
5451 silly ADD node_modules/@fastify/error
5452 silly ADD node_modules/@fastify/deepmerge
5453 silly ADD node_modules/@fastify/cookie
5454 silly ADD node_modules/@fastify/cookie/node_modules/fastify-plugin
5455 silly ADD node_modules/@fastify/ajv-compiler
5456 silly ADD node_modules/@fastify/ajv-compiler/node_modules/json-schema-traverse
5457 silly ADD node_modules/@fastify/ajv-compiler/node_modules/ajv
5458 silly ADD node_modules/@fastify/accept-negotiator
5459 silly ADD node_modules/@eslint/js
5460 silly ADD node_modules/@eslint/eslintrc
5461 silly ADD node_modules/@eslint/eslintrc/node_modules/globals
5462 silly ADD node_modules/@eslint-community/regexpp
5463 silly ADD node_modules/@eslint-community/eslint-utils
5464 silly ADD node_modules/@discoveryjs/json-ext
5465 silly ADD node_modules/@colors/colors
5466 silly ADD node_modules/@bcoe/v8-coverage
5467 silly ADD node_modules/@babel/types
5468 silly ADD node_modules/@babel/traverse
5469 silly ADD node_modules/@babel/traverse/node_modules/globals
5470 silly ADD node_modules/@babel/template
5471 silly ADD node_modules/@babel/runtime
5472 silly ADD node_modules/@babel/plugin-syntax-typescript
5473 silly ADD node_modules/@babel/plugin-syntax-top-level-await
5474 silly ADD node_modules/@babel/plugin-syntax-optional-chaining
5475 silly ADD node_modules/@babel/plugin-syntax-optional-catch-binding
5476 silly ADD node_modules/@babel/plugin-syntax-object-rest-spread
5477 silly ADD node_modules/@babel/plugin-syntax-numeric-separator
5478 silly ADD node_modules/@babel/plugin-syntax-nullish-coalescing-operator
5479 silly ADD node_modules/@babel/plugin-syntax-logical-assignment-operators
5480 silly ADD node_modules/@babel/plugin-syntax-jsx
5481 silly ADD node_modules/@babel/plugin-syntax-json-strings
5482 silly ADD node_modules/@babel/plugin-syntax-import-meta
5483 silly ADD node_modules/@babel/plugin-syntax-class-properties
5484 silly ADD node_modules/@babel/plugin-syntax-bigint
5485 silly ADD node_modules/@babel/plugin-syntax-async-generators
5486 silly ADD node_modules/@babel/parser
5487 silly ADD node_modules/@babel/highlight
5488 silly ADD node_modules/@babel/highlight/node_modules/supports-color
5489 silly ADD node_modules/@babel/highlight/node_modules/has-flag
5490 silly ADD node_modules/@babel/highlight/node_modules/color-name
5491 silly ADD node_modules/@babel/highlight/node_modules/color-convert
5492 silly ADD node_modules/@babel/highlight/node_modules/chalk
5493 silly ADD node_modules/@babel/highlight/node_modules/ansi-styles
5494 silly ADD node_modules/@babel/helpers
5495 silly ADD node_modules/@babel/helper-validator-option
5496 silly ADD node_modules/@babel/helper-validator-identifier
5497 silly ADD node_modules/@babel/helper-string-parser
5498 silly ADD node_modules/@babel/helper-split-export-declaration
5499 silly ADD node_modules/@babel/helper-simple-access
5500 silly ADD node_modules/@babel/helper-plugin-utils
5501 silly ADD node_modules/@babel/helper-module-transforms
5502 silly ADD node_modules/@babel/helper-module-imports
5503 silly ADD node_modules/@babel/helper-hoist-variables
5504 silly ADD node_modules/@babel/helper-function-name
5505 silly ADD node_modules/@babel/helper-environment-visitor
5506 silly ADD node_modules/@babel/helper-compilation-targets
5507 silly ADD node_modules/@babel/helper-compilation-targets/node_modules/semver
5508 silly ADD node_modules/@babel/generator
5509 silly ADD node_modules/@babel/core
5510 silly ADD node_modules/@babel/core/node_modules/semver
5511 silly ADD node_modules/@babel/compat-data
5512 silly ADD node_modules/@babel/code-frame
5513 silly ADD node_modules/@ampproject/remapping
5514 silly ADD node_modules/@aashutoshrathi/word-wrap
5515 timing command:install Completed in 146016ms
5516 verbose exit 0
5517 timing npm Completed in 146178ms
5518 info ok
